[1corinthians 1:4] B: ru[0]="Непрестанно" → gr[4]="πάντοτε" downgraded to u
[1corinthians 1:12] B: ru[2]="то," → gr[2]="τοῦτο" downgraded to u
[1corinthians 1:12] B: ru[4]="у" → gr[4]="ἕκαστος" downgraded to u
[1corinthians 1:12] B: ru[13]="`а" → gr[12]="δὲ" downgraded to u
[1corinthians 1:13] B: ru[3]="разве" → gr[3]="μὴ" downgraded to u
[1corinthians 1:16] B: ru[2]="также" → gr[2]="καὶ" downgraded to u
[1corinthians 1:16] B: ru[5]="а" → gr[6]="λοιπὸν" downgraded to u
[1corinthians 1:18] B: ru[2]="о" → gr[0]="Ὁ" downgraded to u
[1corinthians 1:20] B: ru[0]="Где" → gr[0]="ποῦ" downgraded to u
[1corinthians 1:20] B: ru[2]="где" → gr[2]="ποῦ" downgraded to u
[1corinthians 1:20] B: ru[4]="где" → gr[4]="ποῦ" downgraded to u
[1corinthians 1:20] B: ru[8]="Не" → gr[9]="οὐχὶ" downgraded to u
[1corinthians 1:21] B: ru[3]="своею" → gr[5]="τοῦ" downgraded to u
[1corinthians 1:21] B: ru[13]="было" → gr[17]="ὁ" downgraded to u
[1corinthians 1:28] B: ru[5]="и" → gr[9]="ὁ" downgraded to u
[1corinthians 2:6] B: ru[12]="не" → gr[13]="τῶν" downgraded to u
[1corinthians 2:7] B: ru[9]="прежде" → gr[12]="πρὸ" downgraded to u
[1corinthians 2:8] B: ru[2]="из" → gr[2]="τῶν" downgraded to u
[1corinthians 2:8] B: ru[15]="бы" → gr[13]="τὸν" downgraded to u
[1corinthians 2:11] B: ru[5]="что" → gr[4]="τὰ" downgraded to u
[1corinthians 2:11] B: ru[8]="кроме" → gr[9]="τὸ" downgraded to u
[1corinthians 2:11] B: ru[11]="живущего" → gr[13]="τὸ" downgraded to u
[1corinthians 2:11] B: ru[20]="кроме" → gr[25]="τὸ" downgraded to u
[1corinthians 2:12] B: ru[6]="сего," → gr[5]="τοῦ" downgraded to u
[1corinthians 2:13] B: ru[0]="что" → gr[0]="ἃ" downgraded to u
[1corinthians 2:14] B: ru[5]="что" → gr[5]="τὰ" downgraded to u
[1corinthians 2:14] B: ru[6]="от" → gr[6]="τοῦ" downgraded to u
[1corinthians 2:14] B: ru[25]="духовно." → gr[19]="πνευματικῶς" downgraded to u
[1corinthians 2:16] B: ru[5]="чтобы" → gr[5]="ὃς" downgraded to u
[1corinthians 3:2] B: ru[17]="теперь" → gr[11]="νῦν" downgraded to u
[1corinthians 3:3] B: ru[3]="еще" → gr[0]="ἔτι" downgraded to u
[1corinthians 3:3] B: ru[14]="не" → gr[11]="οὐχὶ" downgraded to u
[1corinthians 3:5] B: ru[13]="поскольку" → gr[14]="ὡς" downgraded to u
[1corinthians 3:7] B: ru[0]="посему" → gr[0]="ὥστε" downgraded to u
[1corinthians 3:10] B: ru[4]="от" → gr[5]="τὴν" downgraded to u
[1corinthians 3:11] B: ru[7]="кроме" → gr[6]="παρὰ" downgraded to u
[1corinthians 3:13] A2: +added ru[17]="оно" ↔ gr[21]="αὐτὸ"
[1corinthians 3:14] B: ru[7]="тот" → gr[2]="τὸ" downgraded to u
[1corinthians 3:15] B: ru[8]="впрочем" → gr[7]="δὲ" downgraded to u
[1corinthians 3:15] B: ru[5]="тот" → gr[2]="τὸ" downgraded to u
[1corinthians 3:18] B: ru[15]="тот" → gr[11]="τῷ" downgraded to u
[1corinthians 3:20] B: ru[1]="еще:" → gr[1]="πάλιν" downgraded to u
[1corinthians 3:21] B: ru[0]="Итак" → gr[0]="ὥστε" downgraded to u
[1corinthians 4:1] B: ru[0]="Итак" → gr[0]="Οὕτως" downgraded to u
[1corinthians 4:2] B: ru[2]="же" → gr[1]="λοιπὸν" downgraded to u
[1corinthians 4:3] B: ru[7]="обо" → gr[6]="ὑφ" downgraded to u
[1corinthians 4:5] B: ru[0]="Посему" → gr[0]="ὥστε" downgraded to u
[1corinthians 4:5] B: ru[3]="никак" → gr[1]="μὴ" downgraded to u
[1corinthians 4:5] B: ru[4]="прежде" → gr[2]="πρὸ" downgraded to u
[1corinthians 4:5] B: ru[6]="пока" → gr[6]="ἕως" downgraded to u
[1corinthians 4:5] B: ru[21]="тогда" → gr[25]="τότε" downgraded to u
[1corinthians 4:6] B: ru[17]="сверх" → gr[16]="ὑπὲρ" downgraded to u
[1corinthians 4:6] B: ru[19]="что" → gr[17]="ἃ" downgraded to u
[1corinthians 4:6] B: ru[25]="перед" → gr[26]="κατὰ" downgraded to u
[1corinthians 4:7] B: ru[4]="Что" → gr[4]="τί" downgraded to u
[1corinthians 4:7] B: ru[14]="что" → gr[14]="τί" downgraded to u
[1corinthians 4:8] B: ru[1]="уже" → gr[0]="Ἤδη" downgraded to u
[1corinthians 4:8] B: ru[4]="уже" → gr[3]="ἤδη" downgraded to u
[1corinthians 4:8] B: ru[13]="бы" → gr[9]="ὄφελόν" downgraded to u
[1corinthians 4:9] B: ru[20]="для" → gr[14]="τῷ" downgraded to u
[1corinthians 4:11] B: ru[1]="доныне" → gr[2]="ἄρτι" downgraded to u
[1corinthians 4:13] B: ru[7]="для" → gr[4]="τοῦ" downgraded to u
[1corinthians 4:13] B: ru[13]="доныне." → gr[10]="ἄρτι" downgraded to u
[1corinthians 4:15] B: ru[1]="хотя" → gr[0]="ἐὰν" downgraded to u
[1corinthians 4:16] B: ru[0]="Посему" → gr[1]="οὖν" downgraded to u
[1corinthians 4:17] B: ru[17]="о" → gr[17]="τὰς" downgraded to u
[1corinthians 4:17] B: ru[25]="везде" → gr[25]="πανταχοῦ" downgraded to u
[1corinthians 4:19] B: ru[2]="скоро" → gr[2]="ταχέως" downgraded to u
[1corinthians 5:1] B: ru[1]="верный" → gr[0]="Ὅλως" downgraded to u
[1corinthians 5:1] B: ru[25]="своего." → gr[16]="τοῦ" downgraded to u
[1corinthians 5:2] B: ru[4]="того," → gr[5]="οὐχὶ" downgraded to u
[1corinthians 5:2] B: ru[6]="лучше" → gr[6]="μᾶλλον" downgraded to u
[1corinthians 5:3] B: ru[9]="уже" → gr[10]="ἤδη" downgraded to u
[1corinthians 5:3] B: ru[15]="вас:" → gr[15]="οὕτως" downgraded to u
[1corinthians 5:4] B: ru[3]="во" → gr[1]="τῷ" downgraded to u
[1corinthians 5:4] B: ru[9]="обще" → gr[9]="καὶ" downgraded to u
[1corinthians 5:6] B: ru[0]="Нечем" → gr[0]="Οὐ" downgraded to u
[1corinthians 5:8] B: ru[0]="Посему" → gr[0]="ὥστε" downgraded to u
[1corinthians 5:10] B: ru[2]="вообще" → gr[1]="πάντως" downgraded to u
[1corinthians 5:10] B: ru[3]="с" → gr[2]="τοῖς" downgraded to u
[1corinthians 5:10] B: ru[0]="впрочем" → gr[10]="καὶ" downgraded to u
[1corinthians 5:10] B: ru[14]="иначе" → gr[16]="ἄρα" downgraded to u
[1corinthians 5:10] B: ru[21]="сего." → gr[18]="τοῦ" downgraded to u
[1corinthians 5:11] B: ru[7]="тем," → gr[6]="ἐάν" downgraded to u
[1corinthians 5:11] B: ru[11]="остается" → gr[12]="ἢ" downgraded to u
[1corinthians 5:11] B: ru[23]="с" → gr[22]="τῷ" downgraded to u
[1corinthians 5:12] B: ru[1]="что" → gr[0]="τί" downgraded to u
[1corinthians 5:12] B: ru[4]="и" → gr[3]="τοὺς" downgraded to u
[1corinthians 5:12] B: ru[5]="внешних?" → gr[4]="ἔξω" downgraded to u
[1corinthians 5:12] B: ru[6]="Не" → gr[6]="οὐχὶ" downgraded to u
[1corinthians 5:12] B: ru[7]="внутренних" → gr[8]="ἔσω" downgraded to u
[1corinthians 5:13] B: ru[0]="Внешних" → gr[2]="ἔξω" downgraded to u
[1corinthians 6:3] B: ru[11]="более" → gr[5]="μήτιγε" downgraded to u
[1corinthians 6:5] B: ru[4]="неужели" → gr[4]="οὕτως" downgraded to u
[1corinthians 6:5] B: ru[5]="нет" → gr[5]="οὐ" downgraded to u
[1corinthians 6:5] B: ru[15]="между" → gr[15]="μέσον" downgraded to u
[1corinthians 6:6] B: ru[7]="перед" → gr[7]="ἐπὶ" downgraded to u
[1corinthians 6:7] B: ru[2]="уже" → gr[0]="ἤδη" downgraded to u
[1corinthians 6:7] B: ru[3]="весьма" → gr[3]="ὅλως" downgraded to u
[1corinthians 6:7] B: ru[17]="лучше" → gr[15]="μᾶλλον" downgraded to u
[1corinthians 6:7] B: ru[25]="лучше" → gr[20]="μᾶλλον" downgraded to u
[1corinthians 6:13] B: ru[1]="для" → gr[0]="τὰ" downgraded to u
[1corinthians 6:13] B: ru[5]="для" → gr[5]="ἡ" downgraded to u
[1corinthians 6:13] B: ru[24]="для" → gr[7]="τοῖς" downgraded to u
[1corinthians 6:15] B: ru[9]="Итак" → gr[10]="οὖν" downgraded to u
[1corinthians 6:15] B: ru[13]="у" → gr[13]="τοῦ" downgraded to u
[1corinthians 6:16] B: ru[5]="с" → gr[6]="τῇ" downgraded to u
[1corinthians 6:17] B: ru[2]="с" → gr[0]="ὁ" downgraded to u
[1corinthians 6:18] B: ru[8]="вне" → gr[9]="ἐκτὸς" downgraded to u
[1corinthians 6:18] B: ru[13]="против" → gr[16]="εἰς" downgraded to u
[1corinthians 6:19] B: ru[8]="живущего" → gr[8]="τοῦ" downgraded to u
[1corinthians 7:3] B: ru[5]="подобно" → gr[7]="ὁμοίως" downgraded to u
[1corinthians 7:4] B: ru[3]="над" → gr[0]="ἡ" downgraded to u
[1corinthians 7:4] B: ru[8]="равно" → gr[10]="ὁμοίως" downgraded to u
[1corinthians 7:4] B: ru[13]="над" → gr[13]="ὁ" downgraded to u
[1corinthians 7:5] B: ru[5]="разве" → gr[5]="ἂν" downgraded to u
[1corinthians 7:5] B: ru[12]="в" → gr[12]="τῇ" downgraded to u
[1corinthians 7:5] B: ru[18]="опять" → gr[15]="πάλιν" downgraded to u
[1corinthians 7:6] B: ru[0]="Впрочем" → gr[1]="δὲ" downgraded to u
[1corinthians 7:7] B: ru[18]="другой" → gr[1]="δὲ" downgraded to u
[1corinthians 7:7] B: ru[16]="один" → gr[16]="μὲν" downgraded to u
[1corinthians 7:7] B: ru[19]="иначе." → gr[20]="οὕτως" downgraded to u
[1corinthians 7:9] B: ru[14]="нежели" → gr[9]="ἢ" downgraded to u
[1corinthians 7:12] A2: +added ru[24]="ее;" ↔ gr[22]="αὐτήν"
[1corinthians 7:14] B: ru[12]="Иначе" → gr[18]="ἐπεὶ" downgraded to u
[1corinthians 7:14] B: ru[19]="теперь" → gr[25]="νῦν" downgraded to u
[1corinthians 7:15] B: ru[18]="нас" → gr[14]="τοῖς" downgraded to u
[1corinthians 7:21] B: ru[13]="лучшим" → gr[11]="μᾶλλον" downgraded to u
[1corinthians 7:22] B: ru[9]="и" → gr[0]="ὁ" downgraded to u
[1corinthians 7:22] B: ru[8]="равно" → gr[9]="ὁμοίως" downgraded to u
[1corinthians 7:25] B: ru[0]="Относительно" → gr[0]="Περὶ" downgraded to u
[1corinthians 7:28] B: ru[0]="Впрочем," → gr[1]="δὲ" downgraded to u
[1corinthians 7:28] B: ru[18]="по" → gr[18]="οἱ" downgraded to u
[1corinthians 7:33] B: ru[10]="между" → gr[9]="τῇ" downgraded to u
[1corinthians 7:35] B: ru[4]="же" → gr[5]="αὐτῶν" downgraded to u
[1corinthians 7:35] B: ru[23]="развлечения." → gr[21]="ἀπερισπάστως" downgraded to u
[1corinthians 7:36] B: ru[20]="как" → gr[16]="ὃ" downgraded to u
[1corinthians 7:36] B: ru[17]="тот" → gr[5]="τὴν" downgraded to u
[1corinthians 7:37] B: ru[6]="своем" → gr[4]="τῇ" downgraded to u
[1corinthians 7:37] B: ru[26]="хорошо" → gr[29]="καλῶς" downgraded to u
[1corinthians 7:38] B: ru[0]="Посему" → gr[0]="ὥστε" downgraded to u
[1corinthians 7:38] B: ru[6]="хорошо;" → gr[7]="καλῶς" downgraded to u
[1corinthians 8:4] B: ru[0]="Итак" → gr[3]="οὖν" downgraded to u
[1corinthians 8:4] B: ru[18]="кроме" → gr[17]="μὴ" downgraded to u
[1corinthians 8:5] B: ru[1]="хотя" → gr[2]="εἴπερ" downgraded to u
[1corinthians 8:7] B: ru[4]="такое" → gr[4]="ἡ" downgraded to u
[1corinthians 8:7] B: ru[9]="с" → gr[8]="τῇ" downgraded to u
[1corinthians 8:7] B: ru[8]="доныне" → gr[11]="ἄρτι" downgraded to u
[1corinthians 8:7] B: ru[11]="признающею" → gr[12]="τοῦ" downgraded to u
[1corinthians 8:7] B: ru[18]="и" → gr[18]="ἡ" downgraded to u
[1corinthians 8:8] B: ru[4]="к" → gr[5]="τῷ" downgraded to u
[1corinthians 8:9] B: ru[3]="чтобы" → gr[4]="ἡ" downgraded to u
[1corinthians 8:9] B: ru[10]="для" → gr[10]="τοῖς" downgraded to u
[1corinthians 8:10] B: ru[18]="не" → gr[11]="οὐχὶ" downgraded to u
[1corinthians 8:10] B: ru[16]="как" → gr[16]="ὄντος" downgraded to u
[1corinthians 8:11] B: ru[1]="от" → gr[2]="ὁ" downgraded to u
[1corinthians 8:12] B: ru[3]="образом" → gr[0]="οὕτως" downgraded to u
[1corinthians 8:12] B: ru[4]="против" → gr[3]="εἰς" downgraded to u
[1corinthians 8:12] B: ru[13]="против" → gr[12]="εἰς" downgraded to u
[1corinthians 9:1] B: ru[8]="Не" → gr[6]="οὐχὶ" downgraded to u
[1corinthians 9:3] B: ru[3]="против" → gr[0]="Ἡ" downgraded to u
[1corinthians 9:3] B: ru[0]="Вот" → gr[7]="αὕτη" downgraded to u
[1corinthians 9:8] B: ru[10]="же" → gr[9]="ταῦτα" downgraded to u
[1corinthians 9:9] B: ru[11]="О" → gr[11]="τῶν" downgraded to u
[1corinthians 9:10] B: ru[1]="конечно," → gr[3]="πάντως" downgraded to u
[1corinthians 9:10] B: ru[11]="кто" → gr[13]="ὁ" downgraded to u
[1corinthians 9:10] B: ru[18]="кто" → gr[17]="ὁ" downgraded to u
[1corinthians 9:10] B: ru[22]="с" → gr[21]="τοῦ" downgraded to u
[1corinthians 9:12] B: ru[7]="паче" → gr[7]="μᾶλλον" downgraded to u
[1corinthians 9:12] B: ru[10]="Однако" → gr[9]="Ἀλλ" downgraded to u
[1corinthians 9:13] B: ru[8]="что" → gr[7]="τὰ" downgraded to u
[1corinthians 9:15] B: ru[20]="лучше" → gr[18]="μᾶλλον" downgraded to u
[1corinthians 9:15] B: ru[22]="нежели" → gr[20]="ἤ" downgraded to u
[1corinthians 9:16] B: ru[5]="нечем" → gr[3]="οὐ" downgraded to u
[1corinthians 9:18] B: ru[1]="что" → gr[0]="τίς" downgraded to u
[1corinthians 9:18] B: ru[11]="о" → gr[13]="τὸ" downgraded to u
[1corinthians 9:20] B: ru[0]="для" → gr[2]="τοῖς" downgraded to u
[1corinthians 9:20] B: ru[9]="для" → gr[9]="τοῖς" downgraded to u
[1corinthians 9:21] B: ru[0]="для" → gr[0]="τοῖς" downgraded to u
[1corinthians 9:22] B: ru[0]="для" → gr[1]="τοῖς" downgraded to u
[1corinthians 9:22] B: ru[8]="Для" → gr[8]="τοῖς" downgraded to u
[1corinthians 9:22] B: ru[17]="мере" → gr[13]="πάντως" downgraded to u
[1corinthians 9:26] B: ru[0]="И" → gr[0]="ἐγὼ" downgraded to u
[1corinthians 9:26] B: ru[8]="неверное," → gr[6]="ἀδήλως" downgraded to u
[1corinthians 10:1] B: ru[17]="сквозь" → gr[17]="διὰ" downgraded to u
[1corinthians 10:11] B: ru[0]="Все" → gr[1]="δὲ" downgraded to u
[1corinthians 10:11] B: ru[6]="образы;" → gr[2]="τυπικῶς" downgraded to u
[1corinthians 10:12] B: ru[0]="Посему," → gr[0]="ὥστε" downgraded to u
[1corinthians 10:12] B: ru[1]="кто" → gr[1]="ὁ" downgraded to u
[1corinthians 10:13] B: ru[4]="иное," → gr[4]="εἰ" downgraded to u
[1corinthians 10:13] B: ru[25]="чтобы" → gr[27]="τοῦ" downgraded to u
[1corinthians 10:14] B: ru[0]="Итак," → gr[0]="Διόπερ" downgraded to u
[1corinthians 10:15] B: ru[9]="что" → gr[5]="ὅ" downgraded to u
[1corinthians 10:16] B: ru[4]="не" → gr[6]="οὐχὶ" downgraded to u
[1corinthians 10:16] B: ru[13]="не" → gr[17]="οὐχὶ" downgraded to u
[1corinthians 10:18] B: ru[1]="на" → gr[1]="τὸν" downgraded to u
[1corinthians 10:18] B: ru[6]="которые" → gr[6]="οἱ" downgraded to u
[1corinthians 10:18] B: ru[11]="ли" → gr[13]="εἰσίν" downgraded to u
[1corinthians 10:19] B: ru[0]="Что" → gr[0]="τί" downgraded to u
[1corinthians 10:20] B: ru[2]="что" → gr[2]="ἃ" downgraded to u
[1corinthians 10:22] B: ru[0]="Неужели" → gr[0]="ἢ" downgraded to u
[1corinthians 10:22] B: ru[5]="Разве" → gr[4]="μὴ" downgraded to u
[1corinthians 10:25] B: ru[1]="что" → gr[1]="τὸ" downgraded to u
[1corinthians 10:26] B: ru[4]="что" → gr[3]="ἡ" downgraded to u
[1corinthians 10:27] B: ru[2]="из" → gr[4]="τῶν" downgraded to u
[1corinthians 10:28] B: ru[13]="кто" → gr[12]="τὸν" downgraded to u
[1corinthians 10:29] B: ru[9]="чего" → gr[10]="ἱνατί" downgraded to u
[1corinthians 10:30] B: ru[14]="что" → gr[7]="οὗ" downgraded to u
[1corinthians 10:31] B: ru[0]="Итак," → gr[1]="οὖν" downgraded to u
[1corinthians 10:31] B: ru[7]="что" → gr[6]="τι" downgraded to u
[1corinthians 10:33] B: ru[13]="пользы" → gr[11]="τὸ" downgraded to u
[1corinthians 11:3] B: ru[1]="также," → gr[1]="δὲ" downgraded to u
[1corinthians 11:4] B: ru[6]="покрытою" → gr[5]="κατὰ" downgraded to u
[1corinthians 11:4] B: ru[5]="с" → gr[7]="ἔχων" downgraded to u
[1corinthians 11:5] B: ru[15]="же," → gr[13]="ἓν" downgraded to u
[1corinthians 11:7] B: ru[0]="Итак" → gr[2]="γὰρ" downgraded to u
[1corinthians 11:11] B: ru[0]="Впрочем" → gr[0]="πλὴν" downgraded to u
[1corinthians 11:13] B: ru[3]="ли" → gr[5]="ἐστὶν" downgraded to u
[1corinthians 11:15] B: ru[14]="вместо" → gr[10]="ἀντὶ" downgraded to u
[1corinthians 11:20] B: ru[0]="Далее," → gr[1]="οὖν" downgraded to u
[1corinthians 11:22] B: ru[0]="Разве" → gr[0]="μὴ" downgraded to u
[1corinthians 11:22] B: ru[3]="нет" → gr[3]="οὐ" downgraded to u
[1corinthians 11:22] B: ru[17]="неимущих?" → gr[19]="μὴ" downgraded to u
[1corinthians 11:22] B: ru[18]="Что" → gr[21]="τί" downgraded to u
[1corinthians 11:23] B: ru[3]="Самого" → gr[4]="τοῦ" downgraded to u
[1corinthians 11:23] B: ru[7]="что" → gr[6]="ὃ" downgraded to u
[1corinthians 11:23] B: ru[15]="ту" → gr[15]="τῇ" downgraded to u
[1corinthians 11:25] B: ru[0]="Также" → gr[0]="ὡσαύτως" downgraded to u
[1corinthians 11:25] B: ru[3]="после" → gr[4]="μετὰ" downgraded to u
[1corinthians 11:26] B: ru[2]="раз," → gr[0]="ὁσάκις" downgraded to u
[1corinthians 11:26] B: ru[15]="доколе" → gr[16]="ἄχρι" downgraded to u
[1corinthians 11:27] B: ru[0]="Посему," → gr[0]="Ὥστε" downgraded to u
[1corinthians 11:27] B: ru[10]="недостойно," → gr[12]="ἀναξίως" downgraded to u
[1corinthians 11:27] B: ru[12]="будет" → gr[15]="τοῦ" downgraded to u
[1corinthians 11:28] B: ru[7]="образом" → gr[5]="οὕτως" downgraded to u
[1corinthians 11:28] B: ru[12]="сего" → gr[7]="τοῦ" downgraded to u
[1corinthians 11:28] B: ru[17]="сей." → gr[12]="τοῦ" downgraded to u
[1corinthians 11:29] B: ru[1]="кто" → gr[0]="ὁ" downgraded to u
[1corinthians 11:29] B: ru[6]="тот" → gr[12]="τὸ" downgraded to u
[1corinthians 11:33] B: ru[0]="Посему," → gr[0]="Ὥστε" downgraded to u
[1corinthians 12:1] B: ru[9]="дарах" → gr[2]="τῶν" downgraded to u
[1corinthians 12:5] B: ru[7]="тот" → gr[5]="ὁ" downgraded to u
[1corinthians 12:6] B: ru[8]="же," → gr[8]="ὁ" downgraded to u
[1corinthians 12:8] B: ru[0]="Одному" → gr[1]="μὲν" downgraded to u
[1corinthians 12:15] B: ru[14]="неужели" → gr[13]="οὐ" downgraded to u
[1corinthians 12:15] B: ru[16]="потому" → gr[15]="τοῦτο" downgraded to u
[1corinthians 12:16] B: ru[15]="неужели" → gr[14]="οὐ" downgraded to u
[1corinthians 12:16] B: ru[17]="потому" → gr[16]="τοῦτο" downgraded to u
[1corinthians 12:17] B: ru[5]="где" → gr[5]="ποῦ" downgraded to u
[1corinthians 12:17] B: ru[11]="где" → gr[11]="ποῦ" downgraded to u
[1corinthians 12:19] B: ru[8]="где" → gr[7]="ποῦ" downgraded to u
[1corinthians 12:20] B: ru[1]="теперь" → gr[0]="νῦν" downgraded to u
[1corinthians 12:21] B: ru[10]="также" → gr[13]="πάλιν" downgraded to u
[1corinthians 12:22] B: ru[0]="Напротив," → gr[0]="ἀλλὰ" downgraded to u
[1corinthians 12:22] B: ru[3]="которые" → gr[6]="τοῦ" downgraded to u
[1corinthians 12:23] B: ru[6]="в" → gr[5]="τοῦ" downgraded to u
[1corinthians 12:24] B: ru[0]="и" → gr[0]="τὰ" downgraded to u
[1corinthians 12:25] B: ru[7]="все" → gr[13]="τὰ" downgraded to u
[1corinthians 12:26] B: ru[0]="Посему," → gr[0]="καὶ" downgraded to u
[1corinthians 12:28] B: ru[0]="И" → gr[1]="οὓς" downgraded to u
[1corinthians 12:28] B: ru[1]="иных" → gr[2]="μὲν" downgraded to u
[1corinthians 12:28] B: ru[12]="далее," → gr[15]="ἔπειτα" downgraded to u
[1corinthians 12:31] B: ru[9]="еще" → gr[7]="ἔτι" downgraded to u
[1corinthians 13:8] B: ru[1]="никогда" → gr[2]="οὐδέποτε" downgraded to u
[1corinthians 13:8] B: ru[4]="хотя" → gr[4]="εἴτε" downgraded to u
[1corinthians 13:10] B: ru[6]="что" → gr[5]="τὸ" downgraded to u
[1corinthians 13:12] B: ru[0]="Теперь" → gr[2]="ἄρτι" downgraded to u
[1corinthians 13:12] B: ru[5]="сквозь" → gr[3]="δι" downgraded to u
[1corinthians 13:12] B: ru[9]="тогда" → gr[7]="τότε" downgraded to u
[1corinthians 13:12] B: ru[14]="теперь" → gr[12]="ἄρτι" downgraded to u
[1corinthians 13:12] B: ru[19]="тогда" → gr[16]="τότε" downgraded to u
[1corinthians 13:13] B: ru[1]="теперь" → gr[0]="νυνὶ" downgraded to u
[1corinthians 14:1] B: ru[3]="о" → gr[5]="τὰ" downgraded to u
[1corinthians 14:1] B: ru[6]="особенно" → gr[7]="μᾶλλον" downgraded to u
[1corinthians 14:2] B: ru[1]="кто" → gr[0]="ὁ" downgraded to u
[1corinthians 14:4] B: ru[0]="Кто" → gr[0]="ὁ" downgraded to u
[1corinthians 14:5] B: ru[7]="лучше," → gr[6]="μᾶλλον" downgraded to u
[1corinthians 14:5] B: ru[11]="ибо" → gr[12]="ὁ" downgraded to u
[1corinthians 14:5] B: ru[14]="того," → gr[14]="ἢ" downgraded to u
[1corinthians 14:5] B: ru[15]="кто" → gr[15]="ὁ" downgraded to u
[1corinthians 14:5] B: ru[18]="разве" → gr[18]="ἐκτὸς" downgraded to u
[1corinthians 14:5] B: ru[24]="чтобы" → gr[23]="ἡ" downgraded to u
[1corinthians 14:6] B: ru[0]="Теперь," → gr[1]="δέ" downgraded to u
[1corinthians 14:7] B: ru[16]="что" → gr[17]="τὸ" downgraded to u
[1corinthians 14:9] B: ru[6]="невразумительные" → gr[7]="μὴ" downgraded to u
[1corinthians 14:9] B: ru[11]="что" → gr[13]="τὸ" downgraded to u
[1corinthians 14:11] B: ru[9]="для" → gr[9]="τῷ" downgraded to u
[1corinthians 14:15] B: ru[0]="Что" → gr[0]="τί" downgraded to u
[1corinthians 14:16] B: ru[8]="на" → gr[6]="τὸν" downgraded to u
[1corinthians 14:16] B: ru[21]="что" → gr[19]="τί" downgraded to u
[1corinthians 14:17] B: ru[1]="хорошо" → gr[3]="καλῶς" downgraded to u
[1corinthians 14:18] B: ru[4]="более" → gr[5]="μᾶλλον" downgraded to u
[1corinthians 14:19] B: ru[14]="нежели" → gr[14]="ἢ" downgraded to u
[1corinthians 14:21] B: ru[14]="тогда" → gr[17]="οὕτως" downgraded to u
[1corinthians 14:22] B: ru[0]="Итак" → gr[0]="ὥστε" downgraded to u
[1corinthians 14:22] B: ru[5]="для" → gr[7]="τοῖς" downgraded to u
[1corinthians 14:22] B: ru[8]="для" → gr[10]="τοῖς" downgraded to u
[1corinthians 14:22] B: ru[13]="для" → gr[12]="ἡ" downgraded to u
[1corinthians 14:22] B: ru[16]="для" → gr[16]="τοῖς" downgraded to u
[1corinthians 14:25] B: ru[2]="образом" → gr[8]="οὕτως" downgraded to u
[1corinthians 14:25] B: ru[15]="истинно" → gr[17]="Ὄντως" downgraded to u
[1corinthians 14:26] B: ru[1]="что" → gr[0]="Τί" downgraded to u
[1corinthians 14:26] B: ru[0]="Итак" → gr[1]="οὖν" downgraded to u
[1corinthians 14:26] B: ru[2]="же," → gr[2]="ἐστιν" downgraded to u
[1corinthians 14:31] B: ru[2]="один" → gr[2]="καθ" downgraded to u
[1corinthians 14:33] B: ru[14]="у" → gr[13]="τῶν" downgraded to u
[1corinthians 14:36] B: ru[0]="Разве" → gr[0]="ἢ" downgraded to u
[1corinthians 14:37] B: ru[10]="что" → gr[8]="ἃ" downgraded to u
[1corinthians 14:39] B: ru[0]="Итак," → gr[0]="ὥστε" downgraded to u
[1corinthians 14:39] B: ru[4]="том," → gr[4]="τὸ" downgraded to u
[1corinthians 14:40] B: ru[4]="благопристойно" → gr[2]="εὐσχημόνως" downgraded to u
[1corinthians 15:2] B: ru[14]="тщетно" → gr[13]="εἰκῇ" downgraded to u
[1corinthians 15:3] B: ru[5]="что" → gr[5]="ὃ" downgraded to u
[1corinthians 15:4] B: ru[8]="в" → gr[6]="τῇ" downgraded to u
[1corinthians 15:5] B: ru[4]="потом" → gr[4]="εἶτα" downgraded to u
[1corinthians 15:6] B: ru[0]="потом" → gr[0]="ἔπειτα" downgraded to u
[1corinthians 15:6] B: ru[2]="более" → gr[2]="ἐπάνω" downgraded to u
[1corinthians 15:6] B: ru[8]="время," → gr[5]="ἐφάπαξ" downgraded to u
[1corinthians 15:6] B: ru[13]="доныне" → gr[12]="ἄρτι" downgraded to u
[1corinthians 15:7] B: ru[0]="потом" → gr[0]="ἔπειτα" downgraded to u
[1corinthians 15:7] B: ru[3]="также" → gr[3]="εἶτα" downgraded to u
[1corinthians 15:8] B: ru[7]="некоему" → gr[4]="τῷ" downgraded to u
[1corinthians 15:9] B: ru[6]="недостоин" → gr[8]="οὐ" downgraded to u
[1corinthians 15:10] B: ru[5]="что" → gr[4]="ὅ" downgraded to u
[1corinthians 15:10] B: ru[23]="впрочем," → gr[23]="δὲ" downgraded to u
[1corinthians 15:10] B: ru[27]="которая" → gr[29]="ἡ" downgraded to u
[1corinthians 15:11] B: ru[0]="Итак" → gr[1]="οὖν" downgraded to u
[1corinthians 15:12] B: ru[17]="нет" → gr[16]="οὐ" downgraded to u
[1corinthians 15:13] B: ru[1]="нет" → gr[4]="οὐ" downgraded to u
[1corinthians 15:14] B: ru[11]="и" → gr[12]="ἡ" downgraded to u
[1corinthians 15:15] B: ru[0]="Притом" → gr[1]="δὲ" downgraded to u
[1corinthians 15:15] B: ru[6]="о" → gr[4]="τοῦ" downgraded to u
[1corinthians 15:15] B: ru[24]="есть," → gr[19]="ἄρα" downgraded to u
[1corinthians 15:17] B: ru[10]="еще" → gr[9]="ἔτι" downgraded to u
[1corinthians 15:18] B: ru[0]="Поэтому" → gr[0]="ἄρα" downgraded to u
[1corinthians 15:20] B: ru[6]="из" → gr[7]="τῶν" downgraded to u
[1corinthians 15:23] B: ru[6]="потом" → gr[8]="ἔπειτα" downgraded to u
[1corinthians 15:24] B: ru[1]="затем" → gr[0]="εἶτα" downgraded to u
[1corinthians 15:25] B: ru[4]="доколе" → gr[4]="ἄχρι" downgraded to u
[1corinthians 15:27] B: ru[17]="кроме" → gr[15]="ἐκτὸς" downgraded to u
[1corinthians 15:27] B: ru[19]="Который" → gr[16]="τοῦ" downgraded to u
[1corinthians 15:27] B: ru[21]="Ему" → gr[19]="τὰ" downgraded to u
[1corinthians 15:28] B: ru[5]="тогда" → gr[6]="τότε" downgraded to u
[1corinthians 15:29] B: ru[0]="Иначе," → gr[0]="Ἐπεὶ" downgraded to u
[1corinthians 15:29] B: ru[1]="что" → gr[1]="τί" downgraded to u
[1corinthians 15:29] B: ru[8]="совсем" → gr[9]="ὅλως" downgraded to u
[1corinthians 15:31] B: ru[1]="каждый" → gr[0]="καθ" downgraded to u
[1corinthians 15:32] B: ru[22]="завтра" → gr[17]="αὔριον" downgraded to u
[1corinthians 15:34] B: ru[2]="должно," → gr[1]="δικαίως" downgraded to u
[1corinthians 15:36] B: ru[2]="что" → gr[2]="ὃ" downgraded to u
[1corinthians 15:37] B: ru[1]="когда" → gr[1]="ὃ" downgraded to u
[1corinthians 15:37] B: ru[12]="какое" → gr[12]="εἰ" downgraded to u
[1corinthians 15:39] B: ru[4]="же" → gr[4]="αὐτὴ" downgraded to u
[1corinthians 15:45] B: ru[12]="есть" → gr[8]="εἰς" downgraded to u
[1corinthians 15:46] B: ru[6]="потом" → gr[8]="ἔπειτα" downgraded to u
[1corinthians 15:50] B: ru[1]="то" → gr[0]="Τοῦτο" downgraded to u
[1corinthians 15:54] B: ru[13]="тогда" → gr[13]="τότε" downgraded to u
[1corinthians 15:55] B: ru[1]="где" → gr[0]="ποῦ" downgraded to u
[1corinthians 15:55] B: ru[5]="где" → gr[5]="ποῦ" downgraded to u
[1corinthians 15:58] B: ru[0]="Итак," → gr[0]="Ὥστε" downgraded to u
[1corinthians 15:58] B: ru[7]="всегда" → gr[13]="πάντοτε" downgraded to u
[1corinthians 16:1] B: ru[10]="в" → gr[10]="ταῖς" downgraded to u
[1corinthians 16:6] B: ru[13]="куда" → gr[12]="οὗ" downgraded to u
[1corinthians 16:7] B: ru[7]="теперь" → gr[4]="ἄρτι" downgraded to u
[1corinthians 16:10] B: ru[12]="безопасен;" → gr[6]="ἀφόβως" downgraded to u
[1corinthians 16:11] B: ru[0]="Посему" → gr[2]="οὖν" downgraded to u
[1corinthians 16:12] B: ru[18]="никак" → gr[16]="πάντως" downgraded to u
[1corinthians 16:12] B: ru[22]="ныне," → gr[21]="νῦν" downgraded to u
[1corinthians 16:16] B: ru[0]="будьте" → gr[0]="ἵνα" downgraded to u
[1john 1:1] B: ru[2]="что" → gr[0]="Ὃ" downgraded to u
[1john 1:1] B: ru[6]="что" → gr[4]="ὃ" downgraded to u
[1john 1:1] B: ru[9]="что" → gr[6]="ὃ" downgraded to u
[1john 1:1] B: ru[11]="своими" → gr[10]="ἡμῶν" downgraded to u
[1john 1:1] B: ru[13]="что" → gr[11]="ὃ" downgraded to u
[1john 1:1] B: ru[20]="о" → gr[19]="τοῦ" downgraded to u
[1john 1:2] B: ru[11]="сию" → gr[11]="τὴν" downgraded to u
[1john 1:3] B: ru[2]="что" → gr[0]="ὃ" downgraded to u
[1john 1:5] B: ru[1]="вот" → gr[1]="ἔστιν" downgraded to u
[1john 1:5] B: ru[10]="вам:" → gr[12]="ὅτι" downgraded to u
[1john 1:5] B: ru[15]="нет" → gr[21]="οὐ" downgraded to u
[1john 1:8] B: ru[12]="нет" → gr[11]="οὐ" downgraded to u
[1john 1:9] B: ru[13]="наши" → gr[12]="τὰς" downgraded to u
[1john 1:10] B: ru[13]="нет" → gr[12]="οὐ" downgraded to u
[1john 2:4] B: ru[0]="Кто" → gr[0]="ὁ" downgraded to u
[1john 2:4] B: ru[13]="нет" → gr[18]="οὐ" downgraded to u
[1john 2:5] B: ru[7]="истинно" → gr[7]="ἀληθῶς" downgraded to u
[1john 2:6] B: ru[0]="Кто" → gr[0]="ὁ" downgraded to u
[1john 2:8] B: ru[1]="притом" → gr[0]="πάλιν" downgraded to u
[1john 2:8] B: ru[7]="что" → gr[5]="ὅ" downgraded to u
[1john 2:8] B: ru[20]="и" → gr[18]="τὸ" downgraded to u
[1john 2:8] B: ru[23]="уже" → gr[22]="ἤδη" downgraded to u
[1john 2:9] B: ru[0]="Кто" → gr[0]="ὁ" downgraded to u
[1john 2:9] B: ru[10]="тот" → gr[12]="τῇ" downgraded to u
[1john 2:9] B: ru[11]="еще" → gr[16]="ἄρτι" downgraded to u
[1john 2:10] B: ru[0]="Кто" → gr[0]="ὁ" downgraded to u
[1john 2:10] B: ru[4]="тот" → gr[6]="τῷ" downgraded to u
[1john 2:10] B: ru[9]="нет" → gr[13]="οὐ" downgraded to u
[1john 2:11] B: ru[1]="кто" → gr[0]="ὁ" downgraded to u
[1john 2:11] B: ru[5]="тот" → gr[7]="τῇ" downgraded to u
[1john 2:11] B: ru[16]="куда" → gr[18]="ποῦ" downgraded to u
[1john 2:13] B: ru[7]="Сущего" → gr[5]="τὸν" downgraded to u
[1john 2:15] B: ru[5]="что" → gr[5]="τὰ" downgraded to u
[1john 2:15] B: ru[13]="нет" → gr[14]="οὐ" downgraded to u
[1john 2:16] B: ru[2]="что" → gr[2]="τὸ" downgraded to u
[1john 2:18] B: ru[11]="теперь" → gr[11]="νῦν" downgraded to u
[1john 2:20] B: ru[0]="Впрочем," → gr[0]="καὶ" downgraded to u
[1john 2:21] A2: +added ru[15]="ее," ↔ gr[11]="αὐτήν"
[1john 2:22] B: ru[4]="тот," → gr[6]="ὁ" downgraded to u
[1john 2:22] B: ru[5]="кто" → gr[12]="ὁ" downgraded to u
[1john 2:23] B: ru[11]="и" → gr[9]="ὁ" downgraded to u
[1john 2:24] B: ru[1]="что" → gr[1]="ὃ" downgraded to u
[1john 2:24] B: ru[17]="что" → gr[12]="ὃ" downgraded to u
[1john 2:27] B: ru[0]="Впрочем," → gr[0]="καὶ" downgraded to u
[1john 2:27] B: ru[22]="сие" → gr[2]="τὸ" downgraded to u
[1john 2:27] B: ru[31]="неложно," → gr[32]="οὐ" downgraded to u
[1john 2:27] B: ru[33]="чему" → gr[36]="καθὼς" downgraded to u
[1john 2:28] B: ru[0]="Итак," → gr[1]="νῦν" downgraded to u
[1john 3:2] B: ru[2]="теперь" → gr[1]="νῦν" downgraded to u
[1john 3:2] B: ru[9]="что" → gr[8]="τί" downgraded to u
[1john 3:5] B: ru[16]="нет" → gr[13]="οὐ" downgraded to u
[1john 3:7] B: ru[6]="Кто" → gr[4]="ὁ" downgraded to u
[1john 3:8] B: ru[0]="Кто" → gr[0]="ὁ" downgraded to u
[1john 3:10] B: ru[6]="так:" → gr[1]="τούτῳ" downgraded to u
[1john 3:12] B: ru[14]="что" → gr[14]="τίνος" downgraded to u
[1john 3:12] B: ru[25]="дела" → gr[23]="τὰ" downgraded to u
[1john 3:16] B: ru[17]="свои" → gr[17]="τῶν" downgraded to u
[1john 3:17] B: ru[4]="в" → gr[6]="τοῦ" downgraded to u
[1john 3:20] B: ru[11]="что" → gr[8]="ἐστὶν" downgraded to u
[1john 3:23] B: ru[0]="А" → gr[2]="ἐστὶν" downgraded to u
[1john 3:23] B: ru[7]="во" → gr[8]="τῷ" downgraded to u
[1john 3:24] B: ru[1]="кто" → gr[1]="ὁ" downgraded to u
[1john 3:24] B: ru[13]="А" → gr[15]="τούτῳ" downgraded to u
[1john 3:24] B: ru[5]="тот" → gr[22]="τοῦ" downgraded to u
[1john 4:2] B: ru[6]="так:" → gr[1]="τούτῳ" downgraded to u
[1john 4:3] B: ru[17]="дух" → gr[16]="τὸ" downgraded to u
[1john 4:3] B: ru[27]="теперь" → gr[24]="νῦν" downgraded to u
[1john 4:3] B: ru[30]="в" → gr[26]="τῷ" downgraded to u
[1john 4:3] B: ru[29]="уже" → gr[29]="ἤδη" downgraded to u
[1john 4:4] A2: +added ru[6]="их;" ↔ gr[8]="αὐτούς"
[1john 4:4] B: ru[9]="Кто" → gr[12]="ὁ" downgraded to u
[1john 4:4] B: ru[13]="того," → gr[15]="ἢ" downgraded to u
[1john 4:4] B: ru[14]="кто" → gr[16]="ὁ" downgraded to u
[1john 4:5] B: ru[3]="потому" → gr[6]="τοῦτο" downgraded to u
[1john 4:5] B: ru[7]="и" → gr[12]="ὁ" downgraded to u
[1john 4:6] B: ru[11]="тот" → gr[15]="τοῦ" downgraded to u
[1john 4:8] B: ru[0]="Кто" → gr[0]="ὁ" downgraded to u
[1john 4:8] B: ru[3]="тот" → gr[5]="τὸν" downgraded to u
[1john 4:12] B: ru[2]="никогда" → gr[2]="πώποτε" downgraded to u
[1john 4:16] B: ru[12]="нее." → gr[13]="Ὁ" downgraded to u
[1john 4:18] B: ru[2]="нет" → gr[1]="οὐ" downgraded to u
[1john 4:18] B: ru[7]="изгоняет" → gr[10]="ἔξω" downgraded to u
[1john 4:18] B: ru[11]="в" → gr[15]="ὁ" downgraded to u
[1john 4:18] B: ru[16]="несовершен" → gr[22]="οὐ" downgraded to u
[1john 5:5] B: ru[5]="тот," → gr[9]="ὁ" downgraded to u
[1john 5:5] B: ru[6]="кто" → gr[14]="ὁ" downgraded to u
[1john 5:6] B: ru[17]="и" → gr[27]="τὸ" downgraded to u
[1john 5:8] B: ru[3]="на" → gr[3]="τὸ" downgraded to u
[1john 5:8] B: ru[10]="сии" → gr[9]="οἱ" downgraded to u
[1john 5:11] B: ru[4]="том," → gr[3]="ἡ" downgraded to u
[1john 5:11] B: ru[14]="в" → gr[17]="τῷ" downgraded to u
[1john 5:13] B: ru[15]="в" → gr[16]="τοῦ" downgraded to u
[1john 5:14] B: ru[1]="вот" → gr[2]="ἐστὶν" downgraded to u
[1john 5:16] B: ru[2]="видит" → gr[3]="τὸν" downgraded to u
[1john 5:20] B: ru[1]="также," → gr[1]="δὲ" downgraded to u
[1peter 1:6] B: ru[4]="теперь" → gr[4]="ἄρτι" downgraded to u
[1peter 1:7] B: ru[5]="драгоценнее" → gr[8]="τοῦ" downgraded to u
[1peter 1:7] B: ru[7]="хотя" → gr[12]="δὲ" downgraded to u
[1peter 1:8] B: ru[6]="доселе" → gr[6]="ἄρτι" downgraded to u
[1peter 1:10] B: ru[8]="которые" → gr[7]="οἱ" downgraded to u
[1peter 1:10] B: ru[11]="назначенной" → gr[10]="εἰς" downgraded to u
[1peter 1:11] B: ru[8]="сущий" → gr[7]="τὸ" downgraded to u
[1peter 1:11] B: ru[19]="последующую" → gr[19]="μετὰ" downgraded to u
[1peter 1:12] B: ru[10]="то," → gr[8]="αὐτά" downgraded to u
[1peter 1:12] B: ru[11]="что" → gr[9]="ἃ" downgraded to u
[1peter 1:12] B: ru[12]="ныне" → gr[10]="νῦν" downgraded to u
[1peter 1:12] B: ru[22]="что" → gr[23]="ἃ" downgraded to u
[1peter 1:13] B: ru[0]="Посему," → gr[0]="Διὸ" downgraded to u
[1peter 1:13] B: ru[7]="совершенно" → gr[8]="τελείως" downgraded to u
[1peter 1:14] B: ru[5]="с" → gr[5]="ταῖς" downgraded to u
[1peter 1:17] B: ru[6]="Который" → gr[4]="τὸν" downgraded to u
[1peter 1:17] B: ru[7]="нелицеприятно" → gr[5]="ἀπροσωπολήμπτως" downgraded to u
[1peter 1:20] B: ru[1]="еще" → gr[1]="μὲν" downgraded to u
[1peter 1:20] B: ru[2]="прежде" → gr[2]="πρὸ" downgraded to u
[1peter 1:21] B: ru[5]="Который" → gr[0]="τοὺς" downgraded to u
[1peter 1:21] B: ru[1]="чрез" → gr[1]="δι" downgraded to u
[1peter 1:22] B: ru[10]="постоянно" → gr[16]="ἐκτενῶς" downgraded to u
[1peter 1:25] B: ru[10]="которое" → gr[11]="τὸ" downgraded to u
[1peter 2:1] B: ru[0]="Итак," → gr[1]="οὖν" downgraded to u
[1peter 2:7] B: ru[0]="Итак" → gr[1]="οὖν" downgraded to u
[1peter 2:8] B: ru[8]="что" → gr[12]="ὃ" downgraded to u
[1peter 2:10] B: ru[0]="некогда" → gr[1]="ποτε" downgraded to u
[1peter 2:10] B: ru[4]="ныне" → gr[4]="νῦν" downgraded to u
[1peter 2:10] B: ru[8]="непомилованные," → gr[9]="οὐ" downgraded to u
[1peter 2:10] B: ru[10]="ныне" → gr[11]="νῦν" downgraded to u
[1peter 2:12] B: ru[11]="что" → gr[10]="ᾧ" downgraded to u
[1peter 2:15] B: ru[1]="такова" → gr[1]="οὕτως" downgraded to u
[1peter 2:18] B: ru[7]="только" → gr[6]="τοῖς" downgraded to u
[1peter 2:19] B: ru[1]="то" → gr[0]="τοῦτο" downgraded to u
[1peter 2:19] B: ru[12]="несправедливо." → gr[11]="ἀδίκως" downgraded to u
[1peter 2:20] B: ru[1]="что" → gr[0]="ποῖον" downgraded to u
[1peter 2:21] B: ru[18]="по" → gr[15]="τοῖς" downgraded to u
[1peter 2:22] B: ru[3]="никакого" → gr[2]="οὐ" downgraded to u
[1peter 2:23] B: ru[13]="Праведному." → gr[11]="δικαίως" downgraded to u
[1peter 2:24] A: ru[6]="Своим" → ru[18]="Его" (gr[9]="αὐτοῦ")
[1peter 2:24] B: ru[15]="для" → gr[17]="τῇ" downgraded to u
[1peter 2:25] B: ru[11]="ныне" → gr[7]="νῦν" downgraded to u
[1peter 3:1] B: ru[0]="Также" → gr[0]="Ὁμοίως" downgraded to u
[1peter 3:1] B: ru[2]="вы," → gr[3]="τοῖς" downgraded to u
[1peter 3:3] B: ru[5]="внешнее" → gr[4]="ἔξωθεν" downgraded to u
[1peter 3:4] B: ru[11]="что" → gr[15]="ἐστιν" downgraded to u
[1peter 3:5] B: ru[1]="некогда" → gr[2]="ποτε" downgraded to u
[1peter 3:5] B: ru[6]="на" → gr[7]="αἱ" downgraded to u
[1peter 3:7] B: ru[6]="с" → gr[0]="Οἱ" downgraded to u
[1peter 3:7] B: ru[0]="Также" → gr[2]="ὁμοίως" downgraded to u
[1peter 3:7] B: ru[24]="в" → gr[19]="τὸ" downgraded to u
[1peter 3:10] B: ru[1]="кто" → gr[0]="ὁ" downgraded to u
[1peter 3:10] B: ru[9]="тот" → gr[10]="τὴν" downgraded to u
[1peter 3:12] B: ru[16]="против" → gr[14]="ἐπὶ" downgraded to u
[1peter 3:15] B: ru[7]="всегда" → gr[10]="ἀεὶ" downgraded to u
[1peter 3:16] B: ru[6]="что" → gr[10]="ᾧ" downgraded to u
[1peter 3:16] B: ru[14]="ваше" → gr[16]="τὴν" downgraded to u
[1peter 3:17] B: ru[10]="нежели" → gr[10]="ἢ" downgraded to u
[1peter 3:18] B: ru[9]="однажды" → gr[3]="ἅπαξ" downgraded to u
[1peter 3:18] B: ru[7]="к" → gr[13]="τῷ" downgraded to u
[1peter 3:19] B: ru[3]="находящимся" → gr[3]="τοῖς" downgraded to u
[1peter 3:20] B: ru[0]="некогда" → gr[1]="ποτε" downgraded to u
[1peter 3:20] B: ru[3]="их" → gr[4]="ἡ" downgraded to u
[1peter 3:20] B: ru[16]="то" → gr[16]="τοῦτ" downgraded to u
[1peter 3:21] B: ru[3]="ныне" → gr[4]="νῦν" downgraded to u
[1peter 4:1] B: ru[0]="Итак," → gr[1]="οὖν" downgraded to u
[1peter 4:3] B: ru[3]="вы" → gr[2]="ὁ" downgraded to u
[1peter 4:3] B: ru[9]="по" → gr[7]="τῶν" downgraded to u
[1peter 4:5] B: ru[4]="вскоре" → gr[4]="ἑτοίμως" downgraded to u
[1peter 4:7] B: ru[0]="Впрочем" → gr[1]="δὲ" downgraded to u
[1peter 4:7] B: ru[4]="Итак" → gr[6]="οὖν" downgraded to u
[1peter 4:8] B: ru[0]="Более" → gr[0]="πρὸ" downgraded to u
[1peter 4:10] B: ru[6]="какой" → gr[1]="καθὼς" downgraded to u
[1peter 4:10] B: ru[1]="друг" → gr[4]="εἰς" downgraded to u
[1peter 4:13] B: ru[10]="в" → gr[11]="τῇ" downgraded to u
[1peter 4:18] B: ru[3]="едва" → gr[4]="μόλις" downgraded to u
[1peter 4:18] B: ru[9]="где" → gr[10]="ποῦ" downgraded to u
[1peter 4:19] B: ru[0]="Итак" → gr[1]="καὶ" downgraded to u
[1peter 5:1] B: ru[3]="я," → gr[9]="τῶν" downgraded to u
[1peter 5:2] B: ru[3]="какое" → gr[5]="τοῦ" downgraded to u
[1peter 5:2] B: ru[10]="принужденно," → gr[9]="ἀναγκαστῶς" downgraded to u
[1peter 5:2] B: ru[12]="охотно" → gr[11]="ἑκουσίως" downgraded to u
[1peter 5:2] B: ru[18]="корысти," → gr[15]="αἰσχροκερδῶς" downgraded to u
[1peter 5:2] B: ru[21]="усердия," → gr[17]="προθύμως" downgraded to u
[1peter 5:3] B: ru[3]="над" → gr[3]="τῶν" downgraded to u
[1peter 5:5] B: ru[0]="Также" → gr[0]="ὁμοίως" downgraded to u
[1peter 5:6] B: ru[0]="Итак" → gr[1]="οὖν" downgraded to u
[1peter 5:8] B: ru[3]="что" → gr[2]="ὁ" downgraded to u
[1peter 5:9] B: ru[5]="что" → gr[6]="τὰ" downgraded to u
[1peter 5:9] B: ru[7]="же" → gr[8]="τῶν" downgraded to u
[1peter 5:11] B: ru[2]="и" → gr[4]="τοὺς" downgraded to u
[1peter 5:12] B: ru[5]="чрез" → gr[0]="Διὰ" downgraded to u
[1thessalonians 1:2] B: ru[0]="Всегда" → gr[3]="πάντοτε" downgraded to u
[1thessalonians 1:3] B: ru[11]="на" → gr[16]="τοῦ" downgraded to u
[1thessalonians 1:10] B: ru[14]="от" → gr[11]="τῶν" downgraded to u
[1thessalonians 2:3] B: ru[4]="нет" → gr[4]="οὐ" downgraded to u
[1thessalonians 2:5] B: ru[1]="никогда" → gr[2]="ποτε" downgraded to u
[1thessalonians 2:7] B: ru[18]="с" → gr[17]="τὰ" downgraded to u
[1thessalonians 2:8] B: ru[10]="только" → gr[8]="τὸ" downgraded to u
[1thessalonians 2:10] B: ru[5]="свято" → gr[6]="ὁσίως" downgraded to u
[1thessalonians 2:10] B: ru[7]="праведно" → gr[8]="δικαίως" downgraded to u
[1thessalonians 2:10] B: ru[9]="безукоризненно" → gr[10]="ἀμέμπτως" downgraded to u
[1thessalonians 2:12] B: ru[5]="умоляли" → gr[6]="εἰς" downgraded to u
[1thessalonians 2:12] B: ru[7]="достойно" → gr[10]="ἀξίως" downgraded to u
[1thessalonians 2:13] B: ru[3]="непрестанно" → gr[8]="ἀδιαλείπτως" downgraded to u
[1thessalonians 2:13] B: ru[24]="каково" → gr[22]="καθὼς" downgraded to u
[1thessalonians 2:13] B: ru[28]="истине," → gr[23]="ἀληθῶς" downgraded to u
[1thessalonians 2:15] B: ru[0]="которые" → gr[0]="τῶν" downgraded to u
[1thessalonians 2:16] B: ru[9]="это" → gr[8]="τὸ" downgraded to u
[1thessalonians 2:16] B: ru[10]="всегда" → gr[13]="πάντοτε" downgraded to u
[1thessalonians 2:16] B: ru[18]="них" → gr[18]="ἡ" downgraded to u
[1thessalonians 2:17] B: ru[14]="тем" → gr[12]="περισσοτέρως" downgraded to u
[1thessalonians 2:18] B: ru[6]="раз" → gr[9]="ἅπαξ" downgraded to u
[1thessalonians 2:18] B: ru[8]="два" → gr[11]="δίς" downgraded to u
[1thessalonians 2:19] B: ru[9]="Не" → gr[10]="οὐχὶ" downgraded to u
[1thessalonians 3:1] B: ru[4]="более," → gr[1]="μηκέτι" downgraded to u
[1thessalonians 3:2] B: ru[6]="служителя" → gr[3]="τὸν" downgraded to u
[1thessalonians 3:2] B: ru[19]="в" → gr[16]="τὸ" downgraded to u
[1thessalonians 3:3] B: ru[0]="чтобы" → gr[0]="τὸ" downgraded to u
[1thessalonians 3:3] B: ru[12]="так" → gr[12]="τοῦτο" downgraded to u
[1thessalonians 3:5] B: ru[5]="более," → gr[3]="μηκέτι" downgraded to u
[1thessalonians 3:5] B: ru[8]="о" → gr[9]="τὴν" downgraded to u
[1thessalonians 3:6] B: ru[0]="Теперь" → gr[0]="Ἄρτι" downgraded to u
[1thessalonians 3:6] B: ru[14]="о" → gr[11]="τὴν" downgraded to u
[1thessalonians 3:6] B: ru[22]="всегда" → gr[23]="πάντοτε" downgraded to u
[1thessalonians 3:7] B: ru[0]="то" → gr[1]="τοῦτο" downgraded to u
[1thessalonians 3:8] B: ru[1]="теперь" → gr[1]="νῦν" downgraded to u
[1thessalonians 3:10] B: ru[6]="том," → gr[6]="τὸ" downgraded to u
[1thessalonians 3:10] B: ru[8]="видеть" → gr[9]="τὸ" downgraded to u
[1thessalonians 3:10] B: ru[13]="чего" → gr[13]="τὰ" downgraded to u
[1thessalonians 3:12] B: ru[14]="какою" → gr[15]="καὶ" downgraded to u
[1thessalonians 4:1] B: ru[21]="более" → gr[28]="μᾶλλον" downgraded to u
[1thessalonians 4:6] B: ru[0]="чтобы" → gr[0]="τὸ" downgraded to u
[1thessalonians 4:6] B: ru[7]="с" → gr[8]="τὸν" downgraded to u
[1thessalonians 4:8] B: ru[0]="Итак" → gr[0]="τοιγαροῦν" downgraded to u
[1thessalonians 4:8] B: ru[7]="Который" → gr[9]="τὸν" downgraded to u
[1thessalonians 4:9] B: ru[3]="нет" → gr[4]="οὐ" downgraded to u
[1thessalonians 4:10] B: ru[2]="так" → gr[3]="αὐτὸ" downgraded to u
[1thessalonians 4:10] B: ru[15]="более" → gr[18]="μᾶλλον" downgraded to u
[1thessalonians 4:11] B: ru[13]="своими" → gr[11]="ὑμῶν" downgraded to u
[1thessalonians 4:12] B: ru[3]="благоприлично" → gr[2]="εὐσχημόνως" downgraded to u
[1thessalonians 4:12] B: ru[4]="перед" → gr[3]="πρὸς" downgraded to u
[1thessalonians 4:12] B: ru[5]="внешними" → gr[5]="ἔξω" downgraded to u
[1thessalonians 4:12] B: ru[10]="не" → gr[7]="μηδενὸς" downgraded to u
[1thessalonians 4:17] B: ru[0]="потом" → gr[0]="ἔπειτα" downgraded to u
[1thessalonians 4:17] B: ru[5]="вместе" → gr[6]="ἅμα" downgraded to u
[1thessalonians 4:17] B: ru[19]="всегда" → gr[20]="πάντοτε" downgraded to u
[1thessalonians 4:18] B: ru[0]="Итак" → gr[0]="ὥστε" downgraded to u
[1thessalonians 5:1] B: ru[5]="нет" → gr[8]="οὐ" downgraded to u
[1thessalonians 5:2] B: ru[3]="достоверно" → gr[2]="ἀκριβῶς" downgraded to u
[1thessalonians 5:3] B: ru[7]="тогда" → gr[5]="τότε" downgraded to u
[1thessalonians 5:6] B: ru[0]="Итак," → gr[0]="ἄρα" downgraded to u
[1thessalonians 5:10] B: ru[10]="вместе" → gr[9]="ἅμα" downgraded to u
[1thessalonians 5:11] B: ru[0]="Посему" → gr[0]="διὸ" downgraded to u
[1thessalonians 5:13] A2: +added ru[8]="их;" ↔ gr[2]="αὐτοὺς"
[1thessalonians 5:13] B: ru[3]="преимущественно" → gr[3]="ὑπερεκπερισσοῦ" downgraded to u
[1thessalonians 5:14] B: ru[1]="также" → gr[1]="δὲ" downgraded to u
[1thessalonians 5:15] B: ru[10]="всегда" → gr[9]="πάντοτε" downgraded to u
[1thessalonians 5:16] B: ru[0]="Всегда" → gr[0]="πάντοτε" downgraded to u
[1thessalonians 5:17] B: ru[0]="Непрестанно" → gr[0]="ἀδιαλείπτως" downgraded to u
[1thessalonians 5:23] B: ru[23]="порока" → gr[20]="ἀμέμπτως" downgraded to u
[1thessalonians 5:27] B: ru[4]="сие" → gr[5]="τὴν" downgraded to u
[1timothy 1:4] B: ru[9]="больше" → gr[9]="μᾶλλον" downgraded to u
[1timothy 1:4] B: ru[11]="нежели" → gr[10]="ἢ" downgraded to u
[1timothy 1:4] B: ru[13]="назидание" → gr[13]="τὴν" downgraded to u
[1timothy 1:7] B: ru[13]="что" → gr[10]="τίνων" downgraded to u
[1timothy 1:8] B: ru[8]="законно" → gr[9]="νομίμως" downgraded to u
[1timothy 1:10] B: ru[11]="что" → gr[7]="τι" downgraded to u
[1timothy 1:13] B: ru[1]="который" → gr[0]="τὸ" downgraded to u
[1timothy 1:16] B: ru[18]="которые" → gr[16]="τῶν" downgraded to u
[1timothy 1:18] B: ru[6]="с" → gr[1]="τὴν" downgraded to u
[1timothy 1:18] B: ru[5]="сообразно" → gr[7]="κατὰ" downgraded to u
[1timothy 2:1] B: ru[0]="Итак" → gr[1]="οὖν" downgraded to u
[1timothy 2:6] B: ru[5]="Таково" → gr[0]="ὁ" downgraded to u
[1timothy 2:8] B: ru[0]="Итак" → gr[1]="οὖν" downgraded to u
[1timothy 2:9] B: ru[1]="также" → gr[0]="ὡσαύτως" downgraded to u
[1timothy 2:10] B: ru[3]="как" → gr[1]="ὃ" downgraded to u
[1timothy 2:13] B: ru[5]="потом" → gr[4]="εἶτα" downgraded to u
[1timothy 2:15] B: ru[0]="впрочем" → gr[1]="δὲ" downgraded to u
[1timothy 3:4] B: ru[0]="хорошо" → gr[3]="καλῶς" downgraded to u
[1timothy 3:5] B: ru[7]="тот" → gr[3]="τοῦ" downgraded to u
[1timothy 3:6] B: ru[12]="с" → gr[8]="τοῦ" downgraded to u
[1timothy 3:7] B: ru[0]="Надлежит" → gr[1]="δὲ" downgraded to u
[1timothy 3:7] B: ru[2]="также" → gr[2]="καὶ" downgraded to u
[1timothy 3:7] B: ru[7]="внешних," → gr[8]="ἔξωθεν" downgraded to u
[1timothy 3:8] B: ru[1]="также" → gr[1]="ὡσαύτως" downgraded to u
[1timothy 3:10] B: ru[5]="потом," → gr[5]="εἶτα" downgraded to u
[1timothy 3:10] B: ru[6]="если" → gr[8]="ὄντες" downgraded to u
[1timothy 3:11] B: ru[0]="Равно" → gr[1]="ὡσαύτως" downgraded to u
[1timothy 3:12] B: ru[6]="хорошо" → gr[6]="καλῶς" downgraded to u
[1timothy 3:13] B: ru[1]="хорошо" → gr[2]="καλῶς" downgraded to u
[1timothy 3:16] B: ru[1]="беспрекословно" → gr[1]="ὁμολογουμένως" downgraded to u
[1timothy 4:1] B: ru[10]="от" → gr[0]="Τὸ" downgraded to u
[1timothy 4:1] B: ru[2]="ясно" → gr[3]="ῥητῶς" downgraded to u
[1timothy 4:3] B: ru[9]="что" → gr[4]="ἃ" downgraded to u
[1timothy 4:8] B: ru[13]="настоящей" → gr[19]="νῦν" downgraded to u
[1timothy 4:9] B: ru[1]="сие" → gr[1]="ὁ" downgraded to u
[1timothy 4:10] B: ru[20]="наипаче" → gr[16]="μάλιστα" downgraded to u
[1timothy 4:14] B: ru[3]="пребывающем" → gr[2]="τοῦ" downgraded to u
[1timothy 4:16] B: ru[10]="так" → gr[7]="τοῦτο" downgraded to u
[1timothy 5:3] B: ru[2]="истинных" → gr[3]="ὄντως" downgraded to u
[1timothy 5:4] B: ru[10]="прежде" → gr[9]="πρῶτον" downgraded to u
[1timothy 5:5] B: ru[0]="Истинная" → gr[2]="ὄντως" downgraded to u
[1timothy 5:5] B: ru[9]="в" → gr[11]="ταῖς" downgraded to u
[1timothy 5:8] B: ru[6]="особенно" → gr[6]="μάλιστα" downgraded to u
[1timothy 5:8] B: ru[7]="о" → gr[10]="τὴν" downgraded to u
[1timothy 5:8] B: ru[15]="и" → gr[14]="ἔστιν" downgraded to u
[1timothy 5:8] B: ru[11]="тот" → gr[3]="τῶν" downgraded to u
[1timothy 5:13] B: ru[0]="притом" → gr[0]="ἅμα" downgraded to u
[1timothy 5:13] B: ru[2]="они," → gr[2]="καὶ" downgraded to u
[1timothy 5:13] B: ru[20]="чего" → gr[18]="τὰ" downgraded to u
[1timothy 5:14] B: ru[0]="Итак" → gr[1]="οὖν" downgraded to u
[1timothy 5:15] B: ru[2]="уже" → gr[0]="ἤδη" downgraded to u
[1timothy 5:15] B: ru[4]="вслед" → gr[4]="ὀπίσω" downgraded to u
[1timothy 5:16] B: ru[19]="истинных" → gr[14]="ὄντως" downgraded to u
[1timothy 5:17] B: ru[9]="которые" → gr[0]="Οἱ" downgraded to u
[1timothy 5:17] B: ru[0]="Достойно" → gr[1]="καλῶς" downgraded to u
[1timothy 5:17] B: ru[7]="особенно" → gr[7]="μάλιστα" downgraded to u
[1timothy 5:19] B: ru[4]="иначе" → gr[5]="ἐκτὸς" downgraded to u
[1timothy 5:20] B: ru[2]="перед" → gr[2]="ἐνώπιον" downgraded to u
[1timothy 5:22] B: ru[6]="поспешно," → gr[1]="ταχέως" downgraded to u
[1timothy 5:23] B: ru[0]="Впредь" → gr[0]="μηκέτι" downgraded to u
[1timothy 5:25] B: ru[1]="образом" → gr[0]="ὡσαύτως" downgraded to u
[1timothy 5:25] B: ru[10]="таковы," → gr[9]="ἄλλως" downgraded to u
[1timothy 6:2] B: ru[1]="которые" → gr[1]="δὲ" downgraded to u
[1timothy 6:2] B: ru[17]="более" → gr[11]="μᾶλλον" downgraded to u
[1timothy 6:12] B: ru[16]="перед" → gr[18]="ἐνώπιον" downgraded to u
[1timothy 6:13] B: ru[8]="Который" → gr[5]="τοῦ" downgraded to u
[1timothy 6:17] B: ru[19]="на" → gr[3]="τῷ" downgraded to u
[1timothy 6:17] B: ru[2]="настоящем" → gr[4]="νῦν" downgraded to u
[1timothy 6:17] B: ru[25]="обильно" → gr[21]="πλουσίως" downgraded to u
[1timothy 6:20] B: ru[0]="О," → gr[0]="Ὦ" downgraded to u
[2corinthians 1:4] B: ru[11]="находящихся" → gr[9]="τὸ" downgraded to u
[2corinthians 1:4] B: ru[15]="тем" → gr[13]="τοὺς" downgraded to u
[2corinthians 1:6] B: ru[9]="которое" → gr[12]="τῆς" downgraded to u
[2corinthians 1:6] B: ru[12]="тех" → gr[15]="τῆς" downgraded to u
[2corinthians 1:6] B: ru[13]="же" → gr[20]="αὐτῶν" downgraded to u
[2corinthians 1:7] B: ru[18]="как" → gr[11]="ἐστε" downgraded to u
[2corinthians 1:7] B: ru[9]="для" → gr[12]="τῶν" downgraded to u
[2corinthians 1:7] B: ru[19]="в" → gr[16]="τῆς" downgraded to u
[2corinthians 1:8] B: ru[15]="в" → gr[10]="τῆς" downgraded to u
[2corinthians 1:8] B: ru[24]="сверх" → gr[18]="ὑπὲρ" downgraded to u
[2corinthians 1:9] B: ru[6]="к" → gr[6]="τοῦ" downgraded to u
[2corinthians 1:10] B: ru[16]="еще" → gr[13]="ἔτι" downgraded to u
[2corinthians 1:12] B: ru[26]="особенно" → gr[30]="περισσοτέρως" downgraded to u
[2corinthians 1:14] B: ru[12]="равно" → gr[10]="καθάπερ" downgraded to u
[2corinthians 1:16] B: ru[9]="опять" → gr[7]="πάλιν" downgraded to u
[2corinthians 1:17] B: ru[4]="ли" → gr[5]="τῇ" downgraded to u
[2corinthians 1:17] B: ru[8]="что" → gr[9]="ἃ" downgraded to u
[2corinthians 1:17] B: ru[15]="что" → gr[15]="ᾖ" downgraded to u
[2corinthians 1:17] B: ru[20]="да," → gr[19]="Ναὶ" downgraded to u
[2corinthians 1:17] B: ru[23]="нет?" → gr[23]="Οὒ" downgraded to u
[2corinthians 1:19] B: ru[9]="мною" → gr[13]="δι" downgraded to u
[2corinthians 1:22] B: ru[0]="Который" → gr[0]="ὁ" downgraded to u
[2corinthians 1:24] B: ru[2]="будто" → gr[1]="ὅτι" downgraded to u
[2corinthians 1:24] B: ru[6]="над" → gr[4]="τῆς" downgraded to u
[2corinthians 2:1] B: ru[0]="Итак" → gr[1]="γὰρ" downgraded to u
[2corinthians 2:1] B: ru[10]="опять" → gr[6]="πάλιν" downgraded to u
[2corinthians 2:2] B: ru[11]="тот," → gr[12]="ὁ" downgraded to u
[2corinthians 2:3] B: ru[24]="что" → gr[19]="ἡ" downgraded to u
[2corinthians 2:4] B: ru[26]="избытке" → gr[22]="περισσοτέρως" downgraded to u
[2corinthians 2:6] B: ru[0]="Для" → gr[1]="τῷ" downgraded to u
[2corinthians 2:7] B: ru[4]="уже" → gr[1]="τοὐναντίον" downgraded to u
[2corinthians 2:7] B: ru[3]="лучше" → gr[2]="μᾶλλον" downgraded to u
[2corinthians 2:7] B: ru[9]="дабы" → gr[9]="τῇ" downgraded to u
[2corinthians 2:9] B: ru[8]="на" → gr[7]="τὴν" downgraded to u
[2corinthians 2:13] B: ru[10]="там" → gr[6]="τῷ" downgraded to u
[2corinthians 2:13] B: ru[7]="что" → gr[9]="με" downgraded to u
[2corinthians 2:14] B: ru[3]="Который" → gr[0]="Τῷ" downgraded to u
[2corinthians 2:14] B: ru[4]="всегда" → gr[5]="πάντοτε" downgraded to u
[2corinthians 2:16] B: ru[0]="для" → gr[0]="οἷς" downgraded to u
[2corinthians 2:16] B: ru[1]="одних" → gr[1]="μὲν" downgraded to u
[2corinthians 3:1] B: ru[2]="снова" → gr[1]="πάλιν" downgraded to u
[2corinthians 3:1] B: ru[6]="Неужели" → gr[4]="ἢ" downgraded to u
[2corinthians 3:5] B: ru[8]="что" → gr[7]="τι" downgraded to u
[2corinthians 3:6] B: ru[0]="Он" → gr[1]="καὶ" downgraded to u
[2corinthians 3:7] B: ru[21]="причине" → gr[24]="διὰ" downgraded to u
[2corinthians 3:8] B: ru[4]="более" → gr[2]="μᾶλλον" downgraded to u
[2corinthians 3:9] B: ru[7]="паче" → gr[8]="μᾶλλον" downgraded to u
[2corinthians 3:10] B: ru[10]="причине" → gr[10]="εἵνεκεν" downgraded to u
[2corinthians 3:11] B: ru[5]="более" → gr[7]="μᾶλλον" downgraded to u
[2corinthians 3:14] B: ru[9]="доныне" → gr[8]="σήμερον" downgraded to u
[2corinthians 3:14] B: ru[11]="неснятым" → gr[20]="μὴ" downgraded to u
[2corinthians 3:15] B: ru[0]="Доныне," → gr[2]="σήμερον" downgraded to u
[2corinthians 3:16] B: ru[6]="это" → gr[7]="τὸ" downgraded to u
[2corinthians 3:17] B: ru[4]="где" → gr[6]="οὗ" downgraded to u
[2corinthians 3:18] B: ru[9]="на" → gr[5]="τὴν" downgraded to u
[2corinthians 4:10] B: ru[0]="Всегда" → gr[0]="πάντοτε" downgraded to u
[2corinthians 4:11] B: ru[3]="непрестанно" → gr[0]="ἀεὶ" downgraded to u
[2corinthians 4:16] B: ru[0]="Посему" → gr[0]="Διὸ" downgraded to u
[2corinthians 4:16] B: ru[6]="внешний" → gr[7]="ἔξω" downgraded to u
[2corinthians 4:17] B: ru[1]="кратковременное" → gr[2]="παραυτίκα" downgraded to u
[2corinthians 4:18] B: ru[4]="на" → gr[3]="τὰ" downgraded to u
[2corinthians 4:18] B: ru[7]="на" → gr[6]="τὰ" downgraded to u
[2corinthians 4:18] B: ru[8]="невидимое:" → gr[7]="μὴ" downgraded to u
[2corinthians 4:18] B: ru[13]="невидимое" → gr[15]="μὴ" downgraded to u
[2corinthians 5:1] B: ru[7]="эта" → gr[8]="τοῦ" downgraded to u
[2corinthians 5:4] B: ru[1]="мы," → gr[2]="οἱ" downgraded to u
[2corinthians 5:4] B: ru[4]="этой" → gr[5]="τῷ" downgraded to u
[2corinthians 5:4] B: ru[10]="что" → gr[10]="ᾧ" downgraded to u
[2corinthians 5:4] B: ru[19]="было" → gr[21]="τῆς" downgraded to u
[2corinthians 5:5] B: ru[9]="нам" → gr[8]="ὁ" downgraded to u
[2corinthians 5:6] B: ru[0]="Итак" → gr[1]="οὖν" downgraded to u
[2corinthians 5:6] B: ru[2]="всегда" → gr[2]="πάντοτε" downgraded to u
[2corinthians 5:8] B: ru[5]="лучше" → gr[4]="μᾶλλον" downgraded to u
[2corinthians 5:10] B: ru[13]="что" → gr[19]="ἃ" downgraded to u
[2corinthians 5:11] B: ru[0]="Итак," → gr[1]="οὖν" downgraded to u
[2corinthians 5:12] B: ru[1]="снова" → gr[1]="πάλιν" downgraded to u
[2corinthians 5:12] B: ru[17]="которые" → gr[16]="ἐν" downgraded to u
[2corinthians 5:16] B: ru[1]="отныне" → gr[4]="νῦν" downgraded to u
[2corinthians 5:16] B: ru[16]="ныне" → gr[16]="νῦν" downgraded to u
[2corinthians 5:17] B: ru[0]="Итак," → gr[0]="ὥστε" downgraded to u
[2corinthians 5:17] B: ru[4]="тот" → gr[7]="τὰ" downgraded to u
[2corinthians 5:20] B: ru[5]="имени" → gr[0]="ὑπὲρ" downgraded to u
[2corinthians 5:20] B: ru[0]="Итак" → gr[2]="οὖν" downgraded to u
[2corinthians 5:20] B: ru[10]="Сам" → gr[5]="τοῦ" downgraded to u
[2corinthians 5:20] B: ru[16]="имени" → gr[11]="ὑπὲρ" downgraded to u
[2corinthians 5:20] B: ru[20]="с" → gr[14]="τῷ" downgraded to u
[2corinthians 6:2] B: ru[15]="теперь" → gr[13]="νῦν" downgraded to u
[2corinthians 6:2] B: ru[19]="теперь" → gr[17]="νῦν" downgraded to u
[2corinthians 6:7] B: ru[9]="в" → gr[11]="τῶν" downgraded to u
[2corinthians 6:8] B: ru[9]="почитают" → gr[8]="ὡς" downgraded to u
[2corinthians 6:9] B: ru[6]="почитают" → gr[0]="ὡς" downgraded to u
[2corinthians 6:10] B: ru[4]="всегда" → gr[2]="ἀεὶ" downgraded to u
[2corinthians 6:14] B: ru[13]="Что" → gr[11]="τίς" downgraded to u
[2corinthians 7:1] B: ru[0]="Итак," → gr[1]="οὖν" downgraded to u
[2corinthians 7:5] B: ru[8]="не" → gr[6]="οὐδεμίαν" downgraded to u
[2corinthians 7:5] B: ru[17]="отвне" → gr[16]="ἔξωθεν" downgraded to u
[2corinthians 7:5] B: ru[20]="внутри" → gr[18]="ἔσωθεν" downgraded to u
[2corinthians 7:7] B: ru[15]="о" → gr[18]="τὴν" downgraded to u
[2corinthians 7:7] B: ru[18]="о" → gr[21]="τὸν" downgraded to u
[2corinthians 7:7] B: ru[21]="о" → gr[24]="τὸν" downgraded to u
[2corinthians 7:7] B: ru[30]="более" → gr[31]="μᾶλλον" downgraded to u
[2corinthians 7:8] B: ru[0]="Посему," → gr[0]="ὅτι" downgraded to u
[2corinthians 7:8] B: ru[8]="хотя" → gr[10]="εἰ" downgraded to u
[2corinthians 7:8] B: ru[16]="то" → gr[17]="ἐκείνη" downgraded to u
[2corinthians 7:8] B: ru[19]="впрочем" → gr[19]="καὶ" downgraded to u
[2corinthians 7:9] B: ru[0]="Теперь" → gr[0]="νῦν" downgraded to u
[2corinthians 7:11] B: ru[1]="то" → gr[3]="τοῦτο" downgraded to u
[2corinthians 7:11] B: ru[35]="этом" → gr[4]="τὸ" downgraded to u
[2corinthians 7:11] B: ru[14]="какие" → gr[12]="ἀλλὰ" downgraded to u
[2corinthians 7:11] B: ru[16]="какое" → gr[14]="ἀλλὰ" downgraded to u
[2corinthians 7:11] B: ru[20]="какой" → gr[16]="ἀλλὰ" downgraded to u
[2corinthians 7:11] B: ru[22]="какое" → gr[18]="ἀλλὰ" downgraded to u
[2corinthians 7:11] B: ru[24]="какую" → gr[20]="ἀλλὰ" downgraded to u
[2corinthians 7:11] B: ru[26]="какое" → gr[22]="ἀλλὰ" downgraded to u
[2corinthians 7:12] B: ru[0]="Итак," → gr[0]="ἄρα" downgraded to u
[2corinthians 7:13] B: ru[7]="более" → gr[8]="περισσοτέρως" downgraded to u
[2corinthians 7:13] B: ru[6]="еще" → gr[9]="μᾶλλον" downgraded to u
[2corinthians 7:14] B: ru[0]="Итак" → gr[0]="ὅτι" downgraded to u
[2corinthians 7:14] B: ru[22]="перед" → gr[22]="ἐπὶ" downgraded to u
[2corinthians 7:15] B: ru[3]="весьма" → gr[4]="περισσοτέρως" downgraded to u
[2corinthians 7:15] B: ru[9]="о" → gr[9]="τὴν" downgraded to u
[2corinthians 8:1] B: ru[3]="о" → gr[4]="τὴν" downgraded to u
[2corinthians 8:2] B: ru[2]="среди" → gr[1]="ἐν" downgraded to u
[2corinthians 8:6] B: ru[0]="поэтому" → gr[0]="εἰς" downgraded to u
[2corinthians 8:8] B: ru[4]="виде" → gr[1]="κατ" downgraded to u
[2corinthians 8:9] B: ru[16]="вы" → gr[17]="τῇ" downgraded to u
[2corinthians 8:10] B: ru[11]="только" → gr[12]="τὸ" downgraded to u
[2corinthians 8:10] B: ru[22]="года." → gr[20]="πέρυσι" downgraded to u
[2corinthians 8:11] B: ru[2]="теперь" → gr[0]="νυνὶ" downgraded to u
[2corinthians 8:11] B: ru[3]="самое" → gr[3]="τὸ" downgraded to u
[2corinthians 8:11] B: ru[6]="чего" → gr[7]="καθάπερ" downgraded to u
[2corinthians 8:14] B: ru[0]="Ныне" → gr[2]="νῦν" downgraded to u
[2corinthians 8:15] B: ru[2]="кто" → gr[2]="Ὁ" downgraded to u
[2corinthians 8:15] B: ru[9]="кто" → gr[8]="ὁ" downgraded to u
[2corinthians 8:17] B: ru[1]="хотя" → gr[2]="μὲν" downgraded to u
[2corinthians 8:17] B: ru[6]="впрочем" → gr[6]="δὲ" downgraded to u
[2corinthians 8:19] B: ru[1]="притом" → gr[0]="οὐ" downgraded to u
[2corinthians 8:19] B: ru[10]="которому" → gr[15]="τῇ" downgraded to u
[2corinthians 8:20] B: ru[11]="приношений," → gr[10]="τῇ" downgraded to u
[2corinthians 8:22] B: ru[9]="много" → gr[10]="πολλάκις" downgraded to u
[2corinthians 8:22] B: ru[16]="ныне" → gr[13]="νυνὶ" downgraded to u
[2corinthians 8:23] B: ru[1]="касается" → gr[1]="ὑπὲρ" downgraded to u
[2corinthians 8:24] A2: +added ru[5]="им" ↔ gr[12]="αὐτοὺς"
[2corinthians 8:24] B: ru[0]="Итак" → gr[1]="οὖν" downgraded to u
[2corinthians 8:24] B: ru[1]="перед" → gr[11]="εἰς" downgraded to u
[2corinthians 9:2] B: ru[16]="года;" → gr[14]="πέρυσι" downgraded to u
[2corinthians 9:2] B: ru[17]="и" → gr[16]="τὸ" downgraded to u
[2corinthians 9:5] B: ru[0]="Посему" → gr[1]="οὖν" downgraded to u
[2corinthians 9:6] B: ru[3]="кто" → gr[2]="ὁ" downgraded to u
[2corinthians 9:6] B: ru[5]="скупо," → gr[4]="φειδομένως" downgraded to u
[2corinthians 9:6] B: ru[7]="скупо" → gr[5]="φειδομένως" downgraded to u
[2corinthians 9:6] B: ru[6]="тот" → gr[9]="ὁ" downgraded to u
[2corinthians 9:8] B: ru[9]="всегда" → gr[12]="πάντοτε" downgraded to u
[2corinthians 9:10] B: ru[2]="семя" → gr[0]="ὁ" downgraded to u
[2corinthians 9:12] B: ru[5]="только" → gr[8]="ἐστὶν" downgraded to u
[2corinthians 9:13] B: ru[1]="видя" → gr[0]="διὰ" downgraded to u
[2corinthians 10:1] B: ru[10]="против" → gr[23]="εἰς" downgraded to u
[2corinthians 10:2] B: ru[9]="той" → gr[2]="τὸ" downgraded to u
[2corinthians 10:2] B: ru[15]="против" → gr[11]="ἐπί" downgraded to u
[2corinthians 10:5] B: ru[4]="против" → gr[4]="κατὰ" downgraded to u
[2corinthians 10:11] B: ru[6]="на" → gr[2]="ὁ" downgraded to u
[2corinthians 10:12] B: ru[10]="которые" → gr[8]="τῶν" downgraded to u
[2corinthians 10:12] B: ru[24]="неразумно." → gr[21]="οὐ" downgraded to u
[2corinthians 10:16] B: ru[3]="далее" → gr[2]="ὑπερέκεινα" downgraded to u
[2corinthians 10:18] B: ru[4]="кто" → gr[2]="ὁ" downgraded to u
[2corinthians 11:1] B: ru[1]="если" → gr[0]="Ὄφελον" downgraded to u
[2corinthians 11:4] B: ru[2]="бы" → gr[1]="μὲν" downgraded to u
[2corinthians 11:4] B: ru[3]="кто," → gr[3]="ὁ" downgraded to u
[2corinthians 11:4] B: ru[34]="очень" → gr[24]="καλῶς" downgraded to u
[2corinthians 11:6] B: ru[0]="хотя" → gr[0]="εἰ" downgraded to u
[2corinthians 11:6] B: ru[4]="в" → gr[4]="τῷ" downgraded to u
[2corinthians 11:6] B: ru[8]="в" → gr[8]="τῇ" downgraded to u
[2corinthians 11:6] B: ru[10]="Впрочем" → gr[10]="ἀλλ" downgraded to u
[2corinthians 11:7] B: ru[1]="ли" → gr[2]="ἐποίησα" downgraded to u
[2corinthians 11:7] B: ru[12]="безмездно" → gr[9]="δωρεὰν" downgraded to u
[2corinthians 11:10] B: ru[0]="По" → gr[0]="ἔστιν" downgraded to u
[2corinthians 11:12] B: ru[7]="они," → gr[13]="ἐν" downgraded to u
[2corinthians 11:14] B: ru[1]="неудивительно:" → gr[1]="οὐ" downgraded to u
[2corinthians 11:16] B: ru[0]="Еще" → gr[0]="Πάλιν" downgraded to u
[2corinthians 11:16] B: ru[14]="хотя" → gr[12]="κἂν" downgraded to u
[2corinthians 11:17] B: ru[0]="Что" → gr[0]="ὃ" downgraded to u
[2corinthians 11:17] B: ru[15]="на" → gr[14]="τῆς" downgraded to u
[2corinthians 11:19] B: ru[4]="охотно" → gr[0]="ἡδέως" downgraded to u
[2corinthians 11:23] B: ru[6]="больше." → gr[5]="ὑπὲρ" downgraded to u
[2corinthians 11:23] B: ru[9]="более" → gr[9]="περισσοτέρως" downgraded to u
[2corinthians 11:23] B: ru[16]="более" → gr[12]="περισσοτέρως" downgraded to u
[2corinthians 11:23] B: ru[13]="безмерно" → gr[15]="ὑπερβαλλόντως" downgraded to u
[2corinthians 11:23] B: ru[20]="многократно" → gr[18]="πολλάκις" downgraded to u
[2corinthians 11:24] B: ru[3]="раз" → gr[2]="πεντάκις" downgraded to u
[2corinthians 11:25] B: ru[1]="раза" → gr[0]="τρὶς" downgraded to u
[2corinthians 11:25] B: ru[5]="однажды" → gr[2]="ἅπαξ" downgraded to u
[2corinthians 11:25] B: ru[9]="раза" → gr[4]="τρὶς" downgraded to u
[2corinthians 11:26] B: ru[0]="много" → gr[1]="πολλάκις" downgraded to u
[2corinthians 11:27] B: ru[5]="часто" → gr[5]="πολλάκις" downgraded to u
[2corinthians 11:27] B: ru[12]="часто" → gr[12]="πολλάκις" downgraded to u
[2corinthians 11:28] B: ru[0]="Кроме" → gr[0]="χωρὶς" downgraded to u
[2corinthians 11:28] B: ru[1]="посторонних" → gr[2]="παρεκτὸς" downgraded to u
[2corinthians 11:28] B: ru[4]="меня" → gr[7]="καθ" downgraded to u
[2corinthians 12:2] B: ru[5]="назад" → gr[4]="πρὸ" downgraded to u
[2corinthians 12:2] B: ru[15]="вне" → gr[13]="ἐκτὸς" downgraded to u
[2corinthians 12:3] B: ru[2]="о" → gr[2]="τὸν" downgraded to u
[2corinthians 12:3] B: ru[12]="вне" → gr[10]="τοῦ" downgraded to u
[2corinthians 12:4] B: ru[12]="нельзя" → gr[10]="οὐ" downgraded to u
[2corinthians 12:5] B: ru[8]="разве" → gr[9]="εἰ" downgraded to u
[2corinthians 12:6] B: ru[0]="Впрочем," → gr[1]="γὰρ" downgraded to u
[2corinthians 12:6] B: ru[20]="более," → gr[17]="ὑπὲρ" downgraded to u
[2corinthians 12:7] B: ru[10]="в" → gr[12]="τῇ" downgraded to u
[2corinthians 12:8] B: ru[0]="Трижды" → gr[2]="τρὶς" downgraded to u
[2corinthians 12:9] B: ru[18]="гораздо" → gr[16]="μᾶλλον" downgraded to u
[2corinthians 12:10] B: ru[0]="Посему" → gr[0]="διὸ" downgraded to u
[2corinthians 12:10] B: ru[19]="тогда" → gr[17]="τότε" downgraded to u
[2corinthians 12:11] B: ru[26]="хотя" → gr[17]="εἰ" downgraded to u
[2corinthians 12:12] B: ru[3]="перед" → gr[6]="ἐν" downgraded to u
[2corinthians 12:13] B: ru[5]="перед" → gr[5]="ὑπὲρ" downgraded to u
[2corinthians 12:13] B: ru[8]="разве" → gr[9]="εἰ" downgraded to u
[2corinthians 12:14] B: ru[5]="готов" → gr[3]="ἑτοίμως" downgraded to u
[2corinthians 12:14] B: ru[26]="для" → gr[23]="τοῖς" downgraded to u
[2corinthians 12:14] B: ru[30]="для" → gr[29]="τοῖς" downgraded to u
[2corinthians 12:15] B: ru[11]="несмотря" → gr[10]="εἰ" downgraded to u
[2corinthians 12:15] B: ru[15]="чрезвычайно" → gr[11]="περισσοτέρως" downgraded to u
[2corinthians 12:18] B: ru[7]="одного" → gr[4]="τὸν" downgraded to u
[2corinthians 12:19] B: ru[12]="пред" → gr[10]="τὰ" downgraded to u
[2corinthians 12:21] B: ru[1]="опять," → gr[1]="πάλιν" downgraded to u
[2corinthians 12:21] B: ru[17]="которые" → gr[14]="τῶν" downgraded to u
[2corinthians 13:2] B: ru[9]="во" → gr[5]="τὸ" downgraded to u
[2corinthians 13:2] B: ru[13]="теперь," → gr[9]="νῦν" downgraded to u
[2corinthians 13:2] B: ru[15]="пишу" → gr[10]="τοῖς" downgraded to u
[2corinthians 13:2] B: ru[23]="опять" → gr[21]="πάλιν" downgraded to u
[2corinthians 13:5] B: ru[25]="то," → gr[21]="ἐστε" downgraded to u
[2corinthians 13:6] B: ru[6]="мы" → gr[6]="οὐ" downgraded to u
[2corinthians 13:7] B: ru[22]="хотя" → gr[22]="δὲ" downgraded to u
[2corinthians 13:8] B: ru[4]="против" → gr[4]="κατὰ" downgraded to u
[2corinthians 13:9] B: ru[12]="о" → gr[12]="τὴν" downgraded to u
[2corinthians 13:10] B: ru[13]="строгости" → gr[8]="ἀποτόμως" downgraded to u
[2john 1:1] B: ru[14]="только" → gr[16]="μόνος" downgraded to u
[2john 1:2] B: ru[2]="которая" → gr[3]="τὴν" downgraded to u
[2john 1:4] B: ru[1]="весьма" → gr[1]="λίαν" downgraded to u
[2john 1:5] B: ru[1]="ныне" → gr[1]="νῦν" downgraded to u
[2john 1:6] B: ru[12]="та" → gr[8]="τὰς" downgraded to u
[2john 1:6] B: ru[14]="которую" → gr[15]="καθὼς" downgraded to u
[2john 1:9] B: ru[1]="преступающий" → gr[6]="ἐν" downgraded to u
[2john 1:9] B: ru[13]="в" → gr[9]="τοῦ" downgraded to u
[2peter 1:3] B: ru[1]="от" → gr[3]="τῆς" downgraded to u
[2peter 1:5] B: ru[0]="то" → gr[1]="αὐτὸ" downgraded to u
[2peter 1:9] B: ru[3]="нет" → gr[2]="μὴ" downgraded to u
[2peter 1:9] B: ru[10]="об" → gr[9]="λαβὼν" downgraded to u
[2peter 1:9] B: ru[12]="прежних" → gr[13]="πάλαι" downgraded to u
[2peter 1:10] B: ru[0]="Посему," → gr[0]="διὸ" downgraded to u
[2peter 1:10] B: ru[2]="более" → gr[1]="μᾶλλον" downgraded to u
[2peter 1:10] B: ru[12]="так" → gr[11]="ταῦτα" downgraded to u
[2peter 1:10] B: ru[14]="никогда" → gr[17]="ποτε" downgraded to u
[2peter 1:11] B: ru[4]="свободный" → gr[2]="πλουσίως" downgraded to u
[2peter 1:12] B: ru[1]="того" → gr[0]="Διὸ" downgraded to u
[2peter 1:12] B: ru[3]="никогда" → gr[2]="ἀεὶ" downgraded to u
[2peter 1:12] B: ru[10]="хотя" → gr[7]="καίπερ" downgraded to u
[2peter 1:15] B: ru[9]="всегда" → gr[3]="ἑκάστοτε" downgraded to u
[2peter 1:15] B: ru[6]="после" → gr[6]="μετὰ" downgraded to u
[2peter 1:19] B: ru[9]="хорошо" → gr[7]="καλῶς" downgraded to u
[2peter 1:19] B: ru[22]="доколе" → gr[16]="ἕως" downgraded to u
[2peter 1:20] B: ru[3]="то," → gr[0]="τοῦτο" downgraded to u
[2peter 1:20] B: ru[9]="нельзя" → gr[9]="οὐ" downgraded to u
[2peter 1:21] B: ru[1]="никогда" → gr[6]="ποτέ" downgraded to u
[2peter 2:1] A2: +added ru[18]="их" ↔ gr[20]="αὐτοὺς"
[2peter 2:3] B: ru[10]="давно" → gr[10]="ἔκπαλαι" downgraded to u
[2peter 2:3] B: ru[11]="готов," → gr[11]="οὐ" downgraded to u
[2peter 2:8] B: ru[1]="сей" → gr[4]="ὁ" downgraded to u
[2peter 2:10] B: ru[1]="наипаче" → gr[0]="μάλιστα" downgraded to u
[2peter 2:10] B: ru[3]="которые" → gr[2]="τοὺς" downgraded to u
[2peter 2:10] B: ru[5]="вслед" → gr[3]="ὀπίσω" downgraded to u
[2peter 2:17] B: ru[5]="мглы," → gr[6]="ὑπὸ" downgraded to u
[2peter 2:18] B: ru[12]="которые" → gr[9]="τοὺς" downgraded to u
[2peter 2:19] B: ru[11]="тот" → gr[6]="τῆς" downgraded to u
[2peter 2:20] B: ru[5]="чрез" → gr[7]="ἐν" downgraded to u
[2peter 2:20] B: ru[13]="опять" → gr[17]="πάλιν" downgraded to u
[2peter 2:21] B: ru[1]="бы" → gr[2]="ἦν" downgraded to u
[2peter 2:21] B: ru[7]="нежели," → gr[10]="ἢ" downgraded to u
[2peter 2:22] B: ru[4]="по" → gr[2]="τὸ" downgraded to u
[2peter 3:1] B: ru[1]="уже" → gr[1]="ἤδη" downgraded to u
[2peter 3:1] B: ru[12]="ваш" → gr[13]="τὴν" downgraded to u
[2peter 3:2] B: ru[5]="реченные" → gr[4]="ὑπὸ" downgraded to u
[2peter 3:4] B: ru[2]="где" → gr[2]="Ποῦ" downgraded to u
[2peter 3:4] B: ru[9]="пор," → gr[12]="οἱ" downgraded to u
[2peter 3:5] B: ru[1]="так" → gr[3]="τοῦτο" downgraded to u
[2peter 3:5] B: ru[5]="вначале" → gr[8]="ἔκπαλαι" downgraded to u
[2peter 3:6] B: ru[0]="потому" → gr[1]="ὧν" downgraded to u
[2peter 3:6] B: ru[1]="тогдашний" → gr[3]="τότε" downgraded to u
[2peter 3:7] B: ru[1]="нынешние" → gr[2]="νῦν" downgraded to u
[2peter 3:8] B: ru[1]="то" → gr[2]="τοῦτο" downgraded to u
[2peter 3:10] B: ru[11]="шумом" → gr[10]="ῥοιζηδὸν" downgraded to u
[2peter 3:13] B: ru[0]="Впрочем" → gr[1]="δὲ" downgraded to u
[2peter 3:14] B: ru[0]="Итак," → gr[0]="Διό" downgraded to u
[2peter 3:16] B: ru[14]="что" → gr[16]="ἃ" downgraded to u
[2peter 3:17] B: ru[0]="Итак" → gr[1]="οὖν" downgraded to u
[2peter 3:18] B: ru[15]="ныне" → gr[17]="νῦν" downgraded to u
[2thessalonians 1:3] B: ru[0]="Всегда" → gr[4]="πάντοτε" downgraded to u
[2thessalonians 1:4] B: ru[3]="сами" → gr[3]="ἐν" downgraded to u
[2thessalonians 1:5] B: ru[2]="того," → gr[1]="τῆς" downgraded to u
[2thessalonians 1:11] B: ru[4]="всегда" → gr[4]="πάντοτε" downgraded to u
[2thessalonians 2:2] B: ru[1]="спешить" → gr[3]="ταχέως" downgraded to u
[2thessalonians 2:2] B: ru[19]="будто" → gr[23]="ὡς" downgraded to u
[2thessalonians 2:3] B: ru[11]="доколе" → gr[8]="ἐὰν" downgraded to u
[2thessalonians 2:3] B: ru[8]="тот" → gr[11]="ἡ" downgraded to u
[2thessalonians 2:4] B: ru[3]="выше" → gr[4]="ἐπὶ" downgraded to u
[2thessalonians 2:4] B: ru[20]="за" → gr[21]="ἔστιν" downgraded to u
[2thessalonians 2:5] B: ru[5]="еще" → gr[3]="ἔτι" downgraded to u
[2thessalonians 2:6] B: ru[1]="ныне" → gr[1]="νῦν" downgraded to u
[2thessalonians 2:6] B: ru[4]="что" → gr[2]="τὸ" downgraded to u
[2thessalonians 2:7] B: ru[3]="уже" → gr[3]="ἤδη" downgraded to u
[2thessalonians 2:7] B: ru[6]="только" → gr[5]="τῆς" downgraded to u
[2thessalonians 2:7] B: ru[19]="теперь." → gr[10]="ἄρτι" downgraded to u
[2thessalonians 2:8] B: ru[1]="тогда" → gr[1]="τότε" downgraded to u
[2thessalonians 2:8] B: ru[7]="убьет" → gr[10]="τῷ" downgraded to u
[2thessalonians 2:10] B: ru[8]="что" → gr[8]="ὧν" downgraded to u
[2thessalonians 2:10] B: ru[15]="своего" → gr[18]="αὐτούς" downgraded to u
[2thessalonians 2:13] B: ru[2]="всегда" → gr[6]="πάντοτε" downgraded to u
[2thessalonians 2:15] B: ru[0]="Итак," → gr[0]="ἄρα" downgraded to u
[2thessalonians 3:4] B: ru[13]="что" → gr[7]="ἃ" downgraded to u
[2thessalonians 3:6] B: ru[14]="бесчинно," → gr[16]="ἀτάκτως" downgraded to u
[2thessalonians 3:8] B: ru[6]="даром," → gr[1]="δωρεὰν" downgraded to u
[2thessalonians 3:10] B: ru[9]="сие:" → gr[9]="ὅτι" downgraded to u
[2thessalonians 3:11] B: ru[7]="бесчинно," → gr[6]="ἀτάκτως" downgraded to u
[2thessalonians 3:14] B: ru[8]="сем" → gr[9]="τῆς" downgraded to u
[2thessalonians 3:17] B: ru[4]="что" → gr[6]="ὅ" downgraded to u
[2timothy 1:8] B: ru[0]="Итак," → gr[1]="οὖν" downgraded to u
[2timothy 1:9] B: ru[21]="прежде" → gr[24]="πρὸ" downgraded to u
[2timothy 1:10] B: ru[2]="ныне" → gr[2]="νῦν" downgraded to u
[2timothy 1:12] B: ru[6]="так;" → gr[4]="ταῦτα" downgraded to u
[2timothy 1:14] B: ru[2]="залог" → gr[4]="διὰ" downgraded to u
[2timothy 1:16] B: ru[10]="многократно" → gr[8]="πολλάκις" downgraded to u
[2timothy 2:1] B: ru[0]="Итак" → gr[1]="οὖν" downgraded to u
[2timothy 2:2] B: ru[1]="что" → gr[1]="ἃ" downgraded to u
[2timothy 2:2] B: ru[8]="то" → gr[8]="ταῦτα" downgraded to u
[2timothy 2:5] B: ru[8]="незаконно" → gr[8]="μὴ" downgraded to u
[2timothy 2:6] B: ru[3]="должно" → gr[0]="τὸν" downgraded to u
[2timothy 2:7] B: ru[1]="что" → gr[1]="ὃ" downgraded to u
[2timothy 2:9] B: ru[10]="для" → gr[8]="ὁ" downgraded to u
[2timothy 2:9] B: ru[13]="нет" → gr[12]="οὐ" downgraded to u
[2timothy 2:18] B: ru[7]="уже" → gr[7]="ἤδη" downgraded to u
[2timothy 2:18] B: ru[11]="в" → gr[11]="τήν" downgraded to u
[2timothy 2:21] B: ru[0]="Итак," → gr[1]="οὖν" downgraded to u
[2timothy 2:21] B: ru[6]="тот" → gr[13]="τῷ" downgraded to u
[2timothy 2:22] B: ru[10]="всеми" → gr[0]="τὰς" downgraded to u
[2timothy 2:25] B: ru[4]="не" → gr[5]="μήποτε" downgraded to u
[2timothy 2:26] B: ru[10]="свою" → gr[12]="ἐκείνου" downgraded to u
[2timothy 3:4] B: ru[3]="более" → gr[4]="μᾶλλον" downgraded to u
[2timothy 3:4] B: ru[5]="нежели" → gr[5]="ἢ" downgraded to u
[2timothy 3:6] B: ru[4]="которые" → gr[4]="οἱ" downgraded to u
[2timothy 3:7] B: ru[0]="всегда" → gr[0]="πάντοτε" downgraded to u
[2timothy 3:7] B: ru[3]="никогда" → gr[3]="μηδέποτε" downgraded to u
[2timothy 3:8] B: ru[0]="Как" → gr[1]="τρόπον" downgraded to u
[2timothy 3:12] B: ru[5]="благочестиво" → gr[6]="εὐσεβῶς" downgraded to u
[2timothy 3:15] B: ru[0]="Притом" → gr[1]="ὅτι" downgraded to u
[2timothy 3:15] B: ru[8]="которые" → gr[15]="τῆς" downgraded to u
[2timothy 4:1] B: ru[10]="Который" → gr[14]="τὴν" downgraded to u
[2timothy 4:1] B: ru[16]="в" → gr[18]="τὴν" downgraded to u
[2timothy 4:2] B: ru[4]="время" → gr[4]="εὐκαίρως" downgraded to u
[2timothy 4:2] B: ru[8]="время," → gr[5]="ἀκαίρως" downgraded to u
[2timothy 4:6] B: ru[2]="уже" → gr[2]="ἤδη" downgraded to u
[2timothy 4:9] B: ru[4]="скоро." → gr[4]="ταχέως" downgraded to u
[2timothy 4:10] B: ru[5]="нынешний" → gr[6]="νῦν" downgraded to u
[2timothy 4:13] B: ru[13]="особенно" → gr[13]="μάλιστα" downgraded to u
[2timothy 4:15] B: ru[6]="сильно" → gr[4]="λίαν" downgraded to u
[2timothy 4:17] B: ru[9]="меня" → gr[0]="ὁ" downgraded to u
[3john 1:3] B: ru[2]="весьма" → gr[2]="λίαν" downgraded to u
[3john 1:4] B: ru[2]="нет" → gr[2]="οὐ" downgraded to u
[3john 1:5] B: ru[7]="что" → gr[3]="ὃ" downgraded to u
[3john 1:6] B: ru[2]="перед" → gr[5]="ἐνώπιον" downgraded to u
[3john 1:6] B: ru[8]="хорошо" → gr[8]="καλῶς" downgraded to u
[3john 1:6] B: ru[14]="должно" → gr[11]="ἀξίως" downgraded to u
[3john 1:8] B: ru[0]="Итак" → gr[1]="οὖν" downgraded to u
[3john 1:8] B: ru[3]="принимать" → gr[4]="τοὺς" downgraded to u
[3john 1:10] B: ru[6]="о" → gr[6]="τὰ" downgraded to u
[3john 1:11] B: ru[6]="Кто" → gr[8]="ὁ" downgraded to u
[3john 1:12] B: ru[8]="также" → gr[11]="δὲ" downgraded to u
[3john 1:14] B: ru[2]="скоро" → gr[2]="εὐθέως" downgraded to u
[acts 1:1] B: ru[9]="что" → gr[9]="ὧν" downgraded to u
[acts 1:2] B: ru[10]="повеления" → gr[4]="τοῖς" downgraded to u
[acts 1:3] B: ru[13]="продолжение" → gr[12]="δι" downgraded to u
[acts 1:4] B: ru[13]="от" → gr[12]="τοῦ" downgraded to u
[acts 1:5] B: ru[9]="после" → gr[12]="μετὰ" downgraded to u
[acts 1:6] B: ru[0]="Посему" → gr[2]="οὖν" downgraded to u
[acts 1:11] B: ru[4]="что" → gr[5]="τί" downgraded to u
[acts 1:11] B: ru[19]="таким" → gr[21]="οὕτως" downgraded to u
[acts 1:11] B: ru[22]="как" → gr[24]="τρόπον" downgraded to u
[acts 1:12] B: ru[0]="Тогда" → gr[0]="Τότε" downgraded to u
[acts 1:12] B: ru[11]="близ" → gr[11]="ἐγγὺς" downgraded to u
[acts 1:13] B: ru[5]="где" → gr[7]="οὗ" downgraded to u
[acts 1:14] B: ru[2]="единодушно" → gr[4]="ὁμοθυμαδὸν" downgraded to u
[acts 1:16] B: ru[3]="человек" → gr[4]="τὴν" downgraded to u
[acts 1:16] B: ru[12]="что" → gr[6]="ἣν" downgraded to u
[acts 1:16] B: ru[15]="предрек" → gr[10]="τὸ" downgraded to u
[acts 1:16] B: ru[25]="которые" → gr[20]="τοῖς" downgraded to u
[acts 1:19] B: ru[17]="то" → gr[17]="τοῦτ" downgraded to u
[acts 1:21] B: ru[0]="Итак" → gr[1]="οὖν" downgraded to u
[acts 1:21] B: ru[3]="один" → gr[2]="τῶν" downgraded to u
[acts 1:22] B: ru[5]="того" → gr[6]="τῆς" downgraded to u
[acts 2:1] B: ru[7]="единодушно" → gr[11]="ἐπὶ" downgraded to u
[acts 2:2] B: ru[1]="внезапно" → gr[2]="ἄφνω" downgraded to u
[acts 2:2] B: ru[16]="где" → gr[16]="οὗ" downgraded to u
[acts 2:10] B: ru[7]="прилежащих" → gr[11]="κατὰ" downgraded to u
[acts 2:12] B: ru[8]="что" → gr[9]="Τί" downgraded to u
[acts 2:19] B: ru[5]="вверху" → gr[6]="ἄνω" downgraded to u
[acts 2:19] B: ru[10]="внизу," → gr[12]="κάτω" downgraded to u
[acts 2:20] B: ru[9]="прежде" → gr[10]="πρὶν" downgraded to u
[acts 2:20] B: ru[10]="нежели" → gr[11]="ἢ" downgraded to u
[acts 2:23] B: ru[1]="по" → gr[1]="τῇ" downgraded to u
[acts 2:24] B: ru[10]="невозможно" → gr[10]="οὐ" downgraded to u
[acts 2:31] B: ru[8]="оставлена" → gr[13]="ἡ" downgraded to u
[acts 2:33] B: ru[0]="Итак" → gr[2]="οὖν" downgraded to u
[acts 2:33] B: ru[14]="то," → gr[18]="τοῦτο" downgraded to u
[acts 2:33] B: ru[15]="что" → gr[19]="ὃ" downgraded to u
[acts 2:35] B: ru[0]="доколе" → gr[0]="ἕως" downgraded to u
[acts 2:36] B: ru[1]="твердо" → gr[0]="ἀσφαλῶς" downgraded to u
[acts 2:36] B: ru[0]="Итак" → gr[1]="οὖν" downgraded to u
[acts 2:37] B: ru[11]="что" → gr[14]="Τί" downgraded to u
[acts 2:38] B: ru[2]="сказал" → gr[2]="πρὸς" downgraded to u
[acts 2:39] B: ru[9]="дальним," → gr[12]="εἰς" downgraded to u
[acts 2:41] B: ru[0]="Итак" → gr[2]="οὖν" downgraded to u
[acts 2:41] B: ru[12]="около" → gr[15]="ὡσεὶ" downgraded to u
[acts 2:42] B: ru[4]="в" → gr[3]="τῇ" downgraded to u
[acts 2:42] B: ru[13]="в" → gr[12]="τοῦ" downgraded to u
[acts 2:45] B: ru[4]="всякую" → gr[4]="τὰς" downgraded to u
[acts 2:45] B: ru[9]="смотря" → gr[11]="καθότι" downgraded to u
[acts 2:46] B: ru[2]="день" → gr[0]="καθ" downgraded to u
[acts 2:46] B: ru[3]="единодушно" → gr[4]="ὁμοθυμαδὸν" downgraded to u
[acts 3:1] B: ru[4]="вместе" → gr[8]="ἐπὶ" downgraded to u
[acts 3:1] B: ru[7]="в" → gr[11]="τῆς" downgraded to u
[acts 3:2] B: ru[0]="И" → gr[1]="τις" downgraded to u
[acts 3:2] B: ru[12]="каждый" → gr[12]="καθ" downgraded to u
[acts 3:6] B: ru[6]="нет" → gr[6]="οὐ" downgraded to u
[acts 3:6] B: ru[10]="что" → gr[9]="ὃ" downgraded to u
[acts 3:6] B: ru[12]="то" → gr[12]="τοῦτό" downgraded to u
[acts 3:7] B: ru[3]="за" → gr[3]="τῆς" downgraded to u
[acts 3:7] B: ru[8]="вдруг" → gr[8]="παραχρῆμα" downgraded to u
[acts 3:10] B: ru[6]="тот," → gr[6]="ὁ" downgraded to u
[acts 3:10] B: ru[7]="который" → gr[8]="τὴν" downgraded to u
[acts 3:11] B: ru[6]="от" → gr[6]="τὸν" downgraded to u
[acts 3:12] B: ru[0]="Увидев" → gr[1]="δὲ" downgraded to u
[acts 3:12] B: ru[25]="что" → gr[6]="τὸν" downgraded to u
[acts 3:12] B: ru[7]="что" → gr[10]="τί" downgraded to u
[acts 3:12] B: ru[11]="что" → gr[16]="τί" downgraded to u
[acts 3:13] A: ru[11]="Своего" → ru[27]="Его." (gr[15]="αὐτοῦ")
[acts 3:13] B: ru[20]="перед" → gr[23]="κατὰ" downgraded to u
[acts 3:14] B: ru[2]="от" → gr[2]="τὸν" downgraded to u
[acts 3:16] B: ru[17]="которая" → gr[17]="ἡ" downgraded to u
[acts 3:16] B: ru[24]="перед" → gr[27]="ἀπέναντι" downgraded to u
[acts 3:17] B: ru[0]="Впрочем" → gr[1]="νῦν" downgraded to u
[acts 3:18] B: ru[2]="как" → gr[3]="ἃ" downgraded to u
[acts 3:19] B: ru[0]="Итак" → gr[1]="οὖν" downgraded to u
[acts 3:19] B: ru[4]="чтобы" → gr[5]="τὸ" downgraded to u
[acts 3:20] B: ru[10]="Он" → gr[11]="τὸν" downgraded to u
[acts 3:21] B: ru[3]="было" → gr[3]="μὲν" downgraded to u
[acts 3:21] B: ru[9]="что" → gr[9]="ὧν" downgraded to u
[acts 3:22] B: ru[2]="отцам:" → gr[3]="ὅτι" downgraded to u
[acts 3:22] B: ru[18]="что" → gr[20]="ὅσα" downgraded to u
[acts 3:24] B: ru[6]="после" → gr[9]="καθεξῆς" downgraded to u
[acts 3:24] B: ru[12]="также" → gr[12]="καὶ" downgraded to u
[acts 3:24] B: ru[13]="предвозвестили" → gr[14]="τὰς" downgraded to u
[acts 4:3] B: ru[11]="утра;" → gr[11]="αὔριον" downgraded to u
[acts 4:3] B: ru[13]="уже" → gr[15]="ἤδη" downgraded to u
[acts 4:4] B: ru[2]="из" → gr[2]="τῶν" downgraded to u
[acts 4:4] B: ru[9]="таковых" → gr[11]="τῶν" downgraded to u
[acts 4:5] B: ru[1]="другой" → gr[4]="αὔριον" downgraded to u
[acts 4:7] A2: +added ru[2]="их" ↔ gr[2]="αὐτοὺς"
[acts 4:8] B: ru[0]="Тогда" → gr[0]="τότε" downgraded to u
[acts 4:9] B: ru[3]="сегодня" → gr[2]="σήμερον" downgraded to u
[acts 4:9] B: ru[10]="как" → gr[9]="τίνι" downgraded to u
[acts 4:10] B: ru[26]="перед" → gr[30]="ἐνώπιον" downgraded to u
[acts 4:11] B: ru[15]="ином" → gr[8]="τῶν" downgraded to u
[acts 4:13] A2: +added ru[18]="их," ↔ gr[19]="αὐτοὺς"
[acts 4:14] B: ru[1]="же" → gr[0]="τόν" downgraded to u
[acts 4:16] B: ru[1]="что" → gr[1]="Τί" downgraded to u
[acts 4:18] A2: +added ru[2]="их," ↔ gr[2]="αὐτοὺς"
[acts 4:18] B: ru[4]="им" → gr[4]="τὸ" downgraded to u
[acts 4:18] B: ru[5]="отнюдь" → gr[5]="καθόλου" downgraded to u
[acts 4:19] B: ru[5]="им" → gr[7]="πρὸς" downgraded to u
[acts 4:19] B: ru[10]="ли" → gr[11]="ἐστιν" downgraded to u
[acts 4:19] B: ru[15]="более," → gr[17]="μᾶλλον" downgraded to u
[acts 4:19] B: ru[16]="нежели" → gr[18]="ἢ" downgraded to u
[acts 4:20] B: ru[6]="что" → gr[4]="ἃ" downgraded to u
[acts 4:21] B: ru[5]="не" → gr[5]="μηδὲν" downgraded to u
[acts 4:21] B: ru[7]="возможности" → gr[8]="πῶς" downgraded to u
[acts 4:21] B: ru[11]="причине" → gr[11]="διὰ" downgraded to u
[acts 4:22] B: ru[5]="тому" → gr[5]="ὁ" downgraded to u
[acts 4:23] B: ru[8]="что" → gr[8]="ὅσα" downgraded to u
[acts 4:23] B: ru[10]="им" → gr[11]="οἱ" downgraded to u
[acts 4:24] B: ru[3]="единодушно" → gr[3]="ὁμοθυμαδὸν" downgraded to u
[acts 4:24] B: ru[20]="что" → gr[25]="τὰ" downgraded to u
[acts 4:25] B: ru[0]="Ты" → gr[4]="διὰ" downgraded to u
[acts 4:29] B: ru[1]="ныне," → gr[2]="νῦν" downgraded to u
[acts 4:30] B: ru[0]="тогда" → gr[0]="ἐν" downgraded to u
[acts 4:32] B: ru[11]="никто" → gr[11]="οὐδὲ" downgraded to u
[acts 4:33] A2: +added ru[17]="их." ↔ gr[19]="αὐτούς"
[acts 4:33] B: ru[6]="о" → gr[6]="οἱ" downgraded to u
[acts 4:35] B: ru[9]="чем" → gr[10]="καθότι" downgraded to u
[acts 4:36] B: ru[3]="от" → gr[2]="ὁ" downgraded to u
[acts 4:36] B: ru[6]="что" → gr[9]="ἐστιν" downgraded to u
[acts 4:37] B: ru[11]="к" → gr[10]="τοὺς" downgraded to u
[acts 5:3] B: ru[5]="чего" → gr[2]="ὁ" downgraded to u
[acts 5:4] B: ru[3]="не" → gr[0]="οὐχὶ" downgraded to u
[acts 5:7] B: ru[11]="о" → gr[12]="τὸ" downgraded to u
[acts 5:8] A2: +added ru[3]="ее:" ↔ gr[3]="αὐτὴν"
[acts 5:8] B: ru[12]="Она" → gr[13]="δὲ" downgraded to u
[acts 5:8] B: ru[14]="да," → gr[15]="Ναί" downgraded to u
[acts 5:9] B: ru[2]="сказал" → gr[3]="πρὸς" downgraded to u
[acts 5:9] B: ru[4]="что" → gr[5]="Τί" downgraded to u
[acts 5:9] B: ru[5]="это" → gr[6]="ὅτι" downgraded to u
[acts 5:10] A2: +added ru[20]="ее." ↔ gr[14]="αὐτὴν"
[acts 5:10] B: ru[0]="Вдруг" → gr[2]="παραχρῆμα" downgraded to u
[acts 5:10] B: ru[18]="подле" → gr[3]="πρὸς" downgraded to u
[acts 5:10] B: ru[3]="у" → gr[4]="τοὺς" downgraded to u
[acts 5:12] B: ru[12]="единодушно" → gr[16]="ὁμοθυμαδὸν" downgraded to u
[acts 5:13] A2: +added ru[12]="их." ↔ gr[9]="αὐτοὺς"
[acts 5:13] B: ru[0]="Из" → gr[0]="τῶν" downgraded to u
[acts 5:14] B: ru[2]="более" → gr[0]="μᾶλλον" downgraded to u
[acts 5:15] B: ru[4]="на" → gr[6]="τοὺς" downgraded to u
[acts 5:15] B: ru[13]="хотя" → gr[17]="κἂν" downgraded to u
[acts 5:16] B: ru[1]="также" → gr[2]="καὶ" downgraded to u
[acts 5:16] B: ru[5]="из" → gr[5]="τῶν" downgraded to u
[acts 5:16] B: ru[6]="окрестных" → gr[6]="πέριξ" downgraded to u
[acts 5:18] B: ru[3]="свои" → gr[9]="αὐτοὺς" downgraded to u
[acts 5:19] A2: +added ru[9]="их," ↔ gr[12]="αὐτοὺς"
[acts 5:21] B: ru[12]="которые" → gr[13]="ὁ" downgraded to u
[acts 5:22] A2: +added ru[5]="их" ↔ gr[6]="αὐτοὺς"
[acts 5:23] B: ru[11]="перед" → gr[10]="τοὺς" downgraded to u
[acts 5:23] B: ru[18]="ней" → gr[18]="ἔσω" downgraded to u
[acts 5:24] B: ru[8]="прочие" → gr[12]="οἱ" downgraded to u
[acts 5:24] B: ru[11]="что" → gr[17]="τί" downgraded to u
[acts 5:25] B: ru[6]="говоря:" → gr[5]="ὅτι" downgraded to u
[acts 5:26] B: ru[0]="Тогда" → gr[0]="τότε" downgraded to u
[acts 5:27] B: ru[8]="их" → gr[10]="ὁ" downgraded to u
[acts 5:29] B: ru[9]="больше" → gr[10]="μᾶλλον" downgraded to u
[acts 5:29] B: ru[11]="нежели" → gr[11]="ἢ" downgraded to u
[acts 5:32] A2: +added ru[12]="Ему." ↔ gr[18]="αὐτῷ"
[acts 5:33] A2: +added ru[9]="их." ↔ gr[7]="αὐτούς"
[acts 5:33] B: ru[1]="это," → gr[0]="Οἱ" downgraded to u
[acts 5:35] B: ru[12]="что" → gr[12]="τί" downgraded to u
[acts 5:36] B: ru[2]="перед" → gr[0]="πρὸ" downgraded to u
[acts 5:37] B: ru[0]="После" → gr[0]="μετὰ" downgraded to u
[acts 5:37] B: ru[14]="но" → gr[16]="κἀκεῖνος" downgraded to u
[acts 5:38] A2: +added ru[10]="их;" ↔ gr[12]="αὐτούς"
[acts 5:38] B: ru[1]="ныне," → gr[2]="νῦν" downgraded to u
[acts 5:38] B: ru[12]="если" → gr[15]="ᾖ" downgraded to u
[acts 5:41] B: ru[0]="Они" → gr[1]="μὲν" downgraded to u
[acts 5:41] B: ru[3]="из" → gr[6]="προσώπου" downgraded to u
[acts 6:2] B: ru[0]="Тогда" → gr[1]="δὲ" downgraded to u
[acts 6:2] B: ru[7]="нехорошо" → gr[9]="Οὐκ" downgraded to u
[acts 6:5] B: ru[3]="это" → gr[2]="ὁ" downgraded to u
[acts 6:6] B: ru[2]="перед" → gr[2]="ἐνώπιον" downgraded to u
[acts 6:7] B: ru[7]="весьма" → gr[14]="σφόδρα" downgraded to u
[acts 6:7] B: ru[12]="из" → gr[18]="τῶν" downgraded to u
[acts 6:9] B: ru[11]="некоторые" → gr[15]="τῶν" downgraded to u
[acts 6:11] B: ru[0]="Тогда" → gr[0]="τότε" downgraded to u
[acts 6:15] B: ru[8]="видели" → gr[8]="τῷ" downgraded to u
[acts 7:1] B: ru[0]="Тогда" → gr[1]="δὲ" downgraded to u
[acts 7:2] B: ru[10]="явился" → gr[10]="τῆς" downgraded to u
[acts 7:2] B: ru[16]="прежде" → gr[21]="πρὶν" downgraded to u
[acts 7:3] B: ru[17]="пойди" → gr[15]="δεῦρο" downgraded to u
[acts 7:4] B: ru[0]="Тогда" → gr[0]="τότε" downgraded to u
[acts 7:4] B: ru[11]="оттуда," → gr[8]="κἀκεῖθεν" downgraded to u
[acts 7:4] B: ru[25]="ныне" → gr[24]="νῦν" downgraded to u
[acts 7:5] B: ru[24]="еще" → gr[23]="οὐ" downgraded to u
[acts 7:7] B: ru[16]="после" → gr[12]="μετὰ" downgraded to u
[acts 7:7] B: ru[24]="на" → gr[19]="τῷ" downgraded to u
[acts 7:8] B: ru[6]="сем" → gr[6]="οὕτως" downgraded to u
[acts 7:17] B: ru[10]="клялся" → gr[9]="ὁ" downgraded to u
[acts 7:18] B: ru[2]="пор," → gr[0]="ἄχρι" downgraded to u
[acts 7:19] A: ru[12]="своих," → ru[9]="их" (gr[13]="αὐτῶν")
[acts 7:19] B: ru[2]="против" → gr[2]="τὸ" downgraded to u
[acts 7:20] B: ru[8]="пред" → gr[8]="τῷ" downgraded to u
[acts 7:24] B: ru[7]="и" → gr[6]="ἐποίησεν" downgraded to u
[acts 7:24] B: ru[9]="за" → gr[8]="τῷ" downgraded to u
[acts 7:26] A2: +added ru[12]="их" ↔ gr[9]="αὐτοὺς"
[acts 7:26] B: ru[18]="зачем" → gr[16]="ἱνατί" downgraded to u
[acts 7:27] B: ru[2]="ближнего" → gr[4]="πλησίον" downgraded to u
[acts 7:28] B: ru[7]="как" → gr[6]="τρόπον" downgraded to u
[acts 7:28] B: ru[8]="вчера" → gr[8]="ἐχθὲς" downgraded to u
[acts 7:29] B: ru[11]="где" → gr[13]="οὗ" downgraded to u
[acts 7:33] B: ru[6]="с" → gr[8]="τῶν" downgraded to u
[acts 7:34] B: ru[1]="вижу" → gr[2]="τὴν" downgraded to u
[acts 7:34] B: ru[15]="итак" → gr[20]="νῦν" downgraded to u
[acts 7:34] B: ru[16]="пойди," → gr[21]="δεῦρο" downgraded to u
[acts 7:35] B: ru[18]="в" → gr[23]="τοῦ" downgraded to u
[acts 7:36] A2: +added ru[2]="их," ↔ gr[2]="αὐτοὺς"
[acts 7:37] B: ru[1]="тот" → gr[2]="ὁ" downgraded to u
[acts 7:37] B: ru[3]="который" → gr[4]="ὁ" downgraded to u
[acts 7:37] B: ru[10]="Господь" → gr[12]="ὁ" downgraded to u
[acts 7:38] B: ru[1]="тот," → gr[2]="ὁ" downgraded to u
[acts 7:40] B: ru[20]="что" → gr[21]="τί" downgraded to u
[acts 7:41] B: ru[12]="перед" → gr[13]="ἐν" downgraded to u
[acts 7:42] A2: +added ru[5]="их" ↔ gr[6]="αὐτοὺς"
[acts 7:42] B: ru[27]="в" → gr[16]="τῶν" downgraded to u
[acts 7:43] B: ru[20]="далее" → gr[21]="ἐπέκεινα" downgraded to u
[acts 7:44] A2: +added ru[13]="ее" ↔ gr[18]="αὐτὴν"
[acts 7:50] B: ru[0]="Не" → gr[0]="οὐχὶ" downgraded to u
[acts 7:51] B: ru[8]="всегда" → gr[8]="ἀεὶ" downgraded to u
[acts 7:52] B: ru[1]="из" → gr[1]="τῶν" downgraded to u
[acts 7:52] B: ru[17]="ныне" → gr[18]="νῦν" downgraded to u
[acts 7:57] B: ru[9]="единодушно" → gr[10]="ὁμοθυμαδὸν" downgraded to u
[acts 8:1] B: ru[1]="же" → gr[2]="ἦν" downgraded to u
[acts 8:1] B: ru[21]="разным" → gr[25]="τὰς" downgraded to u
[acts 8:1] B: ru[17]="кроме" → gr[31]="πλὴν" downgraded to u
[acts 8:4] B: ru[1]="тем" → gr[2]="οὖν" downgraded to u
[acts 8:6] B: ru[4]="что" → gr[2]="οἱ" downgraded to u
[acts 8:6] B: ru[1]="единодушно" → gr[9]="ὁμοθυμαδὸν" downgraded to u
[acts 8:7] B: ru[8]="с" → gr[6]="βοῶντα" downgraded to u
[acts 8:9] B: ru[18]="за" → gr[17]="εἶναί" downgraded to u
[acts 8:11] A2: +added ru[9]="их" ↔ gr[10]="αὐτούς"
[acts 8:14] B: ru[12]="ним" → gr[12]="τοῦ" downgraded to u
[acts 8:16] B: ru[2]="не" → gr[2]="ἦν" downgraded to u
[acts 8:16] B: ru[5]="ни" → gr[4]="οὐδενὶ" downgraded to u
[acts 8:17] A2: +added ru[4]="них," ↔ gr[5]="αὐτούς"
[acts 8:17] B: ru[0]="Тогда" → gr[0]="τότε" downgraded to u
[acts 8:19] B: ru[7]="тот," → gr[10]="τὰς" downgraded to u
[acts 8:21] B: ru[0]="Нет" → gr[0]="οὐ" downgraded to u
[acts 8:21] B: ru[2]="в" → gr[8]="λόγῳ" downgraded to u
[acts 8:21] B: ru[11]="пред" → gr[10]="ἡ" downgraded to u
[acts 8:21] B: ru[10]="неправо" → gr[14]="οὐ" downgraded to u
[acts 8:22] B: ru[0]="Итак" → gr[1]="οὖν" downgraded to u
[acts 8:22] B: ru[9]="может" → gr[11]="εἰ" downgraded to u
[acts 8:23] B: ru[3]="исполненного" → gr[0]="εἰς" downgraded to u
[acts 8:24] B: ru[8]="меня" → gr[9]="πρὸς" downgraded to u
[acts 8:25] B: ru[0]="Они" → gr[1]="μὲν" downgraded to u
[acts 8:27] B: ru[13]="хранитель" → gr[14]="ἐπὶ" downgraded to u
[acts 8:30] B: ru[11]="ли," → gr[13]="γε" downgraded to u
[acts 8:30] B: ru[12]="что" → gr[15]="ἃ" downgraded to u
[acts 8:31] B: ru[0]="Он" → gr[1]="δὲ" downgraded to u
[acts 8:32] B: ru[2]="из" → gr[0]="ἡ" downgraded to u
[acts 8:36] B: ru[1]="тем," → gr[1]="δὲ" downgraded to u
[acts 8:36] B: ru[6]="к" → gr[8]="τι" downgraded to u
[acts 8:36] B: ru[13]="что" → gr[16]="τί" downgraded to u
[acts 8:39] B: ru[18]="уже" → gr[15]="οὐκέτι" downgraded to u
[acts 8:40] B: ru[10]="пока" → gr[11]="ἕως" downgraded to u
[acts 9:1] B: ru[2]="еще" → gr[3]="ἔτι" downgraded to u
[acts 9:2] B: ru[13]="сему" → gr[13]="τῆς" downgraded to u
[acts 9:2] B: ru[15]="и" → gr[15]="ὄντας" downgraded to u
[acts 9:3] B: ru[8]="внезапно" → gr[9]="ἐξαίφνης" downgraded to u
[acts 9:3] B: ru[12]="с" → gr[15]="τοῦ" downgraded to u
[acts 9:4] B: ru[11]="что" → gr[11]="τί" downgraded to u
[acts 9:6] B: ru[7]="что" → gr[11]="τί" downgraded to u
[acts 9:9] B: ru[0]="И" → gr[1]="ἦν" downgraded to u
[acts 9:10] B: ru[14]="Он" → gr[18]="δὲ" downgraded to u
[acts 9:14] B: ru[1]="здесь" → gr[1]="ὧδε" downgraded to u
[acts 9:15] B: ru[11]="чтобы" → gr[13]="τοῦ" downgraded to u
[acts 9:15] B: ru[15]="перед" → gr[18]="ἐνώπιον" downgraded to u
[acts 9:18] B: ru[1]="тотчас" → gr[1]="εὐθέως" downgraded to u
[acts 9:20] B: ru[1]="тотчас" → gr[1]="εὐθέως" downgraded to u
[acts 9:20] B: ru[6]="об" → gr[6]="τὸν" downgraded to u
[acts 9:21] A2: +added ru[26]="их" ↔ gr[26]="αὐτοὺς"
[acts 9:21] B: ru[8]="ли" → gr[9]="ἐστιν" downgraded to u
[acts 9:21] B: ru[7]="тот" → gr[10]="ὁ" downgraded to u
[acts 9:21] B: ru[11]="который" → gr[14]="τοὺς" downgraded to u
[acts 9:21] B: ru[20]="сюда" → gr[20]="ὧδε" downgraded to u
[acts 9:22] B: ru[2]="более" → gr[2]="μᾶλλον" downgraded to u
[acts 9:24] B: ru[4]="этом" → gr[4]="ἡ" downgraded to u
[acts 9:27] B: ru[14]="видел" → gr[16]="τὸν" downgraded to u
[acts 9:28] B: ru[13]="во" → gr[11]="τῷ" downgraded to u
[acts 9:29] B: ru[1]="также" → gr[1]="τε" downgraded to u
[acts 9:31] B: ru[1]="же" → gr[1]="μὲν" downgraded to u
[acts 9:31] B: ru[14]="в" → gr[6]="τῆς" downgraded to u
[acts 9:31] B: ru[20]="от" → gr[19]="τοῦ" downgraded to u
[acts 9:33] B: ru[0]="Там" → gr[2]="ἐκεῖ" downgraded to u
[acts 9:33] B: ru[9]="уже" → gr[7]="ἐξ" downgraded to u
[acts 9:33] B: ru[14]="в" → gr[14]="ἦν" downgraded to u
[acts 9:34] B: ru[14]="тотчас" → gr[15]="εὐθέως" downgraded to u
[acts 9:36] B: ru[7]="что" → gr[8]="ἣ" downgraded to u
[acts 9:38] B: ru[4]="близ" → gr[0]="ἐγγὺς" downgraded to u
[acts 9:40] B: ru[3]="вон" → gr[2]="ἔξω" downgraded to u
[acts 9:40] B: ru[16]="она" → gr[14]="τὸ" downgraded to u
[acts 9:40] B: ru[21]="увидев" → gr[22]="τοὺς" downgraded to u
[acts 10:2] B: ru[14]="молившийся" → gr[17]="τοῦ" downgraded to u
[acts 10:3] B: ru[3]="ясно" → gr[3]="φανερῶς" downgraded to u
[acts 10:3] B: ru[5]="около" → gr[4]="ὡσεὶ" downgraded to u
[acts 10:4] B: ru[8]="что," → gr[9]="ἐστιν" downgraded to u
[acts 10:4] B: ru[21]="пред" → gr[18]="αἱ" downgraded to u
[acts 10:5] B: ru[0]="Итак" → gr[1]="νῦν" downgraded to u
[acts 10:7] B: ru[10]="из" → gr[10]="τῶν" downgraded to u
[acts 10:7] B: ru[16]="из" → gr[15]="τῶν" downgraded to u
[acts 10:8] A2: +added ru[5]="их" ↔ gr[5]="αὐτοὺς"
[acts 10:9] B: ru[2]="день," → gr[2]="ἐπαύριον" downgraded to u
[acts 10:9] B: ru[11]="около" → gr[15]="περὶ" downgraded to u
[acts 10:11] B: ru[20]="на" → gr[16]="τῆς" downgraded to u
[acts 10:14] B: ru[3]="нет," → gr[4]="Μηδαμῶς" downgraded to u
[acts 10:14] B: ru[6]="никогда" → gr[7]="οὐδέποτε" downgraded to u
[acts 10:15] B: ru[0]="Тогда" → gr[2]="πάλιν" downgraded to u
[acts 10:15] B: ru[8]="что" → gr[7]="Ἃ" downgraded to u
[acts 10:16] B: ru[2]="трижды;" → gr[4]="τρίς" downgraded to u
[acts 10:17] B: ru[6]="что" → gr[7]="τί" downgraded to u
[acts 10:17] B: ru[19]="о" → gr[17]="οἱ" downgraded to u
[acts 10:18] B: ru[3]="здесь" → gr[8]="ἐνθάδε" downgraded to u
[acts 10:19] B: ru[1]="тем," → gr[1]="δὲ" downgraded to u
[acts 10:20] A2: +added ru[12]="их." ↔ gr[12]="αὐτούς"
[acts 10:20] B: ru[7]="не" → gr[7]="μηδὲν" downgraded to u
[acts 10:21] B: ru[7]="от" → gr[13]="ἡ" downgraded to u
[acts 10:23] B: ru[0]="Тогда" → gr[1]="οὖν" downgraded to u
[acts 10:23] B: ru[8]="день," → gr[6]="ἐπαύριον" downgraded to u
[acts 10:24] B: ru[1]="следующий" → gr[2]="ἐπαύριον" downgraded to u
[acts 10:24] B: ru[8]="же" → gr[10]="ἦν" downgraded to u
[acts 10:24] B: ru[13]="своих" → gr[12]="αὐτοὺς" downgraded to u
[acts 10:25] B: ru[0]="Когда" → gr[2]="ἐγένετο" downgraded to u
[acts 10:28] B: ru[14]="мне" → gr[16]="ὁ" downgraded to u
[acts 10:29] B: ru[0]="Посему" → gr[0]="διὸ" downgraded to u
[acts 10:29] B: ru[6]="беспрекословно." → gr[2]="ἀναντιρρήτως" downgraded to u
[acts 10:29] B: ru[7]="Итак" → gr[6]="οὖν" downgraded to u
[acts 10:30] B: ru[15]="своем" → gr[18]="μου" downgraded to u
[acts 10:30] B: ru[20]="предо" → gr[23]="ἐνώπιόν" downgraded to u
[acts 10:32] B: ru[0]="Итак" → gr[1]="οὖν" downgraded to u
[acts 10:33] B: ru[0]="Тотчас" → gr[0]="ἐξαυτῆς" downgraded to u
[acts 10:33] B: ru[7]="хорошо" → gr[7]="καλῶς" downgraded to u
[acts 10:33] B: ru[11]="Теперь" → gr[10]="νῦν" downgraded to u
[acts 10:33] B: ru[20]="что" → gr[20]="τὰ" downgraded to u
[acts 10:34] B: ru[9]="нелицеприятен," → gr[10]="οὐ" downgraded to u
[acts 10:36] B: ru[7]="чрез" → gr[9]="διὰ" downgraded to u
[acts 10:37] B: ru[9]="после" → gr[13]="μετὰ" downgraded to u
[acts 10:39] B: ru[4]="что" → gr[4]="ὧν" downgraded to u
[acts 10:40] B: ru[3]="в" → gr[4]="τῇ" downgraded to u
[acts 10:41] B: ru[15]="по" → gr[9]="τοῦ" downgraded to u
[acts 10:44] B: ru[2]="еще" → gr[0]="Ἔτι" downgraded to u
[acts 10:46] B: ru[8]="Тогда" → gr[9]="τότε" downgraded to u
[acts 10:48] A2: +added ru[14]="них" ↔ gr[2]="αὐτοὺς"
[acts 10:48] B: ru[8]="Потом" → gr[9]="τότε" downgraded to u
[acts 11:4] B: ru[6]="порядку," → gr[5]="καθεξῆς" downgraded to u
[acts 11:6] B: ru[6]="увидел" → gr[6]="τὰ" downgraded to u
[acts 11:8] B: ru[3]="нет," → gr[2]="Μηδαμῶς" downgraded to u
[acts 11:8] B: ru[9]="никогда" → gr[8]="οὐδέποτε" downgraded to u
[acts 11:9] B: ru[7]="что" → gr[8]="Ἃ" downgraded to u
[acts 11:10] B: ru[2]="трижды," → gr[4]="τρίς" downgraded to u
[acts 11:10] B: ru[4]="опять" → gr[7]="πάλιν" downgraded to u
[acts 11:11] B: ru[5]="час" → gr[2]="ἐξαυτῆς" downgraded to u
[acts 11:11] B: ru[9]="перед" → gr[6]="ἐπὶ" downgraded to u
[acts 11:11] B: ru[3]="тот" → gr[7]="τὴν" downgraded to u
[acts 11:12] B: ru[23]="того" → gr[23]="τοῦ" downgraded to u
[acts 11:13] B: ru[5]="видел" → gr[5]="τὸν" downgraded to u
[acts 11:15] A2: +added ru[7]="них" ↔ gr[12]="αὐτοὺς"
[acts 11:16] B: ru[0]="Тогда" → gr[1]="δὲ" downgraded to u
[acts 11:16] B: ru[1]="вспомнил" → gr[2]="τοῦ" downgraded to u
[acts 11:17] B: ru[0]="Итак," → gr[1]="οὖν" downgraded to u
[acts 11:18] B: ru[8]="видно," → gr[9]="Ἄρα" downgraded to u
[acts 11:19] B: ru[1]="тем" → gr[2]="οὖν" downgraded to u
[acts 11:19] B: ru[6]="после" → gr[9]="ἐπὶ" downgraded to u
[acts 11:22] B: ru[4]="до" → gr[6]="ὦτα" downgraded to u
[acts 11:23] B: ru[3]="увидев" → gr[4]="τὴν" downgraded to u
[acts 11:24] B: ru[15]="к" → gr[14]="τῷ" downgraded to u
[acts 11:25] B: ru[0]="Потом" → gr[1]="δὲ" downgraded to u
[acts 11:29] B: ru[0]="Тогда" → gr[1]="δὲ" downgraded to u
[acts 11:30] B: ru[0]="что" → gr[0]="ὃ" downgraded to u
[acts 11:30] B: ru[7]="через" → gr[8]="χειρὸς" downgraded to u
[acts 12:1] B: ru[1]="то" → gr[1]="ἐκεῖνον" downgraded to u
[acts 12:1] B: ru[10]="принадлежащих" → gr[15]="τῆς" downgraded to u
[acts 12:3] B: ru[13]="тогда" → gr[1]="δὲ" downgraded to u
[acts 12:4] B: ru[14]="после" → gr[13]="μετὰ" downgraded to u
[acts 12:4] B: ru[17]="его" → gr[18]="τῷ" downgraded to u
[acts 12:5] B: ru[0]="Итак" → gr[2]="οὖν" downgraded to u
[acts 12:8] B: ru[10]="Потом" → gr[15]="καὶ" downgraded to u
[acts 12:10] B: ru[25]="вдруг" → gr[27]="εὐθέως" downgraded to u
[acts 12:11] B: ru[0]="Тогда" → gr[0]="καὶ" downgraded to u
[acts 12:11] B: ru[6]="теперь" → gr[7]="Νῦν" downgraded to u
[acts 12:11] B: ru[9]="воистину," → gr[9]="ἀληθῶς" downgraded to u
[acts 12:11] B: ru[24]="чего" → gr[14]="τὸν" downgraded to u
[acts 12:12] B: ru[10]="где" → gr[14]="οὗ" downgraded to u
[acts 12:15] B: ru[1]="те" → gr[2]="πρὸς" downgraded to u
[acts 12:15] B: ru[12]="свое." → gr[10]="ἔχειν" downgraded to u
[acts 12:16] B: ru[1]="тем" → gr[1]="δὲ" downgraded to u
[acts 12:17] B: ru[23]="Потом," → gr[24]="καὶ" downgraded to u
[acts 12:18] B: ru[6]="большая" → gr[5]="οὐ" downgraded to u
[acts 12:18] B: ru[10]="что" → gr[10]="τί" downgraded to u
[acts 12:20] B: ru[9]="согласившись," → gr[6]="ὁμοθυμαδὸν" downgraded to u
[acts 12:23] B: ru[1]="вдруг" → gr[0]="παραχρῆμα" downgraded to u
[acts 12:23] B: ru[8]="что" → gr[7]="ὧν" downgraded to u
[acts 13:2] A2: +added ru[20]="их." ↔ gr[24]="αὐτούς"
[acts 13:3] B: ru[0]="Тогда" → gr[0]="τότε" downgraded to u
[acts 13:4] B: ru[9]="оттуда" → gr[11]="ἐκεῖθέν" downgraded to u
[acts 13:6] B: ru[1]="весь" → gr[3]="τὴν" downgraded to u
[acts 13:9] B: ru[2]="он" → gr[2]="ὁ" downgraded to u
[acts 13:10] B: ru[1]="о," → gr[1]="Ὦ" downgraded to u
[acts 13:11] B: ru[1]="ныне" → gr[1]="νῦν" downgraded to u
[acts 13:11] B: ru[17]="вдруг" → gr[16]="παραχρῆμα" downgraded to u
[acts 13:12] B: ru[0]="Тогда" → gr[0]="τότε" downgraded to u
[acts 13:12] B: ru[2]="увидев" → gr[2]="ὁ" downgraded to u
[acts 13:13] B: ru[5]="бывшие" → gr[5]="οἱ" downgraded to u
[acts 13:15] B: ru[0]="После" → gr[0]="μετὰ" downgraded to u
[acts 13:17] B: ru[8]="сей" → gr[7]="τοὺς" downgraded to u
[acts 13:18] A2: +added ru[6]="их" ↔ gr[5]="αὐτοὺς"
[acts 13:18] B: ru[1]="около" → gr[1]="ὡς" downgraded to u
[acts 13:20] B: ru[3]="около" → gr[0]="ὡς" downgraded to u
[acts 13:20] B: ru[1]="после" → gr[6]="μετὰ" downgraded to u
[acts 13:21] B: ru[0]="Потом" → gr[0]="κἀκεῖθεν" downgraded to u
[acts 13:22] B: ru[18]="сына" → gr[16]="τοῦ" downgraded to u
[acts 13:23] B: ru[6]="воздвиг" → gr[9]="τῷ" downgraded to u
[acts 13:24] B: ru[0]="Перед" → gr[2]="πρὸ" downgraded to u
[acts 13:25] B: ru[21]="Которого" → gr[20]="οὐ" downgraded to u
[acts 13:26] B: ru[10]="вам" → gr[13]="ὁ" downgraded to u
[acts 13:29] B: ru[3]="все" → gr[4]="τὰ" downgraded to u
[acts 13:31] B: ru[7]="которые" → gr[5]="τοῖς" downgraded to u
[acts 13:31] B: ru[17]="ныне" → gr[14]="νῦν" downgraded to u
[acts 13:31] B: ru[21]="перед" → gr[18]="πρὸς" downgraded to u
[acts 13:33] B: ru[10]="ныне" → gr[23]="σήμερον" downgraded to u
[acts 13:37] B: ru[1]="Тот," → gr[2]="ὁ" downgraded to u
[acts 13:38] B: ru[0]="Итак," → gr[1]="οὖν" downgraded to u
[acts 13:39] B: ru[7]="могли" → gr[3]="ὁ" downgraded to u
[acts 13:40] B: ru[6]="вас" → gr[4]="τὸ" downgraded to u
[acts 13:42] B: ru[3]="из" → gr[5]="τὸ" downgraded to u
[acts 13:42] B: ru[14]="следующую" → gr[6]="μεταξὺ" downgraded to u
[acts 13:43] A2: +added ru[24]="их" ↔ gr[21]="αὐτοὺς"
[acts 13:43] B: ru[25]="пребывать" → gr[23]="τῇ" downgraded to u
[acts 13:44] B: ru[3]="почти" → gr[4]="σχεδὸν" downgraded to u
[acts 13:45] B: ru[2]="увидев" → gr[4]="τοὺς" downgraded to u
[acts 13:45] B: ru[11]="тому," → gr[10]="τοῖς" downgraded to u
[acts 13:46] B: ru[0]="Тогда" → gr[2]="ὁ" downgraded to u
[acts 13:46] B: ru[23]="недостойными" → gr[21]="οὐ" downgraded to u
[acts 13:47] B: ru[11]="чтобы" → gr[11]="τοῦ" downgraded to u
[acts 13:50] B: ru[22]="своих" → gr[24]="αὐτοὺς" downgraded to u
[acts 13:51] B: ru[6]="от" → gr[5]="τῶν" downgraded to u
[acts 13:51] B: ru[8]="своих," → gr[8]="αὐτοὺς" downgraded to u
[acts 14:1] B: ru[4]="вместе" → gr[4]="κατὰ" downgraded to u
[acts 14:2] B: ru[6]="против" → gr[11]="κατὰ" downgraded to u
[acts 14:3] B: ru[0]="Впрочем" → gr[1]="μὲν" downgraded to u
[acts 14:3] B: ru[10]="Который," → gr[9]="τῷ" downgraded to u
[acts 14:4] B: ru[1]="тем" → gr[1]="δὲ" downgraded to u
[acts 14:4] B: ru[7]="одни" → gr[8]="μὲν" downgraded to u
[acts 14:4] B: ru[10]="стороне" → gr[10]="σὺν" downgraded to u
[acts 14:4] B: ru[13]="другие" → gr[13]="οἱ" downgraded to u
[acts 14:4] B: ru[15]="стороне" → gr[15]="σὺν" downgraded to u
[acts 14:5] A: ru[6]="своими" → ru[10]="них," (gr[12]="αὐτῶν")
[acts 14:5] A2: +added ru[15]="их" ↔ gr[16]="αὐτούς"
[acts 14:5] B: ru[1]="же" → gr[2]="ἐγένετο" downgraded to u
[acts 14:7] B: ru[1]="там" → gr[0]="κἀκεῖ" downgraded to u
[acts 14:8] B: ru[15]="никогда" → gr[15]="οὐδέποτε" downgraded to u
[acts 14:11] B: ru[3]="что" → gr[4]="ὃ" downgraded to u
[acts 14:11] B: ru[10]="по-ликаонски:" → gr[11]="Λυκαονιστὶ" downgraded to u
[acts 14:12] B: ru[11]="в" → gr[12]="ὁ" downgraded to u
[acts 14:13] B: ru[1]="же" → gr[0]="ὅ" downgraded to u
[acts 14:13] B: ru[5]="перед" → gr[7]="πρὸ" downgraded to u
[acts 14:15] B: ru[1]="что" → gr[3]="τί" downgraded to u
[acts 14:15] B: ru[18]="сих" → gr[16]="τῶν" downgraded to u
[acts 14:17] B: ru[11]="неба" → gr[6]="οὐρανόθεν" downgraded to u
[acts 14:18] B: ru[4]="едва" → gr[3]="μόλις" downgraded to u
[acts 14:20] B: ru[13]="на" → gr[11]="τῇ" downgraded to u
[acts 14:20] B: ru[15]="день" → gr[12]="ἐπαύριον" downgraded to u
[acts 14:23] B: ru[5]="каждой" → gr[3]="κατ" downgraded to u
[acts 14:23] B: ru[13]="их" → gr[11]="τῷ" downgraded to u
[acts 14:24] B: ru[0]="Потом," → gr[0]="καὶ" downgraded to u
[acts 14:24] B: ru[2]="через" → gr[1]="διελθόντες" downgraded to u
[acts 14:26] B: ru[1]="оттуда" → gr[0]="κἀκεῖθεν" downgraded to u
[acts 14:26] B: ru[5]="откуда" → gr[4]="ὅθεν" downgraded to u
[acts 14:27] B: ru[8]="что" → gr[7]="ὅσα" downgraded to u
[acts 14:28] B: ru[3]="немалое" → gr[3]="οὐ" downgraded to u
[acts 15:2] A2: +added ru[22]="них" ↔ gr[13]="αὐτοὺς"
[acts 15:2] B: ru[6]="состязание" → gr[7]="τῷ" downgraded to u
[acts 15:3] B: ru[0]="Итак," → gr[2]="οὖν" downgraded to u
[acts 15:4] B: ru[7]="приняты" → gr[6]="τῆς" downgraded to u
[acts 15:4] B: ru[15]="что" → gr[12]="τῶν" downgraded to u
[acts 15:5] B: ru[0]="Тогда" → gr[1]="δέ" downgraded to u
[acts 15:6] B: ru[5]="рассмотрения" → gr[8]="περὶ" downgraded to u
[acts 15:7] B: ru[0]="По" → gr[3]="γενομένης" downgraded to u
[acts 15:7] B: ru[23]="моих" → gr[27]="τὰ" downgraded to u
[acts 15:8] B: ru[7]="им" → gr[7]="τὸ" downgraded to u
[acts 15:9] B: ru[1]="не" → gr[1]="οὐθὲν" downgraded to u
[acts 15:10] B: ru[3]="ныне" → gr[0]="νῦν" downgraded to u
[acts 15:10] B: ru[0]="Что" → gr[2]="τί" downgraded to u
[acts 15:11] B: ru[9]="как" → gr[11]="τρόπον" downgraded to u
[acts 15:12] B: ru[0]="Тогда" → gr[1]="δὲ" downgraded to u
[acts 15:12] B: ru[18]="среди" → gr[18]="ἐν" downgraded to u
[acts 15:13] B: ru[0]="После" → gr[0]="μετὰ" downgraded to u
[acts 15:13] B: ru[2]="того," → gr[2]="τὸ" downgraded to u
[acts 15:14] A: ru[15]="Свое." → ru[11]="них" (gr[13]="αὐτοῦ")
[acts 15:14] B: ru[13]="во" → gr[11]="τῷ" downgraded to u
[acts 15:16] A2: +added ru[16]="ее," ↔ gr[17]="αὐτήν"
[acts 15:16] B: ru[9]="что" → gr[11]="τὰ" downgraded to u
[acts 15:19] B: ru[0]="Посему" → gr[0]="διὸ" downgraded to u
[acts 15:20] B: ru[3]="чтобы" → gr[3]="τοῦ" downgraded to u
[acts 15:20] B: ru[6]="от" → gr[5]="τῶν" downgraded to u
[acts 15:21] B: ru[7]="всем" → gr[14]="κατὰ" downgraded to u
[acts 15:22] B: ru[0]="Тогда" → gr[0]="Τότε" downgraded to u
[acts 15:23] B: ru[2]="вручив" → gr[1]="διὰ" downgraded to u
[acts 15:23] B: ru[11]="находящимся" → gr[10]="τοῖς" downgraded to u
[acts 15:24] B: ru[0]="Поелику" → gr[0]="ἐπειδὴ" downgraded to u
[acts 15:25] B: ru[3]="единодушно" → gr[3]="ὁμοθυμαδὸν" downgraded to u
[acts 15:27] B: ru[0]="Итак" → gr[1]="οὖν" downgraded to u
[acts 15:28] B: ru[13]="кроме" → gr[13]="πλὴν" downgraded to u
[acts 15:28] B: ru[15]="необходимого:" → gr[16]="ἐπάναγκες" downgraded to u
[acts 15:29] B: ru[20]="хорошо" → gr[12]="εὖ" downgraded to u
[acts 15:30] B: ru[0]="Итак," → gr[2]="οὖν" downgraded to u
[acts 15:31] B: ru[5]="сем" → gr[4]="τῇ" downgraded to u
[acts 15:32] B: ru[4]="также" → gr[4]="καὶ" downgraded to u
[acts 15:40] B: ru[10]="Божией," → gr[10]="ὑπὸ" downgraded to u
[acts 16:1] B: ru[8]="там" → gr[13]="ἐκεῖ" downgraded to u
[acts 16:6] B: ru[1]="через" → gr[0]="Διῆλθον" downgraded to u
[acts 16:7] A2: +added ru[11]="их." ↔ gr[13]="αὐτοὺς"
[acts 16:7] B: ru[5]="в" → gr[7]="τὴν" downgraded to u
[acts 16:9] B: ru[1]="было" → gr[2]="διὰ" downgraded to u
[acts 16:10] B: ru[0]="После" → gr[0]="ὡς" downgraded to u
[acts 16:10] B: ru[1]="сего" → gr[2]="τὸ" downgraded to u
[acts 16:10] B: ru[3]="тотчас" → gr[5]="εὐθέως" downgraded to u
[acts 16:11] B: ru[0]="Итак," → gr[1]="οὖν" downgraded to u
[acts 16:12] B: ru[8]="той" → gr[6]="τῆς" downgraded to u
[acts 16:13] B: ru[0]="В" → gr[0]="τῇ" downgraded to u
[acts 16:13] B: ru[10]="где," → gr[11]="οὗ" downgraded to u
[acts 16:14] B: ru[13]="и" → gr[13]="ὁ" downgraded to u
[acts 16:14] B: ru[19]="тому," → gr[19]="τοῖς" downgraded to u
[acts 16:19] B: ru[0]="Тогда" → gr[1]="δὲ" downgraded to u
[acts 16:20] B: ru[2]="их" → gr[3]="τοῖς" downgraded to u
[acts 16:22] B: ru[1]="также" → gr[0]="καὶ" downgraded to u
[acts 16:23] A2: +added ru[13]="их." ↔ gr[13]="αὐτούς"
[acts 16:23] B: ru[11]="крепко" → gr[11]="ἀσφαλῶς" downgraded to u
[acts 16:24] A2: +added ru[11]="их" ↔ gr[5]="αὐτοὺς"
[acts 16:25] B: ru[0]="Около" → gr[0]="Κατὰ" downgraded to u
[acts 16:26] B: ru[0]="Вдруг" → gr[0]="ἄφνω" downgraded to u
[acts 16:26] B: ru[9]="тотчас" → gr[13]="παραχρῆμα" downgraded to u
[acts 16:27] B: ru[1]="же" → gr[2]="γενόμενος" downgraded to u
[acts 16:27] B: ru[6]="что" → gr[8]="τὰς" downgraded to u
[acts 16:27] B: ru[17]="что" → gr[13]="τὴν" downgraded to u
[acts 16:28] B: ru[6]="не" → gr[7]="Μηδὲν" downgraded to u
[acts 16:28] B: ru[14]="здесь." → gr[14]="ἐνθάδε" downgraded to u
[acts 16:30] A2: +added ru[2]="их" ↔ gr[2]="αὐτοὺς"
[acts 16:30] B: ru[3]="вон," → gr[3]="ἔξω" downgraded to u
[acts 16:30] B: ru[7]="что" → gr[6]="τί" downgraded to u
[acts 16:31] B: ru[12]="весь" → gr[12]="ὁ" downgraded to u
[acts 16:32] B: ru[7]="бывшим" → gr[9]="τοῖς" downgraded to u
[acts 16:33] A2: +added ru[10]="их" ↔ gr[2]="αὐτοὺς"
[acts 16:33] B: ru[12]="немедленно" → gr[20]="παραχρῆμα" downgraded to u
[acts 16:34] A2: +added ru[2]="их" ↔ gr[2]="αὐτοὺς"
[acts 16:34] B: ru[12]="домом" → gr[10]="πανοικεὶ" downgraded to u
[acts 16:36] B: ru[5]="Павлу:" → gr[10]="ὅτι" downgraded to u
[acts 16:36] B: ru[12]="теперь" → gr[16]="νῦν" downgraded to u
[acts 16:36] B: ru[10]="итак" → gr[17]="οὖν" downgraded to u
[acts 16:37] B: ru[17]="теперь" → gr[17]="νῦν" downgraded to u
[acts 16:37] B: ru[18]="тайно" → gr[18]="λάθρᾳ" downgraded to u
[acts 16:37] B: ru[20]="нет," → gr[21]="οὐ" downgraded to u
[acts 16:38] B: ru[2]="пересказали" → gr[2]="τοῖς" downgraded to u
[acts 16:39] B: ru[9]="из" → gr[9]="τῆς" downgraded to u
[acts 16:40] B: ru[3]="из" → gr[3]="τῆς" downgraded to u
[acts 16:40] B: ru[6]="к" → gr[7]="τὴν" downgraded to u
[acts 16:40] B: ru[9]="увидев" → gr[12]="τοὺς" downgraded to u
[acts 17:1] B: ru[1]="через" → gr[0]="Διοδεύσαντες" downgraded to u
[acts 17:1] B: ru[9]="где" → gr[10]="ὅπου" downgraded to u
[acts 17:2] B: ru[2]="своему" → gr[8]="αὐτοὺς" downgraded to u
[acts 17:4] B: ru[23]="немало." → gr[22]="οὐ" downgraded to u
[acts 17:5] A2: +added ru[23]="их" ↔ gr[22]="αὐτοὺς"
[acts 17:5] B: ru[18]="к" → gr[18]="τῇ" downgraded to u
[acts 17:6] A2: +added ru[3]="их," ↔ gr[3]="αὐτοὺς"
[acts 17:6] B: ru[14]="эти" → gr[15]="τὴν" downgraded to u
[acts 17:6] B: ru[19]="сюда," → gr[20]="ἐνθάδε" downgraded to u
[acts 17:7] B: ru[8]="против" → gr[6]="ἀπέναντι" downgraded to u
[acts 17:9] A2: +added ru[9]="их." ↔ gr[11]="αὐτούς"
[acts 17:10] B: ru[2]="немедленно" → gr[3]="εὐθέως" downgraded to u
[acts 17:12] B: ru[6]="из" → gr[7]="τῶν" downgraded to u
[acts 17:12] B: ru[13]="немало." → gr[14]="οὐ" downgraded to u
[acts 17:13] B: ru[16]="туда," → gr[22]="κἀκεῖ" downgraded to u
[acts 17:14] B: ru[2]="тотчас" → gr[0]="εὐθέως" downgraded to u
[acts 17:14] B: ru[0]="Тогда" → gr[2]="τότε" downgraded to u
[acts 17:14] B: ru[15]="там." → gr[21]="ἐκεῖ" downgraded to u
[acts 17:16] B: ru[10]="этого" → gr[17]="τὴν" downgraded to u
[acts 17:17] B: ru[0]="Итак" → gr[2]="οὖν" downgraded to u
[acts 17:17] B: ru[5]="с" → gr[6]="τοῖς" downgraded to u
[acts 17:18] B: ru[1]="из" → gr[3]="τῶν" downgraded to u
[acts 17:18] B: ru[27]="что" → gr[13]="Τί" downgraded to u
[acts 17:18] B: ru[16]="этот" → gr[20]="οἱ" downgraded to u
[acts 17:18] B: ru[13]="`что" → gr[27]="ὅτι" downgraded to u
[acts 17:19] B: ru[12]="что" → gr[11]="τίς" downgraded to u
[acts 17:20] B: ru[8]="Посему" → gr[9]="οὖν" downgraded to u
[acts 17:20] B: ru[11]="что" → gr[11]="τίνα" downgraded to u
[acts 17:21] B: ru[8]="ни" → gr[8]="οὐδὲν" downgraded to u
[acts 17:24] B: ru[5]="что" → gr[2]="ὁ" downgraded to u
[acts 17:25] B: ru[18]="и" → gr[14]="τὰ" downgraded to u
[acts 17:27] B: ru[4]="не" → gr[4]="ἄρα" downgraded to u
[acts 17:27] B: ru[15]="недалеко" → gr[12]="οὐ" downgraded to u
[acts 17:28] B: ru[16]="Его" → gr[17]="γὰρ" downgraded to u
[acts 17:29] B: ru[0]="Итак" → gr[1]="οὖν" downgraded to u
[acts 17:30] B: ru[0]="Итак," → gr[2]="οὖν" downgraded to u
[acts 17:30] B: ru[5]="ныне" → gr[10]="νῦν" downgraded to u
[acts 17:30] B: ru[9]="повсюду" → gr[15]="πανταχοῦ" downgraded to u
[acts 17:31] B: ru[10]="посредством" → gr[11]="ἐν" downgraded to u
[acts 17:32] B: ru[4]="одни" → gr[5]="μὲν" downgraded to u
[acts 17:32] B: ru[7]="другие" → gr[7]="οἱ" downgraded to u
[acts 17:32] B: ru[14]="другое" → gr[15]="πάλιν" downgraded to u
[acts 17:33] B: ru[0]="Итак" → gr[0]="οὕτως" downgraded to u
[acts 18:1] B: ru[0]="После" → gr[0]="Μετὰ" downgraded to u
[acts 18:2] B: ru[8]="недавно" → gr[9]="προσφάτως" downgraded to u
[acts 18:2] B: ru[24]="из" → gr[24]="τοὺς" downgraded to u
[acts 18:5] B: ru[12]="духом" → gr[15]="ὁ" downgraded to u
[acts 18:6] B: ru[10]="свои," → gr[10]="αὐτούς" downgraded to u
[acts 18:6] B: ru[21]="отныне" → gr[22]="νῦν" downgraded to u
[acts 18:7] B: ru[2]="оттуда," → gr[2]="ἐκεῖθεν" downgraded to u
[acts 18:7] B: ru[5]="к" → gr[5]="οἰκίαν" downgraded to u
[acts 18:8] B: ru[5]="в" → gr[2]="ὁ" downgraded to u
[acts 18:8] B: ru[13]="из" → gr[9]="τῷ" downgraded to u
[acts 18:10] B: ru[12]="у" → gr[14]="ἐστί" downgraded to u
[acts 18:12] B: ru[1]="тем," → gr[1]="δὲ" downgraded to u
[acts 18:12] B: ru[6]="в" → gr[4]="τῆς" downgraded to u
[acts 18:12] B: ru[10]="единодушно" → gr[7]="ὁμοθυμαδὸν" downgraded to u
[acts 18:12] B: ru[16]="пред" → gr[16]="τὸ" downgraded to u
[acts 18:14] B: ru[20]="имел" → gr[23]="κατὰ" downgraded to u
[acts 18:16] A2: +added ru[2]="их" ↔ gr[2]="αὐτοὺς"
[acts 18:17] B: ru[9]="перед" → gr[7]="ἔμπροσθεν" downgraded to u
[acts 18:18] B: ru[2]="еще" → gr[3]="ἔτι" downgraded to u
[acts 18:18] B: ru[24]="по" → gr[25]="εἶχεν" downgraded to u
[acts 18:19] B: ru[4]="там," → gr[6]="αὐτοῦ" downgraded to u
[acts 18:19] B: ru[12]="с" → gr[14]="τοῖς" downgraded to u
[acts 18:21] B: ru[17]="опять," → gr[4]="Πάλιν" downgraded to u
[acts 18:21] B: ru[7]="непременно" → gr[8]="τοῦ" downgraded to u
[acts 18:21] B: ru[9]="приближающийся" → gr[13]="τῆς" downgraded to u
[acts 18:23] B: ru[9]="порядку" → gr[6]="καθεξῆς" downgraded to u
[acts 18:24] B: ru[5]="из" → gr[6]="τῷ" downgraded to u
[acts 18:25] B: ru[15]="правильно," → gr[14]="ἀκριβῶς" downgraded to u
[acts 18:25] B: ru[17]="только" → gr[21]="τὸ" downgraded to u
[acts 18:28] B: ru[2]="сильно" → gr[0]="εὐτόνως" downgraded to u
[acts 19:1] B: ru[1]="время" → gr[4]="τὸν" downgraded to u
[acts 19:2] B: ru[10]="сказали" → gr[11]="πρὸς" downgraded to u
[acts 19:3] B: ru[4]="что" → gr[3]="τί" downgraded to u
[acts 19:3] B: ru[8]="Они" → gr[7]="δὲ" downgraded to u
[acts 19:4] B: ru[14]="то" → gr[17]="τοῦτ" downgraded to u
[acts 19:6] A2: +added ru[9]="них" ↔ gr[12]="αὐτούς"
[acts 19:7] B: ru[1]="их" → gr[1]="δὲ" downgraded to u
[acts 19:7] B: ru[4]="около" → gr[5]="ὡσεὶ" downgraded to u
[acts 19:9] B: ru[10]="перед" → gr[9]="ἐνώπιον" downgraded to u
[acts 19:10] B: ru[12]="о" → gr[15]="τοῦ" downgraded to u
[acts 19:13] B: ru[2]="из" → gr[4]="τῶν" downgraded to u
[acts 19:16] A2: +added ru[12]="их," ↔ gr[5]="αὐτοὺς"
[acts 19:17] A2: +added ru[15]="их," ↔ gr[18]="αὐτούς"
[acts 19:17] B: ru[5]="в" → gr[11]="τὴν" downgraded to u
[acts 19:18] B: ru[2]="из" → gr[2]="τῶν" downgraded to u
[acts 19:19] B: ru[1]="из" → gr[2]="τῶν" downgraded to u
[acts 19:19] B: ru[10]="перед" → gr[10]="ἐνώπιον" downgraded to u
[acts 19:20] B: ru[1]="такою" → gr[0]="οὕτως" downgraded to u
[acts 19:21] B: ru[17]="там," → gr[24]="ἐκεῖ" downgraded to u
[acts 19:22] B: ru[5]="из" → gr[6]="τῶν" downgraded to u
[acts 19:23] B: ru[1]="то" → gr[5]="ἐκεῖνον" downgraded to u
[acts 19:23] B: ru[4]="немалый" → gr[7]="οὐ" downgraded to u
[acts 19:23] B: ru[6]="против" → gr[9]="περὶ" downgraded to u
[acts 19:24] B: ru[12]="немалую" → gr[12]="οὐ" downgraded to u
[acts 19:25] B: ru[3]="других" → gr[4]="περὶ" downgraded to u
[acts 19:26] B: ru[1]="тем" → gr[0]="καὶ" downgraded to u
[acts 19:26] B: ru[12]="почти" → gr[9]="σχεδὸν" downgraded to u
[acts 19:29] B: ru[13]="единодушно" → gr[8]="ὁμοθυμαδὸν" downgraded to u
[acts 19:31] B: ru[0]="Также" → gr[2]="καὶ" downgraded to u
[acts 19:31] B: ru[3]="из" → gr[3]="τῶν" downgraded to u
[acts 19:32] B: ru[1]="тем" → gr[2]="οὖν" downgraded to u
[acts 19:34] B: ru[13]="около" → gr[11]="ἐπὶ" downgraded to u
[acts 19:35] B: ru[12]="что" → gr[4]="τὸν" downgraded to u
[acts 19:36] B: ru[1]="же" → gr[2]="ὄντων" downgraded to u
[acts 19:36] B: ru[12]="не" → gr[10]="μηδὲν" downgraded to u
[acts 19:38] B: ru[4]="другие" → gr[5]="οἱ" downgraded to u
[acts 19:40] B: ru[7]="происшедшее" → gr[6]="τῆς" downgraded to u
[acts 19:40] B: ru[8]="ныне" → gr[7]="σήμερον" downgraded to u
[acts 20:1] B: ru[4]="призвав" → gr[9]="τοὺς" downgraded to u
[acts 20:6] B: ru[2]="после" → gr[3]="μετὰ" downgraded to u
[acts 20:7] B: ru[3]="день" → gr[4]="τῶν" downgraded to u
[acts 20:7] B: ru[6]="ученики" → gr[10]="ὁ" downgraded to u
[acts 20:7] B: ru[15]="следующий" → gr[17]="ἐπαύριον" downgraded to u
[acts 20:7] B: ru[14]="в" → gr[20]="τὸν" downgraded to u
[acts 20:8] B: ru[5]="было" → gr[1]="δὲ" downgraded to u
[acts 20:8] B: ru[2]="где" → gr[7]="οὗ" downgraded to u
[acts 20:9] B: ru[9]="сидевший" → gr[1]="δέ" downgraded to u
[acts 20:9] B: ru[1]="время" → gr[6]="ἐπὶ" downgraded to u
[acts 20:9] B: ru[20]="вниз" → gr[25]="κάτω" downgraded to u
[acts 20:11] B: ru[13]="потом" → gr[14]="οὕτως" downgraded to u
[acts 20:12] B: ru[1]="тем" → gr[1]="δὲ" downgraded to u
[acts 20:12] B: ru[6]="немало" → gr[8]="μετρίως" downgraded to u
[acts 20:13] B: ru[7]="в" → gr[8]="τὴν" downgraded to u
[acts 20:13] B: ru[11]="оттуда" → gr[10]="ἐκεῖθεν" downgraded to u
[acts 20:13] B: ru[9]="чтобы" → gr[11]="μέλλοντες" downgraded to u
[acts 20:15] B: ru[2]="оттуда," → gr[0]="κἀκεῖθεν" downgraded to u
[acts 20:15] B: ru[3]="в" → gr[2]="τῇ" downgraded to u
[acts 20:15] B: ru[8]="против" → gr[5]="ἄντικρυς" downgraded to u
[acts 20:15] B: ru[20]="в" → gr[7]="τῇ" downgraded to u
[acts 20:16] B: ru[21]="в" → gr[21]="τὴν" downgraded to u
[acts 20:19] B: ru[8]="среди" → gr[8]="καὶ" downgraded to u
[acts 20:20] B: ru[7]="чем" → gr[5]="τοῦ" downgraded to u
[acts 20:22] B: ru[2]="ныне" → gr[1]="νῦν" downgraded to u
[acts 20:24] B: ru[2]="ни" → gr[1]="οὐδενὸς" downgraded to u
[acts 20:24] B: ru[9]="дорожу" → gr[4]="τὴν" downgraded to u
[acts 20:24] B: ru[10]="своею" → gr[6]="τιμίαν" downgraded to u
[acts 20:24] B: ru[19]="и" → gr[14]="τὴν" downgraded to u
[acts 20:25] B: ru[1]="ныне," → gr[1]="νῦν" downgraded to u
[acts 20:25] B: ru[8]="увидите" → gr[8]="τὸ" downgraded to u
[acts 20:26] B: ru[4]="нынешний" → gr[5]="σήμερον" downgraded to u
[acts 20:30] B: ru[10]="дабы" → gr[8]="τοῦ" downgraded to u
[acts 20:31] B: ru[0]="Посему" → gr[0]="διὸ" downgraded to u
[acts 20:31] B: ru[10]="непрестанно" → gr[8]="οὐ" downgraded to u
[acts 20:32] B: ru[1]="ныне" → gr[2]="νῦν" downgraded to u
[acts 20:35] B: ru[22]="нежели" → gr[22]="μᾶλλον" downgraded to u
[acts 20:37] B: ru[0]="Тогда" → gr[1]="δὲ" downgraded to u
[acts 20:38] B: ru[1]="особенно" → gr[1]="μάλιστα" downgraded to u
[acts 21:1] B: ru[1]="же" → gr[2]="ἐγένετο" downgraded to u
[acts 21:1] B: ru[13]="другой" → gr[15]="ἑξῆς" downgraded to u
[acts 21:1] B: ru[18]="оттуда" → gr[19]="κἀκεῖθεν" downgraded to u
[acts 21:3] B: ru[17]="тут" → gr[15]="ἐκεῖσε" downgraded to u
[acts 21:4] B: ru[4]="там" → gr[5]="αὐτοῦ" downgraded to u
[acts 21:5] B: ru[1]="эти" → gr[5]="τὰς" downgraded to u
[acts 21:7] B: ru[9]="где," → gr[10]="καὶ" downgraded to u
[acts 21:8] B: ru[1]="на" → gr[0]="τῇ" downgraded to u
[acts 21:8] B: ru[2]="другой" → gr[2]="ἐπαύριον" downgraded to u
[acts 21:8] B: ru[7]="бывшие" → gr[10]="τὸν" downgraded to u
[acts 21:10] B: ru[1]="тем" → gr[1]="δὲ" downgraded to u
[acts 21:11] B: ru[9]="себе" → gr[12]="τοὺς" downgraded to u
[acts 21:11] B: ru[14]="так" → gr[18]="Τάδε" downgraded to u
[acts 21:13] B: ru[0]="Но" → gr[2]="ὁ" downgraded to u
[acts 21:13] B: ru[5]="что" → gr[4]="Τί" downgraded to u
[acts 21:13] B: ru[21]="готов" → gr[22]="ἑτοίμως" downgraded to u
[acts 21:15] B: ru[0]="После" → gr[0]="Μετὰ" downgraded to u
[acts 21:16] B: ru[4]="некоторые" → gr[3]="τῶν" downgraded to u
[acts 21:17] B: ru[6]="радушно" → gr[5]="ἀσμένως" downgraded to u
[acts 21:19] B: ru[5]="что" → gr[7]="ὧν" downgraded to u
[acts 21:21] B: ru[9]="живущих" → gr[9]="τοὺς" downgraded to u
[acts 21:21] B: ru[22]="своих" → gr[18]="αὐτοὺς" downgraded to u
[acts 21:22] B: ru[1]="что" → gr[0]="τί" downgraded to u
[acts 21:22] B: ru[0]="Итак" → gr[1]="οὖν" downgraded to u
[acts 21:22] B: ru[2]="же?" → gr[2]="ἐστιν" downgraded to u
[acts 21:22] B: ru[3]="Верно" → gr[3]="πάντως" downgraded to u
[acts 21:23] B: ru[2]="что" → gr[3]="ὅ" downgraded to u
[acts 21:24] B: ru[21]="что" → gr[17]="ὧν" downgraded to u
[acts 21:25] B: ru[16]="себя" → gr[10]="τό" downgraded to u
[acts 21:26] B: ru[0]="Тогда" → gr[0]="τότε" downgraded to u
[acts 21:26] B: ru[3]="тех" → gr[4]="τοὺς" downgraded to u
[acts 21:27] B: ru[1]="же" → gr[2]="ἔμελλον" downgraded to u
[acts 21:28] B: ru[9]="против" → gr[9]="κατὰ" downgraded to u
[acts 21:28] B: ru[7]="повсюду" → gr[20]="πανταχῇ" downgraded to u
[acts 21:28] B: ru[16]="притом" → gr[22]="ἔτι" downgraded to u
[acts 21:30] B: ru[18]="тотчас" → gr[20]="εὐθέως" downgraded to u
[acts 21:32] A2: +added ru[8]="них;" ↔ gr[8]="αὐτούς"
[acts 21:32] B: ru[1]="тотчас" → gr[1]="ἐξαυτῆς" downgraded to u
[acts 21:32] B: ru[11]="увидев" → gr[12]="τὸν" downgraded to u
[acts 21:33] B: ru[0]="Тогда" → gr[0]="τότε" downgraded to u
[acts 21:33] B: ru[15]="что" → gr[17]="ἐστιν" downgraded to u
[acts 21:34] B: ru[13]="причине" → gr[15]="διὰ" downgraded to u
[acts 21:35] B: ru[12]="причине" → gr[12]="διὰ" downgraded to u
[acts 21:35] B: ru[14]="от" → gr[15]="τοῦ" downgraded to u
[acts 21:37] B: ru[0]="При" → gr[0]="Μέλλων" downgraded to u
[acts 21:37] B: ru[18]="по-гречески?" → gr[21]="Ἑλληνιστὶ" downgraded to u
[acts 21:38] B: ru[3]="ли" → gr[3]="εἶ" downgraded to u
[acts 21:38] B: ru[4]="тот" → gr[4]="ὁ" downgraded to u
[acts 21:38] B: ru[6]="который" → gr[6]="ὁ" downgraded to u
[acts 21:38] B: ru[7]="перед" → gr[7]="πρὸ" downgraded to u
[acts 21:40] B: ru[19]="на" → gr[12]="τῷ" downgraded to u
[acts 21:40] B: ru[22]="так:" → gr[22]="λέγων" downgraded to u
[acts 22:1] B: ru[8]="перед" → gr[7]="πρὸς" downgraded to u
[acts 22:2] B: ru[7]="на" → gr[3]="τῇ" downgraded to u
[acts 22:2] B: ru[12]="более" → gr[8]="μᾶλλον" downgraded to u
[acts 22:3] B: ru[25]="ныне." → gr[33]="σήμερον" downgraded to u
[acts 22:6] B: ru[10]="около" → gr[8]="περὶ" downgraded to u
[acts 22:6] B: ru[12]="вдруг" → gr[10]="ἐξαίφνης" downgraded to u
[acts 22:7] B: ru[11]="что" → gr[12]="τί" downgraded to u
[acts 22:10] B: ru[0]="Тогда" → gr[1]="δέ" downgraded to u
[acts 22:10] B: ru[4]="что" → gr[2]="Τί" downgraded to u
[acts 22:10] B: ru[17]="там" → gr[15]="κἀκεῖ" downgraded to u
[acts 22:10] B: ru[22]="что" → gr[20]="ὧν" downgraded to u
[acts 22:11] B: ru[7]="лишился" → gr[2]="οὐ" downgraded to u
[acts 22:14] B: ru[14]="увидел" → gr[11]="τὸ" downgraded to u
[acts 22:15] B: ru[11]="что" → gr[7]="ὧν" downgraded to u
[acts 22:16] B: ru[0]="Итак," → gr[1]="νῦν" downgraded to u
[acts 22:16] B: ru[1]="что" → gr[2]="τί" downgraded to u
[acts 22:25] B: ru[9]="разве" → gr[13]="Εἰ" downgraded to u
[acts 22:26] B: ru[1]="это," → gr[2]="ὁ" downgraded to u
[acts 22:26] B: ru[9]="что" → gr[9]="Τί" downgraded to u
[acts 22:27] B: ru[0]="Тогда" → gr[1]="δὲ" downgraded to u
[acts 22:27] B: ru[11]="Он" → gr[12]="δὲ" downgraded to u
[acts 22:27] B: ru[13]="да." → gr[14]="Ναί" downgraded to u
[acts 22:29] B: ru[1]="тотчас" → gr[0]="εὐθέως" downgraded to u
[acts 22:29] B: ru[0]="Тогда" → gr[1]="οὖν" downgraded to u
[acts 22:29] B: ru[16]="что" → gr[21]="ἦν" downgraded to u
[acts 22:30] B: ru[2]="день," → gr[2]="ἐπαύριον" downgraded to u
[acts 22:30] B: ru[13]="от" → gr[11]="τῶν" downgraded to u
[acts 22:30] B: ru[17]="собраться" → gr[18]="τοὺς" downgraded to u
[acts 22:30] B: ru[20]="всему" → gr[22]="τὸ" downgraded to u
[acts 22:30] B: ru[27]="перед" → gr[29]="εἰς" downgraded to u
[acts 23:1] B: ru[3]="на" → gr[2]="ὁ" downgraded to u
[acts 23:3] B: ru[0]="Тогда" → gr[0]="τότε" downgraded to u
[acts 23:5] B: ru[6]="что" → gr[8]="ἐστὶν" downgraded to u
[acts 23:7] B: ru[7]="между" → gr[6]="τῶν" downgraded to u
[acts 23:8] B: ru[4]="нет" → gr[4]="μὴ" downgraded to u
[acts 23:12] B: ru[3]="некоторые" → gr[5]="οἱ" downgraded to u
[acts 23:12] B: ru[14]="доколе" → gr[14]="ἕως" downgraded to u
[acts 23:15] B: ru[1]="ныне" → gr[0]="νῦν" downgraded to u
[acts 23:15] B: ru[0]="Итак" → gr[1]="οὖν" downgraded to u
[acts 23:15] B: ru[22]="дело" → gr[18]="τὰ" downgraded to u
[acts 23:15] B: ru[27]="прежде" → gr[23]="πρὸ" downgraded to u
[acts 23:16] B: ru[2]="сем" → gr[4]="τῆς" downgraded to u
[acts 23:18] B: ru[0]="Тот," → gr[1]="μὲν" downgraded to u
[acts 23:19] B: ru[12]="что" → gr[12]="Τί" downgraded to u
[acts 23:20] B: ru[9]="завтра" → gr[10]="αὔριον" downgraded to u
[acts 23:20] B: ru[18]="точнее" → gr[20]="ἀκριβέστερον" downgraded to u
[acts 23:21] B: ru[20]="доколе" → gr[20]="ἕως" downgraded to u
[acts 23:21] B: ru[26]="теперь" → gr[25]="νῦν" downgraded to u
[acts 23:22] B: ru[0]="Тогда" → gr[2]="οὖν" downgraded to u
[acts 23:24] B: ru[1]="также" → gr[1]="τε" downgraded to u
[acts 23:30] B: ru[5]="что" → gr[5]="τὸν" downgraded to u
[acts 23:30] B: ru[13]="немедленно" → gr[8]="ἐξαυτῆς" downgraded to u
[acts 23:30] B: ru[9]="этого" → gr[14]="τοῖς" downgraded to u
[acts 23:30] B: ru[24]="перед" → gr[19]="ἐπὶ" downgraded to u
[acts 23:31] B: ru[3]="данному" → gr[0]="Οἱ" downgraded to u
[acts 23:31] B: ru[0]="Итак" → gr[2]="οὖν" downgraded to u
[acts 23:32] B: ru[1]="на" → gr[0]="τῇ" downgraded to u
[acts 23:32] B: ru[3]="день," → gr[2]="ἐπαύριον" downgraded to u
[acts 23:34] B: ru[2]="письмо," → gr[2]="καὶ" downgraded to u
[acts 24:3] B: ru[0]="всегда" → gr[0]="πάντῃ" downgraded to u
[acts 24:3] B: ru[2]="везде" → gr[3]="πανταχοῦ" downgraded to u
[acts 24:4] B: ru[10]="кратко," → gr[11]="συντόμως" downgraded to u
[acts 24:5] B: ru[7]="между" → gr[9]="πᾶσι" downgraded to u
[acts 24:5] B: ru[9]="живущими" → gr[12]="τοῖς" downgraded to u
[acts 24:10] B: ru[20]="свободнее" → gr[19]="εὐθύμως" downgraded to u
[acts 24:10] B: ru[24]="дело." → gr[21]="περὶ" downgraded to u
[acts 24:13] B: ru[4]="того," → gr[4]="περὶ" downgraded to u
[acts 24:14] B: ru[13]="действительно" → gr[11]="οὕτως" downgraded to u
[acts 24:17] B: ru[0]="После" → gr[0]="δι" downgraded to u
[acts 24:19] B: ru[15]="что" → gr[14]="τι" downgraded to u
[acts 24:19] B: ru[17]="против" → gr[16]="πρὸς" downgraded to u
[acts 24:20] B: ru[14]="перед" → gr[9]="ἐπὶ" downgraded to u
[acts 24:21] B: ru[0]="разве" → gr[0]="ἢ" downgraded to u
[acts 24:21] B: ru[2]="то" → gr[3]="ταύτης" downgraded to u
[acts 24:21] B: ru[19]="ныне" → gr[16]="σήμερον" downgraded to u
[acts 24:22] A2: +added ru[5]="их," ↔ gr[2]="αὐτοὺς"
[acts 24:22] B: ru[0]="Выслушав" → gr[1]="δὲ" downgraded to u
[acts 24:22] B: ru[1]="это," → gr[3]="ὁ" downgraded to u
[acts 24:22] B: ru[17]="узнаю" → gr[14]="ὁ" downgraded to u
[acts 24:22] B: ru[19]="этом" → gr[18]="τὰ" downgraded to u
[acts 24:22] B: ru[9]="дело," → gr[19]="καθ" downgraded to u
[acts 24:23] B: ru[6]="не" → gr[5]="ἔχειν" downgraded to u
[acts 24:24] A: ru[8]="своею," → ru[14]="его" (gr[19]="αὐτοῦ")
[acts 24:25] B: ru[19]="теперь" → gr[18]="νῦν" downgraded to u
[acts 24:26] B: ru[0]="Притом" → gr[0]="ἅμα" downgraded to u
[acts 24:26] B: ru[12]="посему" → gr[11]="καὶ" downgraded to u
[acts 25:1] B: ru[2]="в" → gr[3]="τῇ" downgraded to u
[acts 25:2] B: ru[0]="Тогда" → gr[3]="οἱ" downgraded to u
[acts 25:2] B: ru[4]="из" → gr[8]="τῶν" downgraded to u
[acts 25:5] B: ru[0]="Итак," → gr[1]="οὖν" downgraded to u
[acts 25:6] B: ru[14]="на" → gr[13]="τῇ" downgraded to u
[acts 25:6] B: ru[15]="другой" → gr[14]="ἐπαύριον" downgraded to u
[acts 25:8] B: ru[12]="против" → gr[5]="εἰς" downgraded to u
[acts 25:8] B: ru[16]="против" → gr[11]="εἰς" downgraded to u
[acts 25:8] B: ru[19]="против" → gr[15]="εἰς" downgraded to u
[acts 25:9] B: ru[16]="там" → gr[16]="ἐκεῖ" downgraded to u
[acts 25:9] B: ru[15]="я" → gr[20]="ἐπ" downgraded to u
[acts 25:10] B: ru[4]="перед" → gr[4]="Ἐπὶ" downgraded to u
[acts 25:10] B: ru[7]="где" → gr[10]="οὗ" downgraded to u
[acts 25:12] B: ru[0]="Тогда" → gr[0]="τότε" downgraded to u
[acts 25:13] B: ru[0]="Через" → gr[2]="διαγενομένων" downgraded to u
[acts 25:14] B: ru[4]="там" → gr[5]="ἐκεῖ" downgraded to u
[acts 25:14] B: ru[11]="дело" → gr[12]="κατὰ" downgraded to u
[acts 25:16] B: ru[6]="нет" → gr[4]="οὐ" downgraded to u
[acts 25:16] B: ru[13]="прежде" → gr[11]="πρὶν" downgraded to u
[acts 25:16] B: ru[14]="нежели" → gr[12]="ἢ" downgraded to u
[acts 25:16] B: ru[24]="против" → gr[24]="περὶ" downgraded to u
[acts 25:17] B: ru[4]="сюда," → gr[2]="ἐνθάδε" downgraded to u
[acts 25:17] B: ru[6]="без" → gr[4]="μηδεμίαν" downgraded to u
[acts 25:17] B: ru[9]="на" → gr[6]="τῇ" downgraded to u
[acts 25:17] B: ru[10]="другой" → gr[7]="ἑξῆς" downgraded to u
[acts 25:17] B: ru[21]="того" → gr[14]="τὸν" downgraded to u
[acts 25:18] B: ru[3]="не" → gr[5]="οὐδεμίαν" downgraded to u
[acts 25:20] B: ru[2]="решении" → gr[4]="περὶ" downgraded to u
[acts 25:20] B: ru[14]="там" → gr[13]="κἀκεῖ" downgraded to u
[acts 25:22] B: ru[9]="этого" → gr[8]="τοῦ" downgraded to u
[acts 25:22] B: ru[11]="Завтра" → gr[11]="Αὔριον" downgraded to u
[acts 25:22] B: ru[14]="тот," → gr[3]="τὸν" downgraded to u
[acts 25:23] B: ru[0]="На" → gr[0]="Τῇ" downgraded to u
[acts 25:23] B: ru[1]="другой" → gr[2]="ἐπαύριον" downgraded to u
[acts 25:23] B: ru[18]="и" → gr[21]="ἀνδράσιν" downgraded to u
[acts 25:24] B: ru[14]="против" → gr[14]="περὶ" downgraded to u
[acts 25:24] B: ru[16]="все" → gr[17]="τὸ" downgraded to u
[acts 25:24] B: ru[25]="здесь" → gr[27]="ἐνθάδε" downgraded to u
[acts 25:24] B: ru[32]="более" → gr[33]="μηκέτι" downgraded to u
[acts 25:25] B: ru[16]="у" → gr[12]="τὸν" downgraded to u
[acts 25:26] B: ru[9]="посему" → gr[9]="διὸ" downgraded to u
[acts 25:26] B: ru[15]="особенно" → gr[15]="μάλιστα" downgraded to u
[acts 25:26] B: ru[21]="по" → gr[23]="γενομένης" downgraded to u
[acts 25:26] B: ru[25]="что" → gr[25]="τί" downgraded to u
[acts 26:1] B: ru[8]="Тогда" → gr[11]="τότε" downgraded to u
[acts 26:2] B: ru[9]="перед" → gr[11]="ἐπὶ" downgraded to u
[acts 26:2] B: ru[6]="сегодня" → gr[14]="σήμερον" downgraded to u
[acts 26:3] B: ru[1]="более," → gr[0]="μάλιστα" downgraded to u
[acts 26:3] B: ru[11]="Посему" → gr[12]="διὸ" downgraded to u
[acts 26:3] B: ru[16]="великодушно." → gr[14]="μακροθύμως" downgraded to u
[acts 26:4] B: ru[5]="которую" → gr[9]="ἀπ" downgraded to u
[acts 26:4] B: ru[9]="среди" → gr[12]="ἐν" downgraded to u
[acts 26:5] B: ru[1]="издавна" → gr[2]="ἄνωθεν" downgraded to u
[acts 26:6] B: ru[1]="ныне" → gr[1]="νῦν" downgraded to u
[acts 26:6] B: ru[13]="нашим" → gr[6]="τοὺς" downgraded to u
[acts 26:7] B: ru[6]="колен," → gr[5]="ἐν" downgraded to u
[acts 26:7] B: ru[19]="меня" → gr[17]="ὑπὸ" downgraded to u
[acts 26:8] B: ru[0]="Что" → gr[0]="τί" downgraded to u
[acts 26:9] B: ru[0]="Правда," → gr[1]="μὲν" downgraded to u
[acts 26:11] A2: +added ru[16]="них" ↔ gr[7]="αὐτοὺς"
[acts 26:11] B: ru[5]="многократно" → gr[5]="πολλάκις" downgraded to u
[acts 26:11] B: ru[14]="чрезмерной" → gr[10]="περισσῶς" downgraded to u
[acts 26:11] B: ru[22]="чужих" → gr[19]="ἔξω" downgraded to u
[acts 26:12] B: ru[9]="от" → gr[11]="τῶν" downgraded to u
[acts 26:13] B: ru[8]="неба" → gr[7]="οὐρανόθεν" downgraded to u
[acts 26:13] B: ru[10]="превосходящий" → gr[8]="ὑπὲρ" downgraded to u
[acts 26:14] B: ru[9]="говоривший" → gr[10]="πρός" downgraded to u
[acts 26:14] B: ru[11]="на" → gr[12]="τῇ" downgraded to u
[acts 26:14] B: ru[16]="что" → gr[17]="τί" downgraded to u
[acts 26:14] B: ru[23]="против" → gr[22]="πρὸς" downgraded to u
[acts 26:15] B: ru[5]="Он" → gr[7]="δὲ" downgraded to u
[acts 26:16] B: ru[25]="что" → gr[22]="ὧν" downgraded to u
[acts 26:17] B: ru[6]="от" → gr[7]="τῶν" downgraded to u
[acts 26:18] B: ru[11]="от" → gr[3]="τοῦ" downgraded to u
[acts 26:19] B: ru[0]="Поэтому," → gr[0]="Ὅθεν" downgraded to u
[acts 26:20] B: ru[2]="жителям" → gr[2]="ἐν" downgraded to u
[acts 26:20] B: ru[6]="потом" → gr[5]="τε" downgraded to u
[acts 26:22] B: ru[3]="от" → gr[5]="τοῦ" downgraded to u
[acts 26:22] B: ru[17]="кроме" → gr[18]="ἐκτὸς" downgraded to u
[acts 26:24] B: ru[2]="так" → gr[0]="Ταῦτα" downgraded to u
[acts 26:26] B: ru[5]="перед" → gr[6]="πρὸς" downgraded to u
[acts 26:26] B: ru[11]="отнюдь" → gr[12]="γὰρ" downgraded to u
[acts 26:29] B: ru[9]="много" → gr[11]="ἐν" downgraded to u
[acts 26:29] B: ru[19]="сегодня," → gr[22]="σήμερον" downgraded to u
[acts 26:29] B: ru[22]="как" → gr[25]="ὁποῖος" downgraded to u
[acts 26:29] B: ru[24]="кроме" → gr[29]="παρεκτὸς" downgraded to u
[acts 26:30] B: ru[8]="и" → gr[5]="ὁ" downgraded to u
[acts 27:1] B: ru[2]="было" → gr[3]="τοῦ" downgraded to u
[acts 27:2] B: ru[9]="около" → gr[8]="κατὰ" downgraded to u
[acts 27:3] B: ru[10]="человеколюбиво," → gr[6]="φιλανθρώπως" downgraded to u
[acts 27:4] B: ru[1]="оттуда," → gr[0]="κἀκεῖθεν" downgraded to u
[acts 27:4] B: ru[7]="причине" → gr[5]="διὰ" downgraded to u
[acts 27:5] B: ru[3]="против" → gr[4]="κατὰ" downgraded to u
[acts 27:6] B: ru[0]="Там" → gr[0]="κἀκεῖ" downgraded to u
[acts 27:7] B: ru[5]="едва" → gr[6]="μόλις" downgraded to u
[acts 27:7] B: ru[11]="неблагоприятного" → gr[11]="μὴ" downgraded to u
[acts 27:8] B: ru[3]="трудом" → gr[0]="μόλις" downgraded to u
[acts 27:8] B: ru[13]="близ" → gr[12]="ἐγγὺς" downgraded to u
[acts 27:9] B: ru[8]="уже" → gr[6]="ἤδη" downgraded to u
[acts 27:9] B: ru[14]="уже" → gr[15]="ἤδη" downgraded to u
[acts 27:10] B: ru[16]="для" → gr[15]="τοῦ" downgraded to u
[acts 27:10] B: ru[22]="для" → gr[24]="τὸν" downgraded to u
[acts 27:11] B: ru[2]="более" → gr[8]="μᾶλλον" downgraded to u
[acts 27:11] B: ru[8]="нежели" → gr[10]="ἢ" downgraded to u
[acts 27:12] B: ru[23]="против" → gr[24]="κατὰ" downgraded to u
[acts 27:13] B: ru[6]="что" → gr[4]="τῆς" downgraded to u
[acts 27:13] B: ru[13]="поблизости" → gr[8]="ἆσσον" downgraded to u
[acts 27:14] B: ru[3]="против" → gr[5]="κατ" downgraded to u
[acts 27:16] B: ru[8]="едва" → gr[7]="μόλις" downgraded to u
[acts 27:17] B: ru[19]="образом" → gr[17]="οὕτως" downgraded to u
[acts 27:18] B: ru[5]="сильного" → gr[0]="σφοδρῶς" downgraded to u
[acts 27:18] B: ru[0]="На" → gr[4]="τῇ" downgraded to u
[acts 27:18] B: ru[1]="другой" → gr[5]="ἑξῆς" downgraded to u
[acts 27:19] B: ru[1]="на" → gr[1]="τῇ" downgraded to u
[acts 27:19] B: ru[7]="с" → gr[6]="τοῦ" downgraded to u
[acts 27:21] B: ru[26]="и" → gr[29]="τὴν" downgraded to u
[acts 27:22] B: ru[0]="Теперь" → gr[2]="νῦν" downgraded to u
[acts 27:23] B: ru[11]="в" → gr[6]="τοῦ" downgraded to u
[acts 27:25] B: ru[0]="Посему" → gr[0]="διὸ" downgraded to u
[acts 27:25] B: ru[10]="как" → gr[12]="τρόπον" downgraded to u
[acts 27:27] B: ru[3]="как" → gr[4]="ἐγένετο" downgraded to u
[acts 27:27] B: ru[7]="в" → gr[8]="τῷ" downgraded to u
[acts 27:27] B: ru[10]="около" → gr[10]="κατὰ" downgraded to u
[acts 27:28] B: ru[6]="потом" → gr[6]="δὲ" downgraded to u
[acts 27:28] B: ru[11]="опять," → gr[9]="πάλιν" downgraded to u
[acts 27:32] B: ru[0]="Тогда" → gr[0]="τότε" downgraded to u
[acts 27:32] B: ru[4]="у" → gr[6]="τῆς" downgraded to u
[acts 27:32] B: ru[6]="и" → gr[9]="εἴασαν" downgraded to u
[acts 27:33] B: ru[9]="сегодня" → gr[14]="σήμερον" downgraded to u
[acts 27:34] B: ru[20]="с" → gr[17]="τῆς" downgraded to u
[acts 27:35] B: ru[8]="перед" → gr[9]="ἐνώπιον" downgraded to u
[acts 27:41] B: ru[3]="и" → gr[6]="τὴν" downgraded to u
[acts 27:41] B: ru[7]="мель." → gr[8]="καὶ" downgraded to u
[acts 27:43] A2: +added ru[6]="их" ↔ gr[8]="αὐτοὺς"
[acts 27:43] B: ru[8]="сего" → gr[5]="τὸν" downgraded to u
[acts 27:44] B: ru[14]="образом" → gr[16]="οὕτως" downgraded to u
[acts 28:2] B: ru[3]="немалое" → gr[4]="οὐ" downgraded to u
[acts 28:2] B: ru[8]="причине" → gr[15]="διὰ" downgraded to u
[acts 28:3] B: ru[13]="от" → gr[14]="τῆς" downgraded to u
[acts 28:3] B: ru[16]="на" → gr[18]="τῆς" downgraded to u
[acts 28:4] B: ru[9]="друг" → gr[12]="πρὸς" downgraded to u
[acts 28:4] B: ru[11]="верно" → gr[15]="Πάντως" downgraded to u
[acts 28:6] B: ru[0]="Они" → gr[1]="δὲ" downgraded to u
[acts 28:6] B: ru[10]="внезапно" → gr[8]="ἄφνω" downgraded to u
[acts 28:7] B: ru[0]="Около" → gr[3]="περὶ" downgraded to u
[acts 28:7] B: ru[15]="дружелюбно" → gr[20]="φιλοφρόνως" downgraded to u
[acts 28:11] B: ru[12]="том" → gr[9]="τῇ" downgraded to u
[acts 28:13] B: ru[0]="Оттуда" → gr[0]="ὅθεν" downgraded to u
[acts 28:13] B: ru[7]="через" → gr[7]="μίαν" downgraded to u
[acts 28:14] B: ru[0]="где" → gr[0]="οὗ" downgraded to u
[acts 28:14] B: ru[12]="потом" → gr[10]="οὕτως" downgraded to u
[acts 28:15] B: ru[0]="Тамошние" → gr[0]="κἀκεῖθεν" downgraded to u
[acts 28:15] B: ru[5]="вышли" → gr[8]="εἰς" downgraded to u
[acts 28:16] B: ru[8]="передал" → gr[6]="τῷ" downgraded to u
[acts 28:16] B: ru[9]="узников" → gr[12]="τῷ" downgraded to u
[acts 28:19] B: ru[17]="чтобы" → gr[9]="τοῦ" downgraded to u
[acts 28:19] B: ru[19]="в" → gr[12]="ἔχων" downgraded to u
[acts 28:22] B: ru[0]="Впрочем" → gr[1]="δὲ" downgraded to u
[acts 28:22] B: ru[6]="как" → gr[5]="ἃ" downgraded to u
[acts 28:22] B: ru[16]="везде" → gr[17]="πανταχοῦ" downgraded to u
[acts 28:23] B: ru[20]="о" → gr[14]="τὴν" downgraded to u
[acts 28:23] B: ru[27]="их" → gr[22]="τοῦ" downgraded to u
[acts 28:23] B: ru[14]="утра" → gr[33]="πρωῒ" downgraded to u
[acts 28:24] B: ru[0]="Одни" → gr[2]="μὲν" downgraded to u
[acts 28:24] B: ru[5]="другие" → gr[6]="οἱ" downgraded to u
[acts 28:25] B: ru[13]="хорошо" → gr[12]="Καλῶς" downgraded to u
[acts 28:27] A: ru[12]="свои" → ru[32]="их." (gr[15]="αὐτῶν")
[acts 28:27] B: ru[8]="трудом" → gr[10]="βαρέως" downgraded to u
[acts 28:27] B: ru[16]="узрят" → gr[19]="τοῖς" downgraded to u
[acts 28:28] B: ru[0]="Итак" → gr[1]="οὖν" downgraded to u
[acts 28:30] B: ru[1]="жил" → gr[10]="τοὺς" downgraded to u
[acts 28:31] B: ru[12]="невозбранно." → gr[16]="ἀκωλύτως" downgraded to u
[colossians 1:2] B: ru[0]="находящимся" → gr[0]="τοῖς" downgraded to u
[colossians 1:3] B: ru[15]="Отца" → gr[4]="τοῦ" downgraded to u
[colossians 1:3] B: ru[20]="всегда" → gr[9]="πάντοτε" downgraded to u
[colossians 1:4] B: ru[1]="о" → gr[1]="τὴν" downgraded to u
[colossians 1:4] B: ru[8]="о" → gr[8]="τὴν" downgraded to u
[colossians 1:5] B: ru[2]="на" → gr[3]="τὴν" downgraded to u
[colossians 1:6] B: ru[0]="которое" → gr[0]="τοῦ" downgraded to u
[colossians 1:6] B: ru[9]="и" → gr[10]="ἐστὶν" downgraded to u
[colossians 1:8] B: ru[0]="который" → gr[0]="ὁ" downgraded to u
[colossians 1:8] B: ru[4]="о" → gr[4]="τὴν" downgraded to u
[colossians 1:9] B: ru[6]="как" → gr[5]="ἧς" downgraded to u
[colossians 1:10] B: ru[2]="достойно" → gr[1]="ἀξίως" downgraded to u
[colossians 1:10] B: ru[16]="в" → gr[14]="τῇ" downgraded to u
[colossians 1:12] B: ru[8]="в" → gr[7]="τὴν" downgraded to u
[colossians 1:14] B: ru[6]="Его" → gr[7]="τῶν" downgraded to u
[colossians 1:16] B: ru[4]="что" → gr[7]="τοῖς" downgraded to u
[colossians 1:16] B: ru[8]="что" → gr[13]="τὰ" downgraded to u
[colossians 1:17] B: ru[3]="прежде" → gr[3]="πρὸ" downgraded to u
[colossians 1:20] B: ru[2]="посредством" → gr[1]="δι" downgraded to u
[colossians 1:20] B: ru[10]="Него," → gr[10]="τοῦ" downgraded to u
[colossians 1:21] B: ru[3]="некогда" → gr[2]="ποτε" downgraded to u
[colossians 1:21] B: ru[7]="по" → gr[7]="τῇ" downgraded to u
[colossians 1:22] B: ru[0]="ныне" → gr[0]="νυνὶ" downgraded to u
[colossians 1:23] B: ru[17]="которое" → gr[18]="τοῦ" downgraded to u
[colossians 1:24] B: ru[0]="Ныне" → gr[0]="Νῦν" downgraded to u
[colossians 1:26] B: ru[6]="ныне" → gr[11]="νῦν" downgraded to u
[colossians 1:27] B: ru[7]="в" → gr[10]="τοῦ" downgraded to u
[colossians 2:1] B: ru[13]="которые" → gr[10]="τῶν" downgraded to u
[colossians 2:5] B: ru[1]="хотя" → gr[0]="εἰ" downgraded to u
[colossians 2:6] B: ru[0]="Посему," → gr[1]="οὖν" downgraded to u
[colossians 2:7] B: ru[8]="в" → gr[7]="τῇ" downgraded to u
[colossians 2:8] B: ru[4]="не" → gr[4]="ἔσται" downgraded to u
[colossians 2:9] B: ru[7]="телесно," → gr[9]="σωματικῶς" downgraded to u
[colossians 2:12] B: ru[12]="в" → gr[12]="τῆς" downgraded to u
[colossians 2:12] B: ru[15]="Который" → gr[16]="τοῦ" downgraded to u
[colossians 2:13] B: ru[8]="в" → gr[8]="τῇ" downgraded to u
[colossians 2:14] B: ru[2]="бывшее" → gr[5]="τοῖς" downgraded to u
[colossians 2:14] B: ru[18]="ко" → gr[19]="τῷ" downgraded to u
[colossians 2:15] A2: +added ru[8]="их" ↔ gr[10]="αὐτοὺς"
[colossians 2:15] B: ru[2]="у" → gr[1]="τὰς" downgraded to u
[colossians 2:16] B: ru[0]="Итак" → gr[1]="οὖν" downgraded to u
[colossians 2:18] B: ru[16]="безрассудно" → gr[13]="εἰκῇ" downgraded to u
[colossians 2:22] B: ru[0]="[что" → gr[1]="ἐστιν" downgraded to u
[colossians 2:22] B: ru[3]="от" → gr[5]="τῇ" downgraded to u
[colossians 2:23] B: ru[2]="только" → gr[3]="μὲν" downgraded to u
[colossians 3:1] B: ru[0]="Итак," → gr[1]="οὖν" downgraded to u
[colossians 3:1] B: ru[4]="со" → gr[3]="τῷ" downgraded to u
[colossians 3:1] B: ru[8]="горнего," → gr[6]="ἄνω" downgraded to u
[colossians 3:1] B: ru[9]="где" → gr[8]="οὗ" downgraded to u
[colossians 3:2] B: ru[0]="о" → gr[0]="τὰ" downgraded to u
[colossians 3:2] B: ru[1]="горнем" → gr[1]="ἄνω" downgraded to u
[colossians 3:4] B: ru[6]="тогда" → gr[7]="τότε" downgraded to u
[colossians 3:5] B: ru[0]="Итак," → gr[1]="οὖν" downgraded to u
[colossians 3:7] B: ru[4]="некогда" → gr[5]="ποτε" downgraded to u
[colossians 3:8] B: ru[1]="теперь" → gr[0]="νυνὶ" downgraded to u
[colossians 3:10] B: ru[2]="в" → gr[2]="τὸν" downgraded to u
[colossians 3:10] B: ru[4]="который" → gr[4]="τὸν" downgraded to u
[colossians 3:11] B: ru[0]="где" → gr[0]="ὅπου" downgraded to u
[colossians 3:11] B: ru[1]="нет" → gr[1]="οὐ" downgraded to u
[colossians 3:12] B: ru[0]="Итак" → gr[1]="οὖν" downgraded to u
[colossians 3:14] B: ru[0]="Более" → gr[0]="ἐπὶ" downgraded to u
[colossians 3:14] B: ru[4]="в" → gr[4]="τὴν" downgraded to u
[colossians 3:16] B: ru[6]="обильно," → gr[7]="πλουσίως" downgraded to u
[colossians 3:17] B: ru[2]="что" → gr[2]="ὅ" downgraded to u
[colossians 3:19] B: ru[2]="своих" → gr[0]="οἱ" downgraded to u
[colossians 3:22] B: ru[5]="вашим" → gr[0]="οἱ" downgraded to u
[colossians 3:23] B: ru[2]="что" → gr[0]="ὃ" downgraded to u
[colossians 3:23] B: ru[8]="для" → gr[7]="τῷ" downgraded to u
[colossians 3:25] B: ru[1]="кто" → gr[0]="ὁ" downgraded to u
[colossians 3:25] B: ru[6]="по" → gr[4]="ὃ" downgraded to u
[colossians 3:25] B: ru[11]="нет" → gr[7]="οὐ" downgraded to u
[colossians 4:2] B: ru[2]="в" → gr[0]="Τῇ" downgraded to u
[colossians 4:3] B: ru[1]="также" → gr[1]="ἅμα" downgraded to u
[colossians 4:3] B: ru[10]="для" → gr[11]="τοῦ" downgraded to u
[colossians 4:5] B: ru[1]="внешними" → gr[5]="ἔξω" downgraded to u
[colossians 4:6] B: ru[4]="всегда" → gr[3]="πάντοτε" downgraded to u
[colossians 4:9] B: ru[15]="здешнем." → gr[15]="ὧδε" downgraded to u
[colossians 4:11] B: ru[0]="также" → gr[0]="καὶ" downgraded to u
[colossians 4:12] B: ru[7]="всегда" → gr[8]="πάντοτε" downgraded to u
[colossians 4:12] B: ru[18]="исполнены" → gr[20]="ἐν" downgraded to u
[colossians 4:13] B: ru[14]="находящихся" → gr[10]="τῶν" downgraded to u
[colossians 4:16] B: ru[1]="это" → gr[5]="ἡ" downgraded to u
[colossians 4:16] B: ru[19]="которое" → gr[16]="τὴν" downgraded to u
[ephesians 1:4] B: ru[7]="прежде" → gr[5]="πρὸ" downgraded to u
[ephesians 1:5] B: ru[4]="чрез" → gr[4]="διὰ" downgraded to u
[ephesians 1:10] B: ru[5]="все" → gr[9]="ἐν" downgraded to u
[ephesians 1:12] B: ru[7]="которые" → gr[11]="τῷ" downgraded to u
[ephesians 1:15] B: ru[11]="о" → gr[13]="τὴν" downgraded to u
[ephesians 1:16] B: ru[0]="непрестанно" → gr[0]="οὐ" downgraded to u
[ephesians 1:18] B: ru[20]="для" → gr[26]="τοῖς" downgraded to u
[ephesians 1:19] B: ru[1]="как" → gr[1]="τί" downgraded to u
[ephesians 1:21] B: ru[0]="превыше" → gr[0]="ὑπεράνω" downgraded to u
[ephesians 1:22] B: ru[9]="выше" → gr[11]="ὑπὲρ" downgraded to u
[ephesians 2:1] B: ru[3]="по" → gr[4]="τοῖς" downgraded to u
[ephesians 2:2] B: ru[3]="некогда" → gr[2]="ποτε" downgraded to u
[ephesians 2:2] B: ru[13]="в" → gr[13]="τῆς" downgraded to u
[ephesians 2:2] B: ru[17]="ныне" → gr[20]="νῦν" downgraded to u
[ephesians 2:3] B: ru[6]="некогда" → gr[6]="ποτε" downgraded to u
[ephesians 2:5] B: ru[3]="по" → gr[4]="τοῖς" downgraded to u
[ephesians 2:5] B: ru[6]="со" → gr[7]="τῷ" downgraded to u
[ephesians 2:11] B: ru[0]="Итак" → gr[0]="Διὸ" downgraded to u
[ephesians 2:11] B: ru[4]="некогда" → gr[3]="ποτὲ" downgraded to u
[ephesians 2:11] B: ru[8]="которых" → gr[9]="οἱ" downgraded to u
[ephesians 2:12] B: ru[9]="от" → gr[8]="τῆς" downgraded to u
[ephesians 2:12] B: ru[21]="в" → gr[24]="τῷ" downgraded to u
[ephesians 2:13] B: ru[1]="теперь" → gr[0]="νυνὶ" downgraded to u
[ephesians 2:13] B: ru[7]="некогда" → gr[7]="ποτε" downgraded to u
[ephesians 2:13] B: ru[10]="близки" → gr[11]="ἐγγὺς" downgraded to u
[ephesians 2:14] B: ru[6]="из" → gr[6]="ὁ" downgraded to u
[ephesians 2:15] B: ru[1]="вражду" → gr[4]="ἐν" downgraded to u
[ephesians 2:15] B: ru[9]="из" → gr[8]="τοὺς" downgraded to u
[ephesians 2:16] B: ru[6]="с" → gr[7]="τῷ" downgraded to u
[ephesians 2:16] B: ru[8]="посредством" → gr[9]="διὰ" downgraded to u
[ephesians 2:17] B: ru[7]="близким," → gr[10]="ἐγγύς" downgraded to u
[ephesians 2:19] B: ru[0]="Итак" → gr[0]="ἄρα" downgraded to u
[ephesians 2:19] B: ru[12]="свои" → gr[13]="οἰκεῖοι" downgraded to u
[ephesians 3:2] B: ru[3]="о" → gr[3]="τὴν" downgraded to u
[ephesians 3:4] B: ru[0]="то" → gr[1]="ὃ" downgraded to u
[ephesians 3:5] B: ru[9]="ныне" → gr[10]="νῦν" downgraded to u
[ephesians 3:6] B: ru[15]="посредством" → gr[13]="διὰ" downgraded to u
[ephesians 3:9] B: ru[6]="домостроительство" → gr[6]="τοῦ" downgraded to u
[ephesians 3:9] B: ru[11]="в" → gr[11]="τῶν" downgraded to u
[ephesians 3:10] B: ru[1]="ныне" → gr[2]="νῦν" downgraded to u
[ephesians 3:13] B: ru[0]="Посему" → gr[0]="διὸ" downgraded to u
[ephesians 3:16] B: ru[12]="внутреннем" → gr[17]="ἔσω" downgraded to u
[ephesians 3:18] B: ru[12]="что" → gr[7]="τί" downgraded to u
[ephesians 3:20] B: ru[2]="Кто" → gr[0]="Τῷ" downgraded to u
[ephesians 3:20] B: ru[9]="несравненно" → gr[6]="ὑπερεκπερισσοῦ" downgraded to u
[ephesians 4:1] B: ru[0]="Итак" → gr[1]="οὖν" downgraded to u
[ephesians 4:1] B: ru[8]="достойно" → gr[8]="ἀξίως" downgraded to u
[ephesians 4:6] B: ru[5]="Который" → gr[5]="ὁ" downgraded to u
[ephesians 4:7] B: ru[1]="же" → gr[2]="ἑκάστῳ" downgraded to u
[ephesians 4:8] B: ru[0]="Посему" → gr[0]="διὸ" downgraded to u
[ephesians 4:9] B: ru[2]="что" → gr[3]="τί" downgraded to u
[ephesians 4:10] B: ru[6]="превыше" → gr[7]="ὑπεράνω" downgraded to u
[ephesians 4:11] B: ru[3]="одних" → gr[4]="μὲν" downgraded to u
[ephesians 4:11] B: ru[5]="других" → gr[6]="τοὺς" downgraded to u
[ephesians 4:11] B: ru[7]="иных" → gr[9]="τοὺς" downgraded to u
[ephesians 4:11] B: ru[9]="иных" → gr[12]="τοὺς" downgraded to u
[ephesians 4:13] B: ru[0]="доколе" → gr[0]="μέχρι" downgraded to u
[ephesians 4:14] B: ru[4]="более" → gr[1]="μηκέτι" downgraded to u
[ephesians 4:16] B: ru[7]="посредством" → gr[8]="διὰ" downgraded to u
[ephesians 4:17] B: ru[0]="Посему" → gr[1]="οὖν" downgraded to u
[ephesians 4:18] B: ru[2]="в" → gr[1]="τῇ" downgraded to u
[ephesians 4:21] B: ru[12]="как" → gr[9]="ἐστιν" downgraded to u
[ephesians 4:22] B: ru[2]="образ" → gr[2]="κατὰ" downgraded to u
[ephesians 4:24] B: ru[2]="в" → gr[2]="τὸν" downgraded to u
[ephesians 4:25] B: ru[0]="Посему," → gr[0]="Διὸ" downgraded to u
[ephesians 4:25] B: ru[6]="ближнему" → gr[9]="πλησίον" downgraded to u
[ephesians 4:28] B: ru[0]="Кто" → gr[0]="ὁ" downgraded to u
[ephesians 4:28] B: ru[6]="лучше" → gr[4]="μᾶλλον" downgraded to u
[ephesians 4:28] B: ru[9]="своими" → gr[11]="τὸ" downgraded to u
[ephesians 4:29] B: ru[10]="только" → gr[11]="τις" downgraded to u
[ephesians 4:29] B: ru[14]="в" → gr[15]="τῆς" downgraded to u
[ephesians 5:1] B: ru[0]="Итак," → gr[1]="οὖν" downgraded to u
[ephesians 5:4] B: ru[0]="Также" → gr[0]="καὶ" downgraded to u
[ephesians 5:4] B: ru[10]="напротив," → gr[10]="μᾶλλον" downgraded to u
[ephesians 5:7] B: ru[0]="итак," → gr[1]="οὖν" downgraded to u
[ephesians 5:8] B: ru[2]="некогда" → gr[2]="ποτε" downgraded to u
[ephesians 5:8] B: ru[5]="теперь" → gr[4]="νῦν" downgraded to u
[ephesians 5:10] B: ru[1]="что" → gr[2]="ἐστιν" downgraded to u
[ephesians 5:12] B: ru[2]="том," → gr[0]="τὰ" downgraded to u
[ephesians 5:12] B: ru[6]="тайно," → gr[2]="κρυφῇ" downgraded to u
[ephesians 5:14] B: ru[0]="Посему" → gr[6]="διὸ" downgraded to u
[ephesians 5:15] B: ru[0]="Итак," → gr[1]="οὖν" downgraded to u
[ephesians 5:15] B: ru[3]="осторожно," → gr[2]="ἀκριβῶς" downgraded to u
[ephesians 5:17] B: ru[6]="что" → gr[7]="τί" downgraded to u
[ephesians 5:19] B: ru[12]="в" → gr[11]="τῇ" downgraded to u
[ephesians 5:20] B: ru[1]="всегда" → gr[1]="πάντοτε" downgraded to u
[ephesians 5:24] B: ru[1]="как" → gr[2]="ἡ" downgraded to u
[ephesians 5:26] A2: +added ru[2]="ее," ↔ gr[1]="αὐτὴν"
[ephesians 5:26] B: ru[6]="посредством" → gr[8]="ἐν" downgraded to u
[ephesians 5:29] A2: +added ru[13]="ее," ↔ gr[11]="αὐτήν"
[ephesians 5:29] B: ru[2]="никогда" → gr[2]="ποτε" downgraded to u
[ephesians 5:29] B: ru[16]="Господь" → gr[16]="τὴν" downgraded to u
[ephesians 5:31] B: ru[9]="к" → gr[11]="τῇ" downgraded to u
[ephesians 5:33] B: ru[15]="своего" → gr[14]="ἡ" downgraded to u
[ephesians 6:1] B: ru[2]="своим" → gr[5]="ὑμῶν" downgraded to u
[ephesians 6:3] B: ru[3]="благо," → gr[1]="εὖ" downgraded to u
[ephesians 6:4] B: ru[1]="вы," → gr[1]="οἱ" downgraded to u
[ephesians 6:7] B: ru[3]="как" → gr[4]="τῷ" downgraded to u
[ephesians 6:9] B: ru[1]="вы," → gr[1]="οἱ" downgraded to u
[ephesians 6:9] B: ru[6]="так" → gr[14]="αὐτῶν" downgraded to u
[ephesians 6:9] B: ru[25]="нет" → gr[24]="οὐ" downgraded to u
[ephesians 6:11] B: ru[1]="во" → gr[1]="τὴν" downgraded to u
[ephesians 6:11] B: ru[9]="против" → gr[10]="πρὸς" downgraded to u
[ephesians 6:12] B: ru[5]="против" → gr[6]="πρὸς" downgraded to u
[ephesians 6:12] B: ru[10]="против" → gr[11]="πρὸς" downgraded to u
[ephesians 6:12] B: ru[12]="против" → gr[14]="πρὸς" downgraded to u
[ephesians 6:12] B: ru[14]="против" → gr[17]="πρὸς" downgraded to u
[ephesians 6:12] B: ru[19]="против" → gr[23]="πρὸς" downgraded to u
[ephesians 6:14] B: ru[0]="Итак" → gr[1]="οὖν" downgraded to u
[ephesians 6:14] B: ru[8]="в" → gr[10]="τὸν" downgraded to u
[ephesians 6:20] B: ru[7]="дабы" → gr[7]="αὐτῷ" downgraded to u
[ephesians 6:21] B: ru[5]="о" → gr[5]="τὰ" downgraded to u
[ephesians 6:21] B: ru[7]="обстоятельствах" → gr[6]="κατ" downgraded to u
[galatians 1:2] B: ru[2]="находящиеся" → gr[1]="οἱ" downgraded to u
[galatians 1:4] B: ru[0]="Который" → gr[0]="τοῦ" downgraded to u
[galatians 1:6] B: ru[9]="скоро" → gr[3]="ταχέως" downgraded to u
[galatians 1:8] B: ru[14]="что" → gr[11]="ὃ" downgraded to u
[galatians 1:9] B: ru[6]="теперь" → gr[3]="ἄρτι" downgraded to u
[galatians 1:9] B: ru[7]="еще" → gr[4]="πάλιν" downgraded to u
[galatians 1:9] B: ru[14]="что" → gr[11]="ὃ" downgraded to u
[galatians 1:10] B: ru[4]="ныне" → gr[0]="Ἄρτι" downgraded to u
[galatians 1:10] B: ru[8]="у" → gr[5]="τὸν" downgraded to u
[galatians 1:10] B: ru[18]="поныне" → gr[12]="ἔτι" downgraded to u
[galatians 1:11] B: ru[5]="которое" → gr[4]="τὸ" downgraded to u
[galatians 1:11] B: ru[6]="я" → gr[8]="ὑπ" downgraded to u
[galatians 1:13] A2: +added ru[17]="ее," ↔ gr[19]="αὐτήν"
[galatians 1:13] B: ru[2]="о" → gr[2]="τὴν" downgraded to u
[galatians 1:13] B: ru[4]="прежнем" → gr[5]="ποτε" downgraded to u
[galatians 1:14] B: ru[4]="более" → gr[5]="ὑπὲρ" downgraded to u
[galatians 1:14] B: ru[11]="неумеренным" → gr[12]="περισσοτέρως" downgraded to u
[galatians 1:16] B: ru[14]="тогда" → gr[12]="εὐθέως" downgraded to u
[galatians 1:17] B: ru[6]="предшествовавшим" → gr[6]="πρὸ" downgraded to u
[galatians 1:17] B: ru[14]="опять" → gr[14]="πάλιν" downgraded to u
[galatians 1:18] B: ru[0]="Потом," → gr[0]="Ἔπειτα" downgraded to u
[galatians 1:18] B: ru[1]="спустя" → gr[1]="μετὰ" downgraded to u
[galatians 1:19] B: ru[2]="из" → gr[2]="τῶν" downgraded to u
[galatians 1:20] B: ru[3]="что" → gr[0]="ἃ" downgraded to u
[galatians 1:21] B: ru[1]="сего" → gr[0]="ἔπειτα" downgraded to u
[galatians 1:23] B: ru[7]="некогда" → gr[8]="ποτε" downgraded to u
[galatians 1:23] B: ru[8]="ныне" → gr[9]="νῦν" downgraded to u
[galatians 1:23] B: ru[12]="прежде" → gr[14]="ποτε" downgraded to u
[galatians 2:1] B: ru[0]="Потом," → gr[0]="Ἔπειτα" downgraded to u
[galatians 2:1] B: ru[4]="опять" → gr[4]="πάλιν" downgraded to u
[galatians 2:4] B: ru[6]="за" → gr[8]="τὴν" downgraded to u
[galatians 2:6] B: ru[9]="когда-либо," → gr[7]="ποτε" downgraded to u
[galatians 2:7] B: ru[7]="для" → gr[7]="τῆς" downgraded to u
[galatians 2:7] B: ru[11]="для" → gr[11]="τῆς" downgraded to u
[galatians 2:8] B: ru[5]="у" → gr[0]="ὁ" downgraded to u
[galatians 2:9] B: ru[2]="о" → gr[2]="τὴν" downgraded to u
[galatians 2:10] B: ru[0]="только" → gr[1]="τῶν" downgraded to u
[galatians 2:10] B: ru[5]="что" → gr[5]="ὃ" downgraded to u
[galatians 2:12] B: ru[8]="с" → gr[1]="τοῦ" downgraded to u
[galatians 2:12] B: ru[7]="вместе" → gr[7]="μετὰ" downgraded to u
[galatians 2:14] B: ru[22]="по-язычески," → gr[20]="ἐθνικῶς" downgraded to u
[galatians 2:14] B: ru[25]="по-иудейски," → gr[23]="Ἰουδαϊκῶς" downgraded to u
[galatians 2:14] B: ru[28]="чего" → gr[26]="τὰ" downgraded to u
[galatians 2:17] B: ru[12]="неужели" → gr[10]="ἆρα" downgraded to u
[galatians 2:17] B: ru[17]="Никак." → gr[14]="μὴ" downgraded to u
[galatians 2:18] B: ru[5]="что" → gr[2]="ἃ" downgraded to u
[galatians 2:18] B: ru[1]="если" → gr[4]="ταῦτα" downgraded to u
[galatians 2:18] B: ru[3]="снова" → gr[5]="πάλιν" downgraded to u
[galatians 2:20] B: ru[11]="что" → gr[9]="ὃ" downgraded to u
[galatians 2:20] B: ru[12]="ныне" → gr[11]="νῦν" downgraded to u
[galatians 2:21] B: ru[10]="напрасно" → gr[13]="δωρεὰν" downgraded to u
[galatians 3:1] B: ru[0]="О," → gr[0]="Ὦ" downgraded to u
[galatians 3:1] B: ru[12]="перед" → gr[7]="κατ" downgraded to u
[galatians 3:3] B: ru[1]="ли" → gr[2]="ἐστε" downgraded to u
[galatians 3:3] B: ru[7]="теперь" → gr[5]="νῦν" downgraded to u
[galatians 3:4] B: ru[6]="пользы?" → gr[2]="εἰκῇ" downgraded to u
[galatians 3:4] B: ru[12]="пользы!" → gr[6]="εἰκῇ" downgraded to u
[galatians 3:9] B: ru[0]="Итак" → gr[0]="ὥστε" downgraded to u
[galatians 3:10] B: ru[18]="что" → gr[21]="τῷ" downgraded to u
[galatians 3:10] B: ru[20]="в" → gr[23]="τοῦ" downgraded to u
[galatians 3:12] B: ru[6]="кто" → gr[0]="ὁ" downgraded to u
[galatians 3:16] B: ru[3]="были" → gr[0]="τῷ" downgraded to u
[galatians 3:17] B: ru[2]="то," → gr[0]="τοῦτο" downgraded to u
[galatians 3:17] B: ru[19]="чтобы" → gr[8]="ὁ" downgraded to u
[galatians 3:17] B: ru[12]="спустя" → gr[9]="μετὰ" downgraded to u
[galatians 3:19] B: ru[8]="причине" → gr[6]="χάριν" downgraded to u
[galatians 3:19] B: ru[11]="времени" → gr[8]="ἄχρις" downgraded to u
[galatians 3:21] B: ru[0]="Итак" → gr[1]="οὖν" downgraded to u
[galatians 3:21] B: ru[2]="противен" → gr[3]="κατὰ" downgraded to u
[galatians 3:21] B: ru[5]="Никак!" → gr[8]="μὴ" downgraded to u
[galatians 3:21] B: ru[15]="подлинно" → gr[17]="ὄντως" downgraded to u
[galatians 3:24] B: ru[0]="Итак" → gr[0]="ὥστε" downgraded to u
[galatians 3:28] B: ru[0]="Нет" → gr[0]="οὐ" downgraded to u
[galatians 3:28] B: ru[5]="нет" → gr[5]="οὐ" downgraded to u
[galatians 3:28] B: ru[9]="нет" → gr[10]="οὐ" downgraded to u
[galatians 4:1] B: ru[0]="Еще" → gr[1]="δέ" downgraded to u
[galatians 4:2] B: ru[1]="подчинен" → gr[1]="ὑπὸ" downgraded to u
[galatians 4:3] B: ru[3]="доколе" → gr[3]="ὅτε" downgraded to u
[galatians 4:4] B: ru[14]="подчинился" → gr[17]="ὑπὸ" downgraded to u
[galatians 4:7] B: ru[0]="Посему" → gr[0]="ὥστε" downgraded to u
[galatians 4:8] B: ru[1]="тогда," → gr[1]="τότε" downgraded to u
[galatians 4:8] B: ru[8]="которые" → gr[7]="τοῖς" downgraded to u
[galatians 4:9] B: ru[0]="Ныне" → gr[0]="νῦν" downgraded to u
[galatians 4:9] B: ru[5]="лучше," → gr[4]="μᾶλλον" downgraded to u
[galatians 4:9] B: ru[11]="чего" → gr[9]="πῶς" downgraded to u
[galatians 4:9] B: ru[13]="опять" → gr[11]="πάλιν" downgraded to u
[galatians 4:9] B: ru[23]="снова" → gr[19]="πάλιν" downgraded to u
[galatians 4:9] B: ru[22]="еще" → gr[20]="ἄνωθεν" downgraded to u
[galatians 4:11] B: ru[4]="напрасно" → gr[4]="εἰκῇ" downgraded to u
[galatians 4:13] B: ru[9]="в" → gr[9]="τὸ" downgraded to u
[galatians 4:15] B: ru[2]="были" → gr[2]="ὁ" downgraded to u
[galatians 4:15] B: ru[11]="было," → gr[11]="τοὺς" downgraded to u
[galatians 4:15] B: ru[16]="свои" → gr[13]="ὑμῶν" downgraded to u
[galatians 4:16] B: ru[0]="Итак," → gr[0]="ὥστε" downgraded to u
[galatians 4:17] A2: +added ru[12]="них." ↔ gr[9]="αὐτοὺς"
[galatians 4:17] B: ru[3]="нечисто," → gr[2]="οὐ" downgraded to u
[galatians 4:18] B: ru[4]="всегда," → gr[5]="πάντοτε" downgraded to u
[galatians 4:19] B: ru[5]="снова" → gr[3]="πάλιν" downgraded to u
[galatians 4:20] B: ru[3]="теперь" → gr[5]="ἄρτι" downgraded to u
[galatians 4:21] B: ru[2]="вы," → gr[2]="οἱ" downgraded to u
[galatians 4:23] B: ru[1]="который" → gr[2]="μὲν" downgraded to u
[galatians 4:23] B: ru[9]="который" → gr[12]="τῆς" downgraded to u
[galatians 4:23] B: ru[12]="тот" → gr[4]="τῆς" downgraded to u
[galatians 4:25] B: ru[9]="нынешнему" → gr[12]="νῦν" downgraded to u
[galatians 4:26] B: ru[1]="вышний" → gr[2]="ἄνω" downgraded to u
[galatians 4:27] B: ru[13]="у" → gr[4]="ἡ" downgraded to u
[galatians 4:27] B: ru[4]="нерождающая;" → gr[5]="οὐ" downgraded to u
[galatians 4:27] B: ru[19]="у" → gr[15]="τὰ" downgraded to u
[galatians 4:27] B: ru[15]="гораздо" → gr[19]="μᾶλλον" downgraded to u
[galatians 4:27] B: ru[18]="нежели" → gr[20]="ἢ" downgraded to u
[galatians 4:28] B: ru[0]="Мы," → gr[1]="δέ" downgraded to u
[galatians 4:29] B: ru[2]="тогда" → gr[2]="τότε" downgraded to u
[galatians 4:29] B: ru[7]="рожденного" → gr[8]="τὸν" downgraded to u
[galatians 4:29] B: ru[12]="ныне." → gr[13]="νῦν" downgraded to u
[galatians 4:30] B: ru[0]="Что" → gr[1]="τί" downgraded to u
[galatians 5:1] B: ru[2]="в" → gr[0]="τῇ" downgraded to u
[galatians 5:1] B: ru[0]="Итак" → gr[6]="οὖν" downgraded to u
[galatians 5:1] B: ru[11]="опять" → gr[9]="πάλιν" downgraded to u
[galatians 5:2] B: ru[0]="Вот," → gr[0]="Ἴδε" downgraded to u
[galatians 5:3] B: ru[0]="Еще" → gr[2]="πάλιν" downgraded to u
[galatians 5:7] B: ru[2]="хорошо:" → gr[1]="καλῶς" downgraded to u
[galatians 5:8] B: ru[0]="Такое" → gr[0]="ἡ" downgraded to u
[galatians 5:10] B: ru[8]="не" → gr[7]="οὐδὲν" downgraded to u
[galatians 5:11] B: ru[1]="что" → gr[7]="τί" downgraded to u
[galatians 5:11] B: ru[9]="теперь" → gr[8]="ἔτι" downgraded to u
[galatians 5:11] B: ru[12]="Тогда" → gr[10]="ἄρα" downgraded to u
[galatians 5:13] B: ru[8]="ваша" → gr[8]="τὴν" downgraded to u
[galatians 5:13] B: ru[10]="была" → gr[10]="εἰς" downgraded to u
[galatians 5:13] B: ru[12]="к" → gr[12]="τῇ" downgraded to u
[galatians 5:14] B: ru[8]="ближнего" → gr[12]="πλησίον" downgraded to u
[galatians 5:17] B: ru[3]="противного" → gr[4]="κατὰ" downgraded to u
[galatians 5:17] B: ru[8]="противного" → gr[10]="κατὰ" downgraded to u
[galatians 5:17] B: ru[20]="что" → gr[19]="ἃ" downgraded to u
[galatians 5:17] B: ru[18]="то" → gr[22]="ταῦτα" downgraded to u
[galatians 5:21] B: ru[15]="так" → gr[15]="τοιαῦτα" downgraded to u
[galatians 5:23] B: ru[4]="нет" → gr[5]="οὐ" downgraded to u
[galatians 5:24] B: ru[2]="которые" → gr[0]="οἱ" downgraded to u
[galatians 6:1] B: ru[20]="не" → gr[21]="σὺ" downgraded to u
[galatians 6:2] B: ru[6]="образом" → gr[5]="οὕτως" downgraded to u
[galatians 6:4] B: ru[6]="тогда" → gr[7]="τότε" downgraded to u
[galatians 6:4] B: ru[10]="только" → gr[10]="μόνον" downgraded to u
[galatians 6:7] B: ru[9]="то" → gr[10]="τοῦτο" downgraded to u
[galatians 6:10] B: ru[0]="Итак," → gr[0]="ἄρα" downgraded to u
[galatians 6:10] B: ru[1]="доколе" → gr[2]="ὡς" downgraded to u
[galatians 6:10] B: ru[9]="наипаче" → gr[10]="μάλιστα" downgraded to u
[galatians 6:10] B: ru[10]="своим" → gr[14]="οἰκείους" downgraded to u
[galatians 6:10] B: ru[11]="по" → gr[15]="τῆς" downgraded to u
[galatians 6:11] B: ru[6]="своею" → gr[6]="ἐμῇ" downgraded to u
[galatians 6:12] B: ru[14]="за" → gr[11]="τῷ" downgraded to u
[galatians 6:14] B: ru[5]="разве" → gr[5]="εἰ" downgraded to u
[hebrews 1:1] B: ru[1]="многократно" → gr[0]="Πολυμερῶς" downgraded to u
[hebrews 1:1] B: ru[3]="многообразно" → gr[2]="πολυτρόπως" downgraded to u
[hebrews 1:1] B: ru[5]="издревле" → gr[3]="πάλαι" downgraded to u
[hebrews 1:2] B: ru[12]="чрез" → gr[13]="δι" downgraded to u
[hebrews 1:5] B: ru[3]="из" → gr[4]="τῶν" downgraded to u
[hebrews 1:5] B: ru[11]="ныне" → gr[11]="σήμερον" downgraded to u
[hebrews 1:5] B: ru[15]="еще:" → gr[15]="πάλιν" downgraded to u
[hebrews 1:6] B: ru[0]="Также," → gr[2]="πάλιν" downgraded to u
[hebrews 1:9] B: ru[14]="более" → gr[16]="παρὰ" downgraded to u
[hebrews 1:10] B: ru[7]="и" → gr[13]="εἰσιν" downgraded to u
[hebrews 1:12] B: ru[10]="же," → gr[13]="εἶ" downgraded to u
[hebrews 1:12] B: ru[9]="тот" → gr[11]="ὁ" downgraded to u
[hebrews 1:13] B: ru[2]="из" → gr[3]="τῶν" downgraded to u
[hebrews 1:13] B: ru[9]="доколе" → gr[11]="ἕως" downgraded to u
[hebrews 1:14] B: ru[0]="Не" → gr[0]="οὐχὶ" downgraded to u
[hebrews 1:14] B: ru[12]="которые" → gr[9]="τοὺς" downgraded to u
[hebrews 2:1] B: ru[4]="особенно" → gr[3]="περισσοτέρως" downgraded to u
[hebrews 2:6] B: ru[0]="напротив" → gr[1]="δέ" downgraded to u
[hebrews 2:6] B: ru[2]="негде" → gr[2]="πού" downgraded to u
[hebrews 2:6] B: ru[5]="что" → gr[5]="Τί" downgraded to u
[hebrews 2:7] B: ru[1]="много" → gr[2]="βραχύ" downgraded to u
[hebrews 2:8] B: ru[16]="Ныне" → gr[16]="νῦν" downgraded to u
[hebrews 2:8] B: ru[24]="ему" → gr[21]="τὰ" downgraded to u
[hebrews 2:9] B: ru[13]="много" → gr[2]="βραχύ" downgraded to u
[hebrews 2:9] B: ru[11]="Который" → gr[12]="τοῦ" downgraded to u
[hebrews 2:11] A2: +added ru[14]="их" ↔ gr[16]="αὐτοὺς"
[hebrews 2:13] B: ru[1]="еще:" → gr[1]="πάλιν" downgraded to u
[hebrews 2:13] B: ru[8]="еще:" → gr[8]="πάλιν" downgraded to u
[hebrews 2:14] B: ru[10]="также" → gr[10]="παραπλησίως" downgraded to u
[hebrews 2:17] B: ru[0]="Посему" → gr[0]="ὅθεν" downgraded to u
[hebrews 2:17] B: ru[18]="за" → gr[20]="τὰς" downgraded to u
[hebrews 2:18] B: ru[1]="как" → gr[1]="ᾧ" downgraded to u
[hebrews 3:1] B: ru[0]="Итак," → gr[0]="Ὅθεν" downgraded to u
[hebrews 3:2] B: ru[8]="всем" → gr[9]="τῷ" downgraded to u
[hebrews 3:3] B: ru[16]="тот," → gr[14]="ὁ" downgraded to u
[hebrews 3:5] B: ru[12]="что" → gr[13]="τῶν" downgraded to u
[hebrews 3:6] B: ru[14]="только" → gr[13]="τὴν" downgraded to u
[hebrews 3:6] B: ru[18]="которым" → gr[18]="τῆς" downgraded to u
[hebrews 3:7] B: ru[0]="Почему," → gr[0]="Διό" downgraded to u
[hebrews 3:7] B: ru[5]="ныне," → gr[7]="Σήμερον" downgraded to u
[hebrews 3:8] B: ru[6]="время" → gr[7]="τῷ" downgraded to u
[hebrews 3:9] B: ru[0]="где" → gr[0]="οὗ" downgraded to u
[hebrews 3:9] B: ru[2]="Меня" → gr[2]="οἱ" downgraded to u
[hebrews 3:9] B: ru[8]="видели" → gr[9]="τὰ" downgraded to u
[hebrews 3:10] B: ru[0]="Посему" → gr[2]="διὸ" downgraded to u
[hebrews 3:10] B: ru[3]="на" → gr[4]="τῇ" downgraded to u
[hebrews 3:10] B: ru[8]="непрестанно" → gr[9]="Ἀεὶ" downgraded to u
[hebrews 3:11] B: ru[0]="посему" → gr[0]="ὡς" downgraded to u
[hebrews 3:13] B: ru[6]="доколе" → gr[6]="ἄχρις" downgraded to u
[hebrews 3:14] B: ru[6]="только" → gr[6]="τὴν" downgraded to u
[hebrews 3:15] B: ru[0]="доколе" → gr[0]="ἐν" downgraded to u
[hebrews 3:15] B: ru[13]="время" → gr[16]="τῷ" downgraded to u
[hebrews 3:17] B: ru[7]="Не" → gr[5]="οὐχὶ" downgraded to u
[hebrews 3:17] B: ru[8]="на" → gr[6]="τοῖς" downgraded to u
[hebrews 3:19] B: ru[0]="Итак" → gr[0]="καὶ" downgraded to u
[hebrews 4:1] B: ru[0]="Посему" → gr[1]="οὖν" downgraded to u
[hebrews 4:3] B: ru[4]="мы" → gr[11]="τῇ" downgraded to u
[hebrews 4:3] B: ru[22]="хотя" → gr[20]="καίτοι" downgraded to u
[hebrews 4:4] B: ru[11]="день" → gr[14]="τῇ" downgraded to u
[hebrews 4:5] B: ru[1]="еще" → gr[3]="πάλιν" downgraded to u
[hebrews 4:6] B: ru[0]="Итак," → gr[1]="οὖν" downgraded to u
[hebrews 4:6] B: ru[9]="которым" → gr[8]="οἱ" downgraded to u
[hebrews 4:7] B: ru[1]="еще" → gr[0]="πάλιν" downgraded to u
[hebrews 4:7] B: ru[9]="после" → gr[8]="μετὰ" downgraded to u
[hebrews 4:8] B: ru[13]="после" → gr[10]="μετὰ" downgraded to u
[hebrews 4:9] B: ru[0]="Посему" → gr[0]="ἄρα" downgraded to u
[hebrews 4:9] B: ru[1]="для" → gr[3]="τῷ" downgraded to u
[hebrews 4:10] B: ru[1]="кто" → gr[0]="ὁ" downgraded to u
[hebrews 4:10] B: ru[6]="тот" → gr[11]="τῶν" downgraded to u
[hebrews 4:11] B: ru[0]="Итак" → gr[1]="οὖν" downgraded to u
[hebrews 4:11] B: ru[14]="в" → gr[15]="τῆς" downgraded to u
[hebrews 4:13] B: ru[1]="нет" → gr[1]="οὐ" downgraded to u
[hebrews 4:14] B: ru[0]="Итак," → gr[1]="οὖν" downgraded to u
[hebrews 4:15] B: ru[11]="в" → gr[7]="ταῖς" downgraded to u
[hebrews 4:15] B: ru[15]="Который," → gr[12]="κατὰ" downgraded to u
[hebrews 4:15] B: ru[21]="кроме" → gr[16]="χωρὶς" downgraded to u
[hebrews 4:16] B: ru[0]="Посему" → gr[1]="οὖν" downgraded to u
[hebrews 4:16] B: ru[5]="к" → gr[4]="τῷ" downgraded to u
[hebrews 5:1] B: ru[10]="служение" → gr[9]="τὰ" downgraded to u
[hebrews 5:3] B: ru[1]="посему" → gr[1]="δι" downgraded to u
[hebrews 5:4] B: ru[6]="этой" → gr[5]="τὴν" downgraded to u
[hebrews 5:5] B: ru[11]="Тот," → gr[10]="ὁ" downgraded to u
[hebrews 5:5] B: ru[19]="ныне" → gr[19]="σήμερον" downgraded to u
[hebrews 5:8] B: ru[0]="хотя" → gr[0]="καίπερ" downgraded to u
[hebrews 5:9] B: ru[3]="для" → gr[4]="τοῖς" downgraded to u
[hebrews 5:12] B: ru[10]="снова" → gr[8]="πάλιν" downgraded to u
[hebrews 5:14] B: ru[6]="которых" → gr[7]="διὰ" downgraded to u
[hebrews 6:1] B: ru[0]="Посему," → gr[0]="Διὸ" downgraded to u
[hebrews 6:1] B: ru[11]="снова" → gr[13]="πάλιν" downgraded to u
[hebrews 6:4] B: ru[3]="однажды" → gr[3]="ἅπαξ" downgraded to u
[hebrews 6:6] B: ru[2]="опять" → gr[2]="πάλιν" downgraded to u
[hebrews 6:7] B: ru[2]="многократно" → gr[8]="πολλάκις" downgraded to u
[hebrews 6:8] B: ru[7]="близка" → gr[8]="ἐγγύς" downgraded to u
[hebrews 6:9] B: ru[0]="Впрочем" → gr[1]="δὲ" downgraded to u
[hebrews 6:9] B: ru[14]="хотя" → gr[10]="εἰ" downgraded to u
[hebrews 6:10] B: ru[9]="труд" → gr[15]="τὸ" downgraded to u
[hebrews 6:11] B: ru[9]="в" → gr[9]="τὴν" downgraded to u
[hebrews 6:12] B: ru[7]="которые" → gr[7]="διὰ" downgraded to u
[hebrews 6:14] B: ru[1]="истинно" → gr[1]="Εἰ" downgraded to u
[hebrews 6:18] B: ru[13]="мы," → gr[13]="οἱ" downgraded to u
[hebrews 6:19] B: ru[1]="для" → gr[4]="τῆς" downgraded to u
[hebrews 6:20] B: ru[0]="куда" → gr[0]="ὅπου" downgraded to u
[hebrews 7:1] B: ru[7]="тот," → gr[11]="ὁ" downgraded to u
[hebrews 7:1] B: ru[15]="после" → gr[15]="ἀπὸ" downgraded to u
[hebrews 7:1] B: ru[8]="который" → gr[16]="τῆς" downgraded to u
[hebrews 7:2] B: ru[15]="потом" → gr[12]="ἔπειτα" downgraded to u
[hebrews 7:2] B: ru[19]="то" → gr[17]="ὅ" downgraded to u
[hebrews 7:5] B: ru[12]="с" → gr[13]="τὸν" downgraded to u
[hebrews 7:5] B: ru[14]="то" → gr[18]="τοῦτ" downgraded to u
[hebrews 7:5] B: ru[19]="хотя" → gr[23]="καίπερ" downgraded to u
[hebrews 7:6] B: ru[1]="сей," → gr[0]="ὁ" downgraded to u
[hebrews 7:6] B: ru[9]="от" → gr[9]="τὸν" downgraded to u
[hebrews 7:8] B: ru[1]="здесь" → gr[1]="ὧδε" downgraded to u
[hebrews 7:8] B: ru[7]="там" → gr[7]="ἐκεῖ" downgraded to u
[hebrews 7:10] B: ru[3]="еще" → gr[0]="ἔτι" downgraded to u
[hebrews 7:11] B: ru[2]="бы" → gr[1]="μὲν" downgraded to u
[hebrews 7:11] B: ru[0]="Итак," → gr[2]="οὖν" downgraded to u
[hebrews 7:11] B: ru[5]="посредством" → gr[4]="διὰ" downgraded to u
[hebrews 7:11] B: ru[19]="еще" → gr[16]="ἔτι" downgraded to u
[hebrews 7:13] B: ru[1]="Тот," → gr[12]="τῷ" downgraded to u
[hebrews 7:14] B: ru[15]="относительно" → gr[12]="περὶ" downgraded to u
[hebrews 7:15] B: ru[2]="еще" → gr[2]="ἔτι" downgraded to u
[hebrews 7:18] B: ru[7]="причине" → gr[6]="διὰ" downgraded to u
[hebrews 7:19] B: ru[11]="посредством" → gr[9]="δι" downgraded to u
[hebrews 7:20] B: ru[1]="как" → gr[2]="ὅσον" downgraded to u
[hebrews 7:21] B: ru[7]="Сей" → gr[5]="τοῦ" downgraded to u
[hebrews 7:22] B: ru[0]="то" → gr[1]="τοσοῦτο" downgraded to u
[hebrews 7:23] B: ru[0]="Притом" → gr[0]="Καὶ" downgraded to u
[hebrews 7:23] B: ru[1]="тех" → gr[2]="μὲν" downgraded to u
[hebrews 7:24] B: ru[1]="Сей," → gr[0]="ὁ" downgraded to u
[hebrews 7:25] B: ru[0]="посему" → gr[0]="ὅθεν" downgraded to u
[hebrews 7:25] B: ru[3]="всегда" → gr[3]="εἰς" downgraded to u
[hebrews 7:25] B: ru[6]="чрез" → gr[9]="δι" downgraded to u
[hebrews 7:25] B: ru[11]="всегда" → gr[13]="πάντοτε" downgraded to u
[hebrews 7:27] B: ru[6]="те" → gr[7]="οἱ" downgraded to u
[hebrews 7:27] B: ru[14]="потом" → gr[16]="ἔπειτα" downgraded to u
[hebrews 7:27] B: ru[16]="грехи" → gr[17]="τῶν" downgraded to u
[hebrews 7:27] B: ru[22]="однажды," → gr[23]="ἐφάπαξ" downgraded to u
[hebrews 7:28] B: ru[10]="после" → gr[14]="μετὰ" downgraded to u
[hebrews 8:1] B: ru[5]="чем" → gr[3]="τοῖς" downgraded to u
[hebrews 8:1] B: ru[18]="на" → gr[17]="τοῖς" downgraded to u
[hebrews 8:2] B: ru[4]="и" → gr[0]="τῶν" downgraded to u
[hebrews 8:3] B: ru[17]="что" → gr[14]="τι" downgraded to u
[hebrews 8:3] B: ru[12]="чтобы" → gr[17]="ὃ" downgraded to u
[hebrews 8:4] B: ru[13]="что" → gr[10]="ὄντων" downgraded to u
[hebrews 8:4] B: ru[15]="такие" → gr[11]="τῶν" downgraded to u
[hebrews 8:4] B: ru[17]="которые" → gr[15]="τὰ" downgraded to u
[hebrews 8:6] B: ru[7]="чем" → gr[6]="καὶ" downgraded to u
[hebrews 8:8] A2: +added ru[3]="их," ↔ gr[2]="αὐτοὺς"
[hebrews 8:9] A2: +added ru[35]="их," ↔ gr[17]="αὐτοὺς"
[hebrews 8:9] B: ru[1]="такой" → gr[1]="κατὰ" downgraded to u
[hebrews 8:9] B: ru[6]="с" → gr[6]="τοῖς" downgraded to u
[hebrews 8:9] B: ru[29]="том" → gr[26]="τῇ" downgraded to u
[hebrews 8:10] B: ru[0]="Вот" → gr[1]="αὕτη" downgraded to u
[hebrews 8:10] B: ru[6]="после" → gr[9]="μετὰ" downgraded to u
[hebrews 8:12] B: ru[5]="к" → gr[3]="ταῖς" downgraded to u
[hebrews 8:12] B: ru[16]="более." → gr[13]="ἔτι" downgraded to u
[hebrews 8:13] B: ru[9]="близко" → gr[12]="ἐγγὺς" downgraded to u
[hebrews 9:1] B: ru[0]="И" → gr[3]="ἡ" downgraded to u
[hebrews 9:4] B: ru[7]="сторон" → gr[9]="πάντοθεν" downgraded to u
[hebrews 9:4] B: ru[15]="с" → gr[15]="ἔχουσα" downgraded to u
[hebrews 9:5] B: ru[11]="теперь" → gr[12]="νῦν" downgraded to u
[hebrews 9:6] B: ru[1]="таком" → gr[2]="οὕτως" downgraded to u
[hebrews 9:7] B: ru[4]="однажды" → gr[4]="ἅπαξ" downgraded to u
[hebrews 9:7] B: ru[5]="в" → gr[5]="τοῦ" downgraded to u
[hebrews 9:7] B: ru[18]="за" → gr[18]="τῶν" downgraded to u
[hebrews 9:7] B: ru[19]="грехи" → gr[19]="τοῦ" downgraded to u
[hebrews 9:8] B: ru[11]="доколе" → gr[12]="ἔτι" downgraded to u
[hebrews 9:11] B: ru[11]="нерукотворенною," → gr[13]="οὐ" downgraded to u
[hebrews 9:11] B: ru[12]="то" → gr[15]="τοῦτ" downgraded to u
[hebrews 9:12] B: ru[11]="однажды" → gr[12]="ἐφάπαξ" downgraded to u
[hebrews 9:14] B: ru[2]="паче" → gr[1]="μᾶλλον" downgraded to u
[hebrews 9:15] B: ru[1]="потому" → gr[2]="τοῦτο" downgraded to u
[hebrews 9:15] B: ru[21]="к" → gr[18]="τὴν" downgraded to u
[hebrews 9:16] B: ru[1]="где" → gr[0]="ὅπου" downgraded to u
[hebrews 9:17] B: ru[4]="после" → gr[2]="ἐπὶ" downgraded to u
[hebrews 9:18] B: ru[0]="Почему" → gr[0]="ὅθεν" downgraded to u
[hebrews 9:21] B: ru[0]="Также" → gr[12]="ὁμοίως" downgraded to u
[hebrews 9:22] B: ru[3]="почти" → gr[1]="σχεδὸν" downgraded to u
[hebrews 9:23] B: ru[0]="Итак" → gr[1]="οὖν" downgraded to u
[hebrews 9:24] B: ru[17]="ныне" → gr[15]="νῦν" downgraded to u
[hebrews 9:25] B: ru[5]="многократно" → gr[2]="πολλάκις" downgraded to u
[hebrews 9:26] B: ru[0]="иначе" → gr[0]="ἐπεὶ" downgraded to u
[hebrews 9:26] B: ru[4]="многократно" → gr[3]="πολλάκις" downgraded to u
[hebrews 9:26] B: ru[11]="однажды," → gr[10]="ἅπαξ" downgraded to u
[hebrews 9:27] B: ru[1]="как" → gr[2]="ὅσον" downgraded to u
[hebrews 9:27] B: ru[4]="однажды" → gr[6]="ἅπαξ" downgraded to u
[hebrews 9:28] B: ru[3]="однажды" → gr[4]="ἅπαξ" downgraded to u
[hebrews 9:28] B: ru[21]="для" → gr[16]="τοῖς" downgraded to u
[hebrews 10:1] B: ru[10]="одними" → gr[12]="τῶν" downgraded to u
[hebrews 10:1] B: ru[15]="каждый" → gr[14]="κατ" downgraded to u
[hebrews 10:1] B: ru[19]="никогда" → gr[24]="οὐδέποτε" downgraded to u
[hebrews 10:2] B: ru[0]="Иначе" → gr[0]="ἐπεὶ" downgraded to u
[hebrews 10:2] B: ru[12]="не" → gr[7]="μηδεμίαν" downgraded to u
[hebrews 10:2] B: ru[15]="уже" → gr[9]="ἔτι" downgraded to u
[hebrews 10:2] B: ru[7]="приносящие" → gr[12]="τοὺς" downgraded to u
[hebrews 10:2] B: ru[11]="однажды," → gr[14]="ἅπαξ" downgraded to u
[hebrews 10:5] B: ru[0]="Посему" → gr[0]="διὸ" downgraded to u
[hebrews 10:6] B: ru[5]="неугодны" → gr[4]="οὐ" downgraded to u
[hebrews 10:7] B: ru[0]="Тогда" → gr[0]="τότε" downgraded to u
[hebrews 10:8] B: ru[3]="`ни" → gr[13]="οὐδὲ" downgraded to u
[hebrews 10:9] B: ru[0]="потом" → gr[0]="τότε" downgraded to u
[hebrews 10:10] B: ru[5]="единократным" → gr[12]="ἐφάπαξ" downgraded to u
[hebrews 10:11] B: ru[10]="одни" → gr[9]="τὰς" downgraded to u
[hebrews 10:11] B: ru[8]="многократно" → gr[11]="πολλάκις" downgraded to u
[hebrews 10:11] B: ru[16]="никогда" → gr[15]="οὐδέποτε" downgraded to u
[hebrews 10:13] B: ru[2]="доколе" → gr[3]="ἕως" downgraded to u
[hebrews 10:16] B: ru[0]="Вот" → gr[0]="Αὕτη" downgraded to u
[hebrews 10:16] B: ru[5]="после" → gr[7]="μετὰ" downgraded to u
[hebrews 10:17] B: ru[8]="более." → gr[11]="ἔτι" downgraded to u
[hebrews 10:18] B: ru[1]="где" → gr[0]="ὅπου" downgraded to u
[hebrews 10:19] B: ru[0]="Итак," → gr[1]="οὖν" downgraded to u
[hebrews 10:19] B: ru[5]="во" → gr[7]="τῶν" downgraded to u
[hebrews 10:19] B: ru[7]="посредством" → gr[9]="ἐν" downgraded to u
[hebrews 10:20] B: ru[7]="то" → gr[10]="τοῦτ" downgraded to u
[hebrews 10:25] B: ru[17]="более," → gr[12]="μᾶλλον" downgraded to u
[hebrews 10:25] B: ru[23]="оного." → gr[16]="τὴν" downgraded to u
[hebrews 10:26] B: ru[6]="произвольно" → gr[0]="Ἑκουσίως" downgraded to u
[hebrews 10:29] B: ru[7]="тот," → gr[5]="ὁ" downgraded to u
[hebrews 10:29] B: ru[8]="кто" → gr[6]="τὸν" downgraded to u
[hebrews 10:29] B: ru[13]="не" → gr[16]="κοινὸν" downgraded to u
[hebrews 10:30] B: ru[3]="Кто" → gr[2]="τὸν" downgraded to u
[hebrews 10:30] B: ru[13]="еще:" → gr[9]="πάλιν" downgraded to u
[hebrews 10:32] B: ru[3]="ваши," → gr[5]="ἐν" downgraded to u
[hebrews 10:32] B: ru[4]="когда" → gr[6]="αἷς" downgraded to u
[hebrews 10:33] B: ru[0]="то" → gr[0]="τοῦτο" downgraded to u
[hebrews 10:33] B: ru[10]="то" → gr[7]="τοῦτο" downgraded to u
[hebrews 10:33] B: ru[14]="других," → gr[10]="τῶν" downgraded to u
[hebrews 10:33] B: ru[17]="таком" → gr[11]="οὕτως" downgraded to u
[hebrews 10:35] B: ru[0]="Итак" → gr[2]="οὖν" downgraded to u
[hebrews 10:37] B: ru[1]="еще" → gr[0]="ἔτι" downgraded to u
[hebrews 11:1] B: ru[8]="невидимом." → gr[7]="οὐ" downgraded to u
[hebrews 11:4] A2: +added ru[8]="ею" ↔ gr[23]="αὐτῆς"
[hebrews 11:4] B: ru[6]="нежели" → gr[4]="παρὰ" downgraded to u
[hebrews 11:4] B: ru[26]="еще." → gr[25]="ἔτι" downgraded to u
[hebrews 11:5] B: ru[5]="что" → gr[3]="τοῦ" downgraded to u
[hebrews 11:5] B: ru[19]="прежде" → gr[15]="πρὸ" downgraded to u
[hebrews 11:6] B: ru[10]="к" → gr[8]="τὸν" downgraded to u
[hebrews 11:7] B: ru[5]="том," → gr[4]="τῶν" downgraded to u
[hebrews 11:7] B: ru[21]="(весь)" → gr[18]="τὸν" downgraded to u
[hebrews 11:8] B: ru[16]="куда" → gr[16]="ποῦ" downgraded to u
[hebrews 11:12] B: ru[13]="на" → gr[13]="τῷ" downgraded to u
[hebrews 11:12] B: ru[16]="как" → gr[17]="ἡ" downgraded to u
[hebrews 11:13] B: ru[10]="издали" → gr[10]="πόρρωθεν" downgraded to u
[hebrews 11:14] B: ru[2]="которые" → gr[0]="οἱ" downgraded to u
[hebrews 11:14] B: ru[3]="так" → gr[2]="τοιαῦτα" downgraded to u
[hebrews 11:15] B: ru[2]="бы" → gr[2]="μὲν" downgraded to u
[hebrews 11:15] B: ru[7]="то" → gr[3]="ἐκείνης" downgraded to u
[hebrews 11:16] B: ru[5]="то" → gr[4]="τοῦτ" downgraded to u
[hebrews 11:16] B: ru[9]="посему" → gr[7]="διὸ" downgraded to u
[hebrews 11:19] B: ru[3]="что" → gr[7]="ὁ" downgraded to u
[hebrews 11:19] B: ru[10]="почему" → gr[9]="ὅθεν" downgraded to u
[hebrews 11:25] B: ru[1]="лучше" → gr[0]="μᾶλλον" downgraded to u
[hebrews 11:25] B: ru[4]="с" → gr[3]="τῷ" downgraded to u
[hebrews 11:25] B: ru[7]="нежели" → gr[7]="ἢ" downgraded to u
[hebrews 11:26] B: ru[8]="нежели" → gr[6]="τὸν" downgraded to u
[hebrews 11:27] B: ru[9]="он," → gr[9]="τὸν" downgraded to u
[hebrews 11:29] B: ru[10]="что" → gr[9]="ἧς" downgraded to u
[hebrews 11:31] B: ru[14]="с" → gr[9]="τοὺς" downgraded to u
[hebrews 11:32] B: ru[1]="что" → gr[1]="τί" downgraded to u
[hebrews 11:32] B: ru[2]="еще" → gr[2]="ἔτι" downgraded to u
[hebrews 11:32] B: ru[21]="(других)" → gr[20]="τῶν" downgraded to u
[hebrews 11:36] B: ru[6]="также" → gr[7]="ἔτι" downgraded to u
[hebrews 11:37] B: ru[7]="от" → gr[3]="φόνῳ" downgraded to u
[hebrews 11:38] B: ru[2]="весь" → gr[4]="ὁ" downgraded to u
[hebrews 12:1] B: ru[0]="Посему" → gr[0]="Τοιγαροῦν" downgraded to u
[hebrews 12:2] B: ru[8]="вместо" → gr[10]="ἀντὶ" downgraded to u
[hebrews 12:4] B: ru[7]="против" → gr[4]="πρὸς" downgraded to u
[hebrews 12:9] B: ru[0]="Притом," → gr[0]="εἶτα" downgraded to u
[hebrews 12:9] B: ru[2]="мы," → gr[3]="τῆς" downgraded to u
[hebrews 12:9] B: ru[14]="более" → gr[13]="μᾶλλον" downgraded to u
[hebrews 12:10] B: ru[0]="Те" → gr[1]="μὲν" downgraded to u
[hebrews 12:10] B: ru[10]="Сей" → gr[11]="ὁ" downgraded to u
[hebrews 12:12] B: ru[0]="Итак" → gr[0]="Διὸ" downgraded to u
[hebrews 12:13] B: ru[10]="лучше" → gr[14]="μᾶλλον" downgraded to u
[hebrews 12:14] B: ru[11]="увидит" → gr[11]="τὸν" downgraded to u
[hebrews 12:15] B: ru[11]="возникнув," → gr[13]="ἄνω" downgraded to u
[hebrews 12:17] B: ru[4]="после" → gr[4]="μετέπειτα" downgraded to u
[hebrews 12:17] B: ru[17]="хотя" → gr[15]="καίπερ" downgraded to u
[hebrews 12:20] B: ru[6]="что" → gr[3]="τὸ" downgraded to u
[hebrews 12:20] B: ru[13]="к" → gr[8]="τοῦ" downgraded to u
[hebrews 12:21] B: ru[1]="столь" → gr[1]="οὕτω" downgraded to u
[hebrews 12:21] B: ru[4]="это" → gr[4]="τὸ" downgraded to u
[hebrews 12:24] B: ru[12]="нежели" → gr[10]="παρὰ" downgraded to u
[hebrews 12:25] B: ru[19]="более" → gr[16]="μᾶλλον" downgraded to u
[hebrews 12:26] B: ru[2]="тогда" → gr[6]="τότε" downgraded to u
[hebrews 12:26] B: ru[7]="ныне" → gr[7]="νῦν" downgraded to u
[hebrews 12:26] B: ru[11]="еще" → gr[11]="Ἔτι" downgraded to u
[hebrews 12:26] B: ru[12]="раз" → gr[12]="ἅπαξ" downgraded to u
[hebrews 12:26] B: ru[15]="только" → gr[17]="τὴν" downgraded to u
[hebrews 12:27] B: ru[0]="Слова:" → gr[1]="δὲ" downgraded to u
[hebrews 12:27] B: ru[2]="раз" → gr[3]="ἅπαξ" downgraded to u
[hebrews 12:27] B: ru[10]="непоколебимое." → gr[13]="μὴ" downgraded to u
[hebrews 12:28] B: ru[0]="Итак" → gr[0]="διὸ" downgraded to u
[hebrews 12:28] B: ru[11]="благоугодно" → gr[9]="εὐαρέστως" downgraded to u
[hebrews 13:5] B: ru[5]="что" → gr[4]="τοῖς" downgraded to u
[hebrews 13:6] B: ru[11]="что" → gr[9]="τί" downgraded to u
[hebrews 13:7] B: ru[10]="на" → gr[13]="τὴν" downgraded to u
[hebrews 13:7] B: ru[16]="их." → gr[18]="τὴν" downgraded to u
[hebrews 13:8] B: ru[2]="вчера" → gr[2]="ἐχθὲς" downgraded to u
[hebrews 13:8] B: ru[4]="сегодня" → gr[4]="σήμερον" downgraded to u
[hebrews 13:11] B: ru[1]="как" → gr[14]="τούτων" downgraded to u
[hebrews 13:11] B: ru[14]="вне" → gr[18]="ἔξω" downgraded to u
[hebrews 13:12] B: ru[9]="вне" → gr[11]="ἔξω" downgraded to u
[hebrews 13:13] B: ru[0]="Итак" → gr[0]="τοίνυν" downgraded to u
[hebrews 13:14] B: ru[3]="здесь" → gr[3]="ὧδε" downgraded to u
[hebrews 13:15] B: ru[0]="Итак" → gr[2]="οὖν" downgraded to u
[hebrews 13:15] B: ru[9]="то" → gr[10]="τοῦτ" downgraded to u
[hebrews 13:18] B: ru[17]="честно." → gr[11]="καλῶς" downgraded to u
[hebrews 13:19] B: ru[0]="Особенно" → gr[0]="περισσοτέρως" downgraded to u
[hebrews 13:21] B: ru[13]="вас" → gr[14]="τὸ" downgraded to u
[hebrews 13:22] B: ru[4]="сие" → gr[5]="τοῦ" downgraded to u
[hebrews 13:23] B: ru[3]="наш" → gr[1]="τὸν" downgraded to u
[james 1:1] B: ru[9]="находящимся" → gr[7]="ταῖς" downgraded to u
[james 1:5] B: ru[10]="у" → gr[8]="τοῦ" downgraded to u
[james 1:5] B: ru[14]="просто" → gr[12]="ἁπλῶς" downgraded to u
[james 1:11] B: ru[2]="настает" → gr[4]="σὺν" downgraded to u
[james 1:17] B: ru[8]="свыше," → gr[7]="ἄνωθέν" downgraded to u
[james 1:17] B: ru[14]="нет" → gr[17]="οὐ" downgraded to u
[james 1:21] B: ru[0]="Посему," → gr[0]="διὸ" downgraded to u
[james 1:24] B: ru[6]="тотчас" → gr[6]="εὐθέως" downgraded to u
[james 1:25] B: ru[1]="кто" → gr[0]="ὁ" downgraded to u
[james 1:25] B: ru[6]="закон" → gr[6]="τὸν" downgraded to u
[james 1:25] B: ru[22]="в" → gr[21]="τῇ" downgraded to u
[james 1:27] B: ru[9]="то," → gr[9]="αὕτη" downgraded to u
[james 2:3] B: ru[5]="в" → gr[5]="τὴν" downgraded to u
[james 2:3] B: ru[22]="здесь," → gr[13]="ὧδε" downgraded to u
[james 2:7] B: ru[6]="которым" → gr[6]="τὸ" downgraded to u
[james 2:8] B: ru[8]="ближнего" → gr[10]="πλησίον" downgraded to u
[james 2:8] B: ru[14]="хорошо" → gr[14]="καλῶς" downgraded to u
[james 2:9] B: ru[9]="перед" → gr[6]="ὑπὸ" downgraded to u
[james 2:10] B: ru[9]="тот" → gr[3]="τὸν" downgraded to u
[james 2:11] B: ru[1]="Тот" → gr[0]="ὁ" downgraded to u
[james 2:14] B: ru[0]="Что" → gr[0]="Τί" downgraded to u
[james 2:16] B: ru[17]="для" → gr[18]="τοῦ" downgraded to u
[james 2:16] B: ru[19]="что" → gr[20]="τί" downgraded to u
[james 2:18] B: ru[23]="из" → gr[24]="τὴν" downgraded to u
[james 2:19] B: ru[5]="хорошо" → gr[7]="καλῶς" downgraded to u
[james 2:25] B: ru[0]="Подобно" → gr[0]="ὁμοίως" downgraded to u
[james 3:3] A2: +added ru[15]="их." ↔ gr[13]="αὐτοὺς"
[james 3:3] B: ru[7]="чтобы" → gr[4]="τοὺς" downgraded to u
[james 3:6] B: ru[11]="между" → gr[6]="τῆς" downgraded to u
[james 3:6] B: ru[14]="что" → gr[8]="ἡ" downgraded to u
[james 3:11] B: ru[1]="ли" → gr[0]="μήτι" downgraded to u
[james 3:15] B: ru[5]="свыше," → gr[5]="ἄνωθεν" downgraded to u
[james 3:16] B: ru[1]="где" → gr[0]="ὅπου" downgraded to u
[james 3:16] B: ru[5]="там" → gr[5]="ἐκεῖ" downgraded to u
[james 3:17] B: ru[3]="свыше," → gr[2]="ἄνωθεν" downgraded to u
[james 3:17] B: ru[6]="потом" → gr[8]="ἔπειτα" downgraded to u
[james 4:1] B: ru[0]="Откуда" → gr[0]="Πόθεν" downgraded to u
[james 4:1] B: ru[7]="отсюда" → gr[8]="ἐντεῦθεν" downgraded to u
[james 4:3] B: ru[9]="добро," → gr[5]="κακῶς" downgraded to u
[james 4:4] B: ru[8]="с" → gr[6]="τοῦ" downgraded to u
[james 4:4] B: ru[14]="Итак," → gr[14]="οὖν" downgraded to u
[james 4:4] B: ru[20]="тот" → gr[21]="τοῦ" downgraded to u
[james 4:5] B: ru[4]="напрасно" → gr[3]="κενῶς" downgraded to u
[james 4:6] B: ru[5]="посему" → gr[4]="διὸ" downgraded to u
[james 4:7] B: ru[0]="Итак" → gr[1]="οὖν" downgraded to u
[james 4:8] B: ru[1]="к" → gr[1]="τῷ" downgraded to u
[james 4:11] B: ru[5]="кто" → gr[4]="ὁ" downgraded to u
[james 4:12] B: ru[3]="Судия," → gr[14]="ὁ" downgraded to u
[james 4:13] B: ru[0]="Теперь" → gr[1]="νῦν" downgraded to u
[james 4:13] B: ru[2]="вы," → gr[2]="οἱ" downgraded to u
[james 4:13] B: ru[6]="завтра" → gr[6]="αὔριον" downgraded to u
[james 4:13] B: ru[5]="или" → gr[10]="τὴν" downgraded to u
[james 4:13] B: ru[13]="там" → gr[14]="ἐκεῖ" downgraded to u
[james 4:14] B: ru[4]="что" → gr[3]="τὸ" downgraded to u
[james 4:14] B: ru[6]="завтра:" → gr[5]="αὔριον" downgraded to u
[james 4:14] B: ru[18]="потом" → gr[17]="ἔπειτα" downgraded to u
[james 4:15] B: ru[0]="Вместо" → gr[0]="ἀντὶ" downgraded to u
[james 4:15] B: ru[1]="того," → gr[1]="τοῦ" downgraded to u
[james 4:15] B: ru[14]="то" → gr[12]="τοῦτο" downgraded to u
[james 4:16] B: ru[2]="своей" → gr[6]="ὑμῶν" downgraded to u
[james 4:17] B: ru[0]="Итак," → gr[1]="οὖν" downgraded to u
[james 5:1] B: ru[1]="вы," → gr[2]="οἱ" downgraded to u
[james 5:4] B: ru[4]="у" → gr[1]="ὁ" downgraded to u
[james 5:7] B: ru[0]="Итак," → gr[1]="οὖν" downgraded to u
[james 5:7] B: ru[12]="от" → gr[12]="τὸν" downgraded to u
[james 5:7] B: ru[19]="пока" → gr[20]="ἕως" downgraded to u
[james 5:11] B: ru[4]="которые" → gr[2]="τοὺς" downgraded to u
[james 5:11] B: ru[8]="о" → gr[4]="τὴν" downgraded to u
[james 5:12] B: ru[0]="Прежде" → gr[0]="Πρὸ" downgraded to u
[james 5:12] B: ru[21]="да" → gr[21]="Ναὶ" downgraded to u
[james 5:12] B: ru[24]="нет," → gr[25]="Οὒ" downgraded to u
[james 5:12] B: ru[28]="подпасть" → gr[29]="ὑπὸ" downgraded to u
[james 5:16] B: ru[4]="в" → gr[3]="τὰς" downgraded to u
[james 5:17] B: ru[8]="чтобы" → gr[8]="τοῦ" downgraded to u
[james 5:18] B: ru[1]="опять" → gr[1]="πάλιν" downgraded to u
[james 5:20] B: ru[1]="тот" → gr[2]="ὁ" downgraded to u
[john 1:3] B: ru[1]="чрез" → gr[1]="δι" downgraded to u
[john 1:3] B: ru[8]="ничто" → gr[8]="οὐδὲ" downgraded to u
[john 1:3] B: ru[12]="что" → gr[10]="ὃ" downgraded to u
[john 1:7] B: ru[11]="чрез" → gr[12]="δι" downgraded to u
[john 1:10] B: ru[5]="чрез" → gr[7]="δι" downgraded to u
[john 1:15] B: ru[9]="Тот," → gr[11]="Ὁ" downgraded to u
[john 1:15] B: ru[19]="впереди" → gr[15]="ἔμπροσθέν" downgraded to u
[john 1:17] B: ru[3]="чрез" → gr[3]="διὰ" downgraded to u
[john 1:17] B: ru[10]="чрез" → gr[11]="διὰ" downgraded to u
[john 1:18] B: ru[4]="никогда;" → gr[3]="πώποτε" downgraded to u
[john 1:19] B: ru[1]="вот" → gr[2]="ἐστὶν" downgraded to u
[john 1:21] B: ru[3]="что" → gr[3]="Τί" downgraded to u
[john 1:21] B: ru[9]="нет." → gr[10]="Οὐκ" downgraded to u
[john 1:21] B: ru[13]="нет." → gr[18]="Οὔ" downgraded to u
[john 1:22] B: ru[11]="что" → gr[11]="τί" downgraded to u
[john 1:25] B: ru[4]="что" → gr[6]="Τί" downgraded to u
[john 1:25] B: ru[14]="ни" → gr[18]="ὁ" downgraded to u
[john 1:27] B: ru[10]="недостоин" → gr[5]="οὐ" downgraded to u
[john 1:28] B: ru[6]="где" → gr[7]="ὅπου" downgraded to u
[john 1:29] B: ru[2]="день" → gr[1]="ἐπαύριον" downgraded to u
[john 1:29] B: ru[4]="Иоанн" → gr[3]="τὸν" downgraded to u
[john 1:29] B: ru[11]="вот" → gr[10]="Ἴδε" downgraded to u
[john 1:29] B: ru[14]="Который" → gr[15]="ὁ" downgraded to u
[john 1:30] B: ru[12]="впереди" → gr[11]="ἔμπροσθέν" downgraded to u
[john 1:33] B: ru[14]="увидишь" → gr[18]="τὸ" downgraded to u
[john 1:34] B: ru[8]="Сын" → gr[9]="τοῦ" downgraded to u
[john 1:35] B: ru[0]="На" → gr[0]="Τῇ" downgraded to u
[john 1:35] B: ru[2]="день" → gr[1]="ἐπαύριον" downgraded to u
[john 1:35] B: ru[3]="опять" → gr[2]="πάλιν" downgraded to u
[john 1:36] B: ru[5]="вот" → gr[6]="Ἴδε" downgraded to u
[john 1:38] B: ru[9]="что" → gr[10]="Τί" downgraded to u
[john 1:38] B: ru[12]="Они" → gr[13]="δὲ" downgraded to u
[john 1:38] B: ru[17]="что" → gr[17]="ὃ" downgraded to u
[john 1:38] B: ru[21]="где" → gr[21]="ποῦ" downgraded to u
[john 1:39] B: ru[9]="где" → gr[9]="ποῦ" downgraded to u
[john 1:39] B: ru[19]="около" → gr[20]="ὡς" downgraded to u
[john 1:41] B: ru[12]="что" → gr[15]="ἐστιν" downgraded to u
[john 1:42] B: ru[19]="что" → gr[13]="ὁ" downgraded to u
[john 1:43] B: ru[0]="На" → gr[0]="Τῇ" downgraded to u
[john 1:43] B: ru[2]="день" → gr[1]="ἐπαύριον" downgraded to u
[john 1:44] B: ru[6]="одного" → gr[2]="ὁ" downgraded to u
[john 1:46] B: ru[9]="что" → gr[7]="τι" downgraded to u
[john 1:47] B: ru[1]="увидев" → gr[1]="ὁ" downgraded to u
[john 1:47] B: ru[9]="вот" → gr[12]="Ἴδε" downgraded to u
[john 1:47] B: ru[10]="подлинно" → gr[13]="ἀληθῶς" downgraded to u
[john 1:47] B: ru[14]="нет" → gr[18]="οὐ" downgraded to u
[john 1:48] B: ru[3]="почему" → gr[3]="Πόθεν" downgraded to u
[john 1:48] B: ru[12]="прежде" → gr[11]="Πρὸ" downgraded to u
[john 1:48] B: ru[13]="нежели" → gr[12]="τοῦ" downgraded to u
[john 1:51] B: ru[9]="видеть" → gr[8]="τὸν" downgraded to u
[john 2:1] B: ru[0]="На" → gr[1]="τῇ" downgraded to u
[john 2:1] B: ru[12]="там." → gr[17]="ἐκεῖ" downgraded to u
[john 2:2] B: ru[1]="также" → gr[2]="καὶ" downgraded to u
[john 2:3] B: ru[10]="нет" → gr[11]="οὐ" downgraded to u
[john 2:4] B: ru[3]="что" → gr[5]="Τί" downgraded to u
[john 2:5] B: ru[4]="что" → gr[7]="τι" downgraded to u
[john 2:6] B: ru[2]="тут" → gr[2]="ἐκεῖ" downgraded to u
[john 2:7] A2: +added ru[8]="их" ↔ gr[10]="αὐτὰς"
[john 2:7] B: ru[10]="верха." → gr[12]="ἄνω" downgraded to u
[john 2:8] B: ru[3]="теперь" → gr[4]="νῦν" downgraded to u
[john 2:9] B: ru[12]="откуда" → gr[12]="πόθεν" downgraded to u
[john 2:10] B: ru[12]="тогда" → gr[13]="τὸν" downgraded to u
[john 2:10] B: ru[19]="доселе." → gr[21]="ἄρτι" downgraded to u
[john 2:11] B: ru[0]="Так" → gr[0]="ταύτην" downgraded to u
[john 2:12] B: ru[0]="После" → gr[0]="Μετὰ" downgraded to u
[john 2:12] B: ru[17]="там" → gr[18]="ἐκεῖ" downgraded to u
[john 2:12] B: ru[19]="немного" → gr[20]="οὐ" downgraded to u
[john 2:13] B: ru[0]="Приближалась" → gr[1]="ἐγγὺς" downgraded to u
[john 2:14] B: ru[4]="храме" → gr[5]="τοὺς" downgraded to u
[john 2:16] B: ru[6]="отсюда" → gr[8]="ἐντεῦθεν" downgraded to u
[john 2:17] B: ru[1]="сем" → gr[1]="οἱ" downgraded to u
[john 2:18] B: ru[1]="это" → gr[1]="οὖν" downgraded to u
[john 2:18] B: ru[12]="так" → gr[12]="ταῦτα" downgraded to u
[john 2:20] B: ru[1]="это" → gr[1]="οὖν" downgraded to u
[john 2:24] B: ru[8]="что" → gr[9]="αὐτὸν" downgraded to u
[john 2:25] B: ru[12]="что" → gr[15]="ἦν" downgraded to u
[john 3:3] B: ru[13]="свыше," → gr[13]="ἄνωθεν" downgraded to u
[john 3:3] B: ru[16]="увидеть" → gr[17]="τὴν" downgraded to u
[john 3:4] B: ru[9]="неужели" → gr[11]="μὴ" downgraded to u
[john 3:7] B: ru[10]="свыше." → gr[8]="ἄνωθεν" downgraded to u
[john 3:8] B: ru[2]="где" → gr[2]="ὅπου" downgraded to u
[john 3:8] B: ru[11]="откуда" → gr[13]="πόθεν" downgraded to u
[john 3:8] B: ru[14]="куда" → gr[16]="ποῦ" downgraded to u
[john 3:11] B: ru[7]="том," → gr[4]="ὅτι" downgraded to u
[john 3:11] B: ru[8]="что" → gr[5]="ὃ" downgraded to u
[john 3:11] B: ru[14]="что" → gr[9]="ὃ" downgraded to u
[john 3:16] A: ru[8]="Своего" → ru[14]="Него," (gr[18]="αὐτὸν")
[john 3:17] A: ru[5]="Своего" → ru[17]="Него." (gr[20]="αὐτοῦ")
[john 3:17] B: ru[16]="чрез" → gr[19]="δι" downgraded to u
[john 3:18] B: ru[6]="неверующий" → gr[8]="μὴ" downgraded to u
[john 3:18] B: ru[7]="уже" → gr[10]="ἤδη" downgraded to u
[john 3:19] B: ru[12]="более" → gr[16]="μᾶλλον" downgraded to u
[john 3:19] B: ru[15]="нежели" → gr[19]="ἢ" downgraded to u
[john 3:22] B: ru[0]="После" → gr[0]="Μετὰ" downgraded to u
[john 3:22] B: ru[11]="там" → gr[14]="ἐκεῖ" downgraded to u
[john 3:23] B: ru[2]="также" → gr[2]="καὶ" downgraded to u
[john 3:23] B: ru[6]="близ" → gr[8]="ἐγγὺς" downgraded to u
[john 3:23] B: ru[10]="там" → gr[15]="ἐκεῖ" downgraded to u
[john 3:25] B: ru[0]="Тогда" → gr[1]="οὖν" downgraded to u
[john 3:26] B: ru[8]="Тот," → gr[14]="τοῦ" downgraded to u
[john 3:26] B: ru[20]="вот" → gr[19]="ἴδε" downgraded to u
[john 3:28] B: ru[10]="я" → gr[9]="ὁ" downgraded to u
[john 3:29] B: ru[13]="слыша" → gr[18]="διὰ" downgraded to u
[john 3:31] B: ru[1]="свыше" → gr[1]="ἄνωθεν" downgraded to u
[john 3:31] B: ru[4]="выше" → gr[3]="ἐπάνω" downgraded to u
[john 3:31] B: ru[23]="выше" → gr[25]="ἐπάνω" downgraded to u
[john 3:32] B: ru[1]="что" → gr[0]="ὃ" downgraded to u
[john 3:32] B: ru[10]="и" → gr[7]="τὴν" downgraded to u
[john 3:34] B: ru[1]="Тот," → gr[3]="ὁ" downgraded to u
[john 4:1] B: ru[16]="нежели" → gr[16]="ἢ" downgraded to u
[john 4:2] B: ru[0]="хотя" → gr[0]="καίτοιγε" downgraded to u
[john 4:3] B: ru[5]="опять" → gr[5]="πάλιν" downgraded to u
[john 4:5] B: ru[0]="Итак" → gr[1]="οὖν" downgraded to u
[john 4:5] B: ru[8]="близ" → gr[8]="πλησίον" downgraded to u
[john 4:6] B: ru[0]="Там" → gr[2]="ἐκεῖ" downgraded to u
[john 4:11] B: ru[8]="а" → gr[2]="ἡ" downgraded to u
[john 4:11] B: ru[7]="нечем," → gr[5]="οὔτε" downgraded to u
[john 4:11] B: ru[11]="откуда" → gr[13]="πόθεν" downgraded to u
[john 4:12] B: ru[0]="Неужели" → gr[0]="μὴ" downgraded to u
[john 4:12] B: ru[9]="этот" → gr[11]="τὸ" downgraded to u
[john 4:13] B: ru[10]="опять," → gr[13]="πάλιν" downgraded to u
[john 4:14] B: ru[9]="тот" → gr[15]="τὸν" downgraded to u
[john 4:15] B: ru[16]="сюда" → gr[16]="ἐνθάδε" downgraded to u
[john 4:16] B: ru[9]="сюда." → gr[9]="ἐνθάδε" downgraded to u
[john 4:17] B: ru[6]="нет" → gr[6]="Οὐκ" downgraded to u
[john 4:17] B: ru[11]="правду" → gr[13]="Καλῶς" downgraded to u
[john 4:17] B: ru[17]="нет" → gr[17]="οὐ" downgraded to u
[john 4:18] B: ru[9]="ныне" → gr[5]="νῦν" downgraded to u
[john 4:20] B: ru[11]="где" → gr[17]="ὅπου" downgraded to u
[john 4:23] B: ru[5]="уже," → gr[4]="νῦν" downgraded to u
[john 4:26] B: ru[5]="Который" → gr[2]="ὁ" downgraded to u
[john 4:27] B: ru[13]="однакож" → gr[14]="μέντοι" downgraded to u
[john 4:28] B: ru[0]="Тогда" → gr[1]="οὖν" downgraded to u
[john 4:29] B: ru[0]="пойдите," → gr[0]="Δεῦτε" downgraded to u
[john 4:29] B: ru[7]="что" → gr[7]="ὅσα" downgraded to u
[john 4:29] B: ru[10]="не" → gr[9]="μήτι" downgraded to u
[john 4:29] B: ru[12]="ли" → gr[11]="ἐστιν" downgraded to u
[john 4:31] B: ru[1]="тем" → gr[2]="μεταξὺ" downgraded to u
[john 4:33] B: ru[0]="Посему" → gr[1]="οὖν" downgraded to u
[john 4:35] B: ru[5]="еще" → gr[4]="Ἔτι" downgraded to u
[john 4:35] B: ru[11]="А" → gr[11]="ἰδοὺ" downgraded to u
[john 4:35] B: ru[26]="поспели" → gr[27]="ἤδη" downgraded to u
[john 4:36] B: ru[13]="и" → gr[11]="ὁ" downgraded to u
[john 4:36] B: ru[15]="вместе" → gr[13]="ὁμοῦ" downgraded to u
[john 4:40] B: ru[16]="там" → gr[14]="ἐκεῖ" downgraded to u
[john 4:42] B: ru[4]="уже" → gr[4]="ὅτι" downgraded to u
[john 4:42] B: ru[17]="истинно" → gr[19]="ἀληθῶς" downgraded to u
[john 4:43] B: ru[1]="прошествии" → gr[0]="Μετὰ" downgraded to u
[john 4:43] B: ru[7]="оттуда" → gr[6]="ἐκεῖθεν" downgraded to u
[john 4:46] B: ru[0]="Итак" → gr[1]="οὖν" downgraded to u
[john 4:46] B: ru[2]="опять" → gr[2]="πάλιν" downgraded to u
[john 4:46] B: ru[7]="где" → gr[8]="ὅπου" downgraded to u
[john 4:53] B: ru[1]="этого" → gr[1]="οὖν" downgraded to u
[john 4:54] B: ru[0]="Это" → gr[2]="πάλιν" downgraded to u
[john 5:1] B: ru[0]="После" → gr[0]="Μετὰ" downgraded to u
[john 5:2] B: ru[9]="по-еврейски" → gr[11]="Ἑβραϊστὶ" downgraded to u
[john 5:5] B: ru[0]="Тут" → gr[4]="ἐκεῖ" downgraded to u
[john 5:6] B: ru[9]="уже" → gr[9]="ἤδη" downgraded to u
[john 5:7] B: ru[9]="который" → gr[8]="ἵνα" downgraded to u
[john 5:7] B: ru[18]="когда" → gr[19]="ᾧ" downgraded to u
[john 5:7] B: ru[25]="прежде" → gr[24]="πρὸ" downgraded to u
[john 5:9] B: ru[2]="тотчас" → gr[1]="εὐθέως" downgraded to u
[john 5:9] B: ru[13]="в" → gr[17]="ἐκείνῃ" downgraded to u
[john 5:10] B: ru[0]="Посему" → gr[1]="οὖν" downgraded to u
[john 5:11] B: ru[3]="Кто" → gr[4]="Ὁ" downgraded to u
[john 5:12] B: ru[3]="Тот" → gr[5]="ὁ" downgraded to u
[john 5:12] B: ru[5]="Который" → gr[7]="ὁ" downgraded to u
[john 5:13] B: ru[13]="том" → gr[0]="ὁ" downgraded to u
[john 5:14] B: ru[9]="вот," → gr[12]="Ἴδε" downgraded to u
[john 5:15] B: ru[1]="сей" → gr[1]="ὁ" downgraded to u
[john 5:16] B: ru[0]="И" → gr[2]="τοῦτο" downgraded to u
[john 5:17] B: ru[6]="доныне" → gr[8]="ἄρτι" downgraded to u
[john 5:18] B: ru[8]="то," → gr[1]="τοῦτο" downgraded to u
[john 5:18] B: ru[2]="более" → gr[3]="μᾶλλον" downgraded to u
[john 5:19] B: ru[1]="это" → gr[1]="οὖν" downgraded to u
[john 5:19] B: ru[25]="то" → gr[31]="ταῦτα" downgraded to u
[john 5:19] B: ru[29]="также." → gr[35]="ὁμοίως" downgraded to u
[john 5:20] B: ru[8]="что" → gr[10]="ἃ" downgraded to u
[john 5:23] B: ru[7]="Кто" → gr[9]="ὁ" downgraded to u
[john 5:23] B: ru[11]="тот" → gr[16]="τὸν" downgraded to u
[john 5:25] B: ru[8]="уже," → gr[8]="νῦν" downgraded to u
[john 5:28] B: ru[9]="находящиеся" → gr[9]="οἱ" downgraded to u
[john 5:30] B: ru[13]="и" → gr[11]="ἡ" downgraded to u
[john 5:34] B: ru[0]="Впрочем" → gr[1]="δὲ" downgraded to u
[john 5:36] B: ru[15]="сии," → gr[14]="ὁ" downgraded to u
[john 5:37] B: ru[13]="никогда" → gr[12]="πώποτε" downgraded to u
[john 5:39] B: ru[5]="чрез" → gr[6]="ἐν" downgraded to u
[john 5:44] B: ru[12]="которая" → gr[11]="τὴν" downgraded to u
[john 6:1] B: ru[0]="После" → gr[0]="Μετὰ" downgraded to u
[john 6:1] B: ru[6]="сторону" → gr[5]="πέραν" downgraded to u
[john 6:2] B: ru[7]="видели" → gr[7]="τὰ" downgraded to u
[john 6:3] B: ru[5]="там" → gr[7]="ἐκεῖ" downgraded to u
[john 6:4] B: ru[0]="Приближалась" → gr[2]="ἐγγὺς" downgraded to u
[john 6:5] B: ru[13]="где" → gr[17]="Πόθεν" downgraded to u
[john 6:6] B: ru[8]="что" → gr[8]="τί" downgraded to u
[john 6:9] B: ru[0]="здесь" → gr[2]="ὧδε" downgraded to u
[john 6:9] B: ru[12]="что" → gr[13]="τί" downgraded to u
[john 6:10] B: ru[8]="том" → gr[4]="τοὺς" downgraded to u
[john 6:10] B: ru[12]="Итак" → gr[15]="οὖν" downgraded to u
[john 6:11] B: ru[9]="ученики" → gr[9]="τοῖς" downgraded to u
[john 6:11] B: ru[11]="также" → gr[11]="ὁμοίως" downgraded to u
[john 6:12] B: ru[11]="ничего" → gr[12]="μή" downgraded to u
[john 6:13] B: ru[13]="тех," → gr[15]="τοῖς" downgraded to u
[john 6:14] B: ru[0]="Тогда" → gr[1]="οὖν" downgraded to u
[john 6:14] B: ru[8]="истинно" → gr[11]="ἀληθῶς" downgraded to u
[john 6:14] B: ru[9]="Тот" → gr[12]="ὁ" downgraded to u
[john 6:14] B: ru[11]="Которому" → gr[14]="ὁ" downgraded to u
[john 6:15] B: ru[12]="опять" → gr[13]="πάλιν" downgraded to u
[john 6:17] B: ru[7]="сторону" → gr[5]="πέραν" downgraded to u
[john 6:19] B: ru[1]="около" → gr[2]="ὡς" downgraded to u
[john 6:19] B: ru[14]="приближающегося" → gr[16]="ἐγγὺς" downgraded to u
[john 6:19] B: ru[15]="к" → gr[17]="τοῦ" downgraded to u
[john 6:21] B: ru[7]="тотчас" → gr[8]="εὐθέως" downgraded to u
[john 6:22] B: ru[0]="На" → gr[0]="Τῇ" downgraded to u
[john 6:22] B: ru[2]="день" → gr[1]="ἐπαύριον" downgraded to u
[john 6:22] B: ru[7]="сторону" → gr[6]="πέραν" downgraded to u
[john 6:22] B: ru[11]="там," → gr[15]="ἐκεῖ" downgraded to u
[john 6:23] B: ru[7]="близко" → gr[5]="ἐγγὺς" downgraded to u
[john 6:23] B: ru[9]="тому" → gr[6]="τοῦ" downgraded to u
[john 6:23] B: ru[11]="где" → gr[8]="ὅπου" downgraded to u
[john 6:24] B: ru[0]="Итак," → gr[1]="οὖν" downgraded to u
[john 6:24] B: ru[6]="нет" → gr[7]="οὐ" downgraded to u
[john 6:24] B: ru[5]="тут" → gr[9]="ἐκεῖ" downgraded to u
[john 6:25] B: ru[5]="стороне" → gr[3]="πέραν" downgraded to u
[john 6:25] B: ru[12]="сюда" → gr[10]="ὧδε" downgraded to u
[john 6:27] B: ru[2]="о" → gr[2]="τὴν" downgraded to u
[john 6:27] B: ru[6]="о" → gr[7]="τὴν" downgraded to u
[john 6:28] B: ru[0]="Итак" → gr[1]="οὖν" downgraded to u
[john 6:28] B: ru[3]="что" → gr[4]="Τί" downgraded to u
[john 6:29] B: ru[5]="вот" → gr[7]="ἐστιν" downgraded to u
[john 6:30] B: ru[1]="это" → gr[1]="οὖν" downgraded to u
[john 6:30] B: ru[15]="что" → gr[13]="τί" downgraded to u
[john 6:31] B: ru[6]="как" → gr[10]="ἐστιν" downgraded to u
[john 6:33] B: ru[4]="тот," → gr[3]="τοῦ" downgraded to u
[john 6:33] B: ru[5]="который" → gr[6]="ὁ" downgraded to u
[john 6:34] B: ru[1]="это" → gr[1]="οὖν" downgraded to u
[john 6:34] B: ru[7]="всегда" → gr[5]="πάντοτε" downgraded to u
[john 6:35] B: ru[21]="никогда." → gr[25]="πώποτε" downgraded to u
[john 6:37] B: ru[1]="что" → gr[1]="ὃ" downgraded to u
[john 6:37] B: ru[14]="вон," → gr[17]="ἔξω" downgraded to u
[john 6:38] B: ru[3]="с" → gr[3]="τοῦ" downgraded to u
[john 6:39] B: ru[21]="в" → gr[5]="τοῦ" downgraded to u
[john 6:39] B: ru[10]="что" → gr[10]="ὃ" downgraded to u
[john 6:39] B: ru[19]="то" → gr[19]="αὐτὸ" downgraded to u
[john 6:42] B: ru[4]="ли" → gr[4]="ἐστιν" downgraded to u
[john 6:42] B: ru[17]="Он:" → gr[20]="ὅτι" downgraded to u
[john 6:46] B: ru[9]="Кто" → gr[8]="ὁ" downgraded to u
[john 6:52] B: ru[0]="Тогда" → gr[1]="οὖν" downgraded to u
[john 6:57] B: ru[10]="и" → gr[12]="ὁ" downgraded to u
[john 6:61] B: ru[11]="то," → gr[9]="τούτου" downgraded to u
[john 6:62] B: ru[8]="где" → gr[8]="ὅπου" downgraded to u
[john 6:64] B: ru[5]="неверующие." → gr[6]="οὐ" downgraded to u
[john 6:64] B: ru[13]="неверующие" → gr[17]="μὴ" downgraded to u
[john 6:66] B: ru[9]="Него" → gr[10]="ὀπίσω" downgraded to u
[john 6:67] B: ru[0]="Тогда" → gr[1]="οὖν" downgraded to u
[john 6:69] B: ru[8]="Сын" → gr[10]="τοῦ" downgraded to u
[john 6:71] B: ru[3]="об" → gr[2]="τὸν" downgraded to u
[john 7:1] B: ru[0]="После" → gr[1]="μετὰ" downgraded to u
[john 7:2] B: ru[0]="Приближался" → gr[2]="ἐγγὺς" downgraded to u
[john 7:3] B: ru[0]="Тогда" → gr[1]="οὖν" downgraded to u
[john 7:3] B: ru[6]="отсюда" → gr[8]="ἐντεῦθεν" downgraded to u
[john 7:6] B: ru[1]="это" → gr[1]="οὖν" downgraded to u
[john 7:6] B: ru[13]="всегда" → gr[16]="πάντοτέ" downgraded to u
[john 7:10] B: ru[5]="тогда" → gr[9]="τότε" downgraded to u
[john 7:10] B: ru[12]="явно," → gr[14]="φανερῶς" downgraded to u
[john 7:11] B: ru[8]="где" → gr[10]="Ποῦ" downgraded to u
[john 7:12] B: ru[8]="одни" → gr[10]="μὲν" downgraded to u
[john 7:12] B: ru[16]="нет," → gr[18]="Οὔ" downgraded to u
[john 7:13] B: ru[0]="Впрочем" → gr[1]="μέντοι" downgraded to u
[john 7:17] B: ru[5]="тот" → gr[9]="τῆς" downgraded to u
[john 7:17] B: ru[8]="сем" → gr[13]="τοῦ" downgraded to u
[john 7:18] B: ru[8]="Кто" → gr[6]="τὴν" downgraded to u
[john 7:18] B: ru[16]="нет" → gr[24]="οὐ" downgraded to u
[john 7:19] B: ru[15]="что" → gr[13]="τί" downgraded to u
[john 7:22] B: ru[4]="[хотя" → gr[8]="ὅτι" downgraded to u
[john 7:25] B: ru[0]="Тут" → gr[1]="οὖν" downgraded to u
[john 7:26] B: ru[0]="Вот," → gr[1]="ἴδε" downgraded to u
[john 7:26] B: ru[11]="ли" → gr[8]="μήποτε" downgraded to u
[john 7:26] B: ru[15]="подлинно" → gr[16]="ὁ" downgraded to u
[john 7:27] B: ru[4]="откуда" → gr[3]="πόθεν" downgraded to u
[john 7:27] B: ru[14]="откуда" → gr[12]="πόθεν" downgraded to u
[john 7:28] B: ru[0]="Тогда" → gr[1]="οὖν" downgraded to u
[john 7:28] B: ru[13]="откуда" → gr[14]="πόθεν" downgraded to u
[john 7:28] B: ru[22]="но" → gr[22]="ἔστιν" downgraded to u
[john 7:33] B: ru[4]="еще" → gr[4]="Ἔτι" downgraded to u
[john 7:34] B: ru[7]="где" → gr[6]="ὅπου" downgraded to u
[john 7:35] B: ru[1]="сем" → gr[1]="οὖν" downgraded to u
[john 7:35] B: ru[6]="куда" → gr[6]="Ποῦ" downgraded to u
[john 7:36] B: ru[0]="Что" → gr[0]="τίς" downgraded to u
[john 7:36] B: ru[14]="где" → gr[13]="ὅπου" downgraded to u
[john 7:38] B: ru[0]="Кто" → gr[0]="ὁ" downgraded to u
[john 7:38] B: ru[8]="в" → gr[6]="ἡ" downgraded to u
[john 7:40] B: ru[0]="Многие" → gr[3]="οὖν" downgraded to u
[john 7:40] B: ru[4]="сии" → gr[5]="τῶν" downgraded to u
[john 7:40] B: ru[8]="точно" → gr[11]="ἀληθῶς" downgraded to u
[john 7:42] B: ru[0]="Не" → gr[1]="ἡ" downgraded to u
[john 7:42] B: ru[15]="того" → gr[12]="τῆς" downgraded to u
[john 7:42] B: ru[17]="откуда" → gr[14]="ὅπου" downgraded to u
[john 7:43] B: ru[0]="Итак" → gr[1]="οὖν" downgraded to u
[john 7:45] B: ru[0]="Итак" → gr[1]="οὖν" downgraded to u
[john 7:46] B: ru[2]="никогда" → gr[3]="Οὐδέποτε" downgraded to u
[john 7:46] B: ru[8]="Этот" → gr[1]="οἱ" downgraded to u
[john 7:47] B: ru[3]="неужели" → gr[5]="Μὴ" downgraded to u
[john 7:49] B: ru[4]="в" → gr[4]="ὁ" downgraded to u
[john 7:49] B: ru[3]="невежда" → gr[5]="μὴ" downgraded to u
[john 7:51] B: ru[13]="что" → gr[15]="τί" downgraded to u
[john 7:52] B: ru[9]="ли?" → gr[10]="εἶ" downgraded to u
[john 8:2] B: ru[2]="опять" → gr[2]="πάλιν" downgraded to u
[john 8:3] B: ru[0]="Тут" → gr[1]="δὲ" downgraded to u
[john 8:4] B: ru[6]="в" → gr[9]="αὐτοφόρῳ" downgraded to u
[john 8:5] B: ru[10]="что" → gr[12]="τί" downgraded to u
[john 8:6] B: ru[14]="низко," → gr[12]="κάτω" downgraded to u
[john 8:7] B: ru[9]="кто" → gr[9]="Ὁ" downgraded to u
[john 8:8] B: ru[1]="опять," → gr[1]="πάλιν" downgraded to u
[john 8:8] B: ru[3]="низко," → gr[2]="κάτω" downgraded to u
[john 8:9] B: ru[16]="до" → gr[19]="ὁ" downgraded to u
[john 8:10] B: ru[6]="кроме" → gr[7]="πλὴν" downgraded to u
[john 8:10] B: ru[11]="где" → gr[12]="ποῦ" downgraded to u
[john 8:11] B: ru[0]="Она" → gr[1]="δὲ" downgraded to u
[john 8:11] B: ru[14]="впредь" → gr[15]="μηκέτι" downgraded to u
[john 8:12] B: ru[0]="Опять" → gr[0]="Πάλιν" downgraded to u
[john 8:12] B: ru[11]="кто" → gr[13]="ὁ" downgraded to u
[john 8:12] B: ru[15]="тот" → gr[20]="τῇ" downgraded to u
[john 8:13] B: ru[0]="Тогда" → gr[1]="οὖν" downgraded to u
[john 8:14] B: ru[19]="откуда" → gr[17]="πόθεν" downgraded to u
[john 8:14] B: ru[22]="куда" → gr[20]="ποῦ" downgraded to u
[john 8:14] B: ru[28]="откуда" → gr[26]="πόθεν" downgraded to u
[john 8:14] B: ru[31]="куда" → gr[29]="ποῦ" downgraded to u
[john 8:18] B: ru[8]="Мне" → gr[10]="ὁ" downgraded to u
[john 8:19] B: ru[0]="Тогда" → gr[1]="οὖν" downgraded to u
[john 8:19] B: ru[3]="где" → gr[3]="Ποῦ" downgraded to u
[john 8:21] B: ru[0]="Опять" → gr[2]="πάλιν" downgraded to u
[john 8:21] B: ru[15]="Куда" → gr[15]="ὅπου" downgraded to u
[john 8:22] B: ru[0]="Тут" → gr[1]="οὖν" downgraded to u
[john 8:23] B: ru[5]="нижних," → gr[6]="κάτω" downgraded to u
[john 8:23] B: ru[8]="вышних;" → gr[11]="ἄνω" downgraded to u
[john 8:25] B: ru[0]="Тогда" → gr[1]="οὖν" downgraded to u
[john 8:25] B: ru[12]="как" → gr[12]="ὅ" downgraded to u
[john 8:26] B: ru[13]="что" → gr[14]="ἃ" downgraded to u
[john 8:26] B: ru[18]="то" → gr[18]="ταῦτα" downgraded to u
[john 8:26] B: ru[20]="говорю" → gr[20]="εἰς" downgraded to u
[john 8:28] B: ru[0]="Итак" → gr[1]="οὖν" downgraded to u
[john 8:28] B: ru[8]="тогда" → gr[10]="τότε" downgraded to u
[john 8:28] B: ru[26]="так" → gr[26]="ταῦτα" downgraded to u
[john 8:29] B: ru[15]="что" → gr[1]="ὁ" downgraded to u
[john 8:29] B: ru[12]="всегда" → gr[17]="πάντοτε" downgraded to u
[john 8:31] B: ru[0]="Тогда" → gr[1]="οὖν" downgraded to u
[john 8:31] B: ru[8]="если" → gr[10]="ὑμεῖς" downgraded to u
[john 8:31] B: ru[10]="в" → gr[13]="τῷ" downgraded to u
[john 8:31] B: ru[15]="истинно" → gr[17]="ἀληθῶς" downgraded to u
[john 8:33] B: ru[10]="никогда;" → gr[9]="πώποτε" downgraded to u
[john 8:36] B: ru[0]="Итак," → gr[1]="οὖν" downgraded to u
[john 8:36] B: ru[6]="истинно" → gr[6]="ὄντως" downgraded to u
[john 8:37] B: ru[5]="однако" → gr[5]="ἀλλὰ" downgraded to u
[john 8:38] B: ru[3]="что" → gr[0]="ἃ" downgraded to u
[john 8:38] B: ru[12]="что" → gr[10]="ἃ" downgraded to u
[john 8:40] B: ru[1]="теперь" → gr[0]="νῦν" downgraded to u
[john 8:42] B: ru[4]="бы" → gr[2]="ὁ" downgraded to u
[john 8:43] B: ru[0]="Почему" → gr[2]="τὴν" downgraded to u
[john 8:44] B: ru[21]="нет" → gr[27]="οὐ" downgraded to u
[john 8:47] B: ru[3]="тот" → gr[3]="τοῦ" downgraded to u
[john 8:47] B: ru[8]="потому" → gr[11]="τοῦτο" downgraded to u
[john 8:48] B: ru[1]="это" → gr[1]="οἱ" downgraded to u
[john 8:48] B: ru[8]="правду" → gr[7]="καλῶς" downgraded to u
[john 8:49] B: ru[5]="нет;" → gr[4]="οὐ" downgraded to u
[john 8:50] B: ru[0]="Впрочем" → gr[1]="δὲ" downgraded to u
[john 8:51] B: ru[8]="тот" → gr[6]="τὸν" downgraded to u
[john 8:52] B: ru[3]="теперь" → gr[4]="Νῦν" downgraded to u
[john 8:52] B: ru[21]="тот" → gr[19]="τὸν" downgraded to u
[john 8:53] B: ru[0]="Неужели" → gr[0]="μὴ" downgraded to u
[john 8:55] B: ru[25]="и" → gr[22]="τὸν" downgraded to u
[john 8:56] B: ru[5]="увидеть" → gr[1]="ὁ" downgraded to u
[john 8:57] B: ru[1]="это" → gr[1]="οὖν" downgraded to u
[john 8:57] B: ru[6]="нет" → gr[8]="οὔπω" downgraded to u
[john 8:58] B: ru[8]="нежели" → gr[7]="πρὶν" downgraded to u
[john 8:59] B: ru[0]="Тогда" → gr[1]="οὖν" downgraded to u
[john 9:4] B: ru[6]="доколе" → gr[8]="ἕως" downgraded to u
[john 9:5] B: ru[0]="Доколе" → gr[0]="ὅταν" downgraded to u
[john 9:6] B: ru[5]="землю," → gr[3]="χαμαὶ" downgraded to u
[john 9:7] B: ru[8]="что" → gr[10]="ὃ" downgraded to u
[john 9:8] B: ru[0]="Тут" → gr[1]="οὖν" downgraded to u
[john 9:8] B: ru[14]="который" → gr[7]="τὸ" downgraded to u
[john 9:8] B: ru[11]="тот" → gr[0]="οἱ" downgraded to u
[john 9:10] B: ru[0]="Тогда" → gr[1]="οὖν" downgraded to u
[john 9:11] B: ru[17]="купальню" → gr[12]="τοὺς" downgraded to u
[john 9:12] B: ru[3]="где" → gr[3]="Ποῦ" downgraded to u
[john 9:14] B: ru[3]="когда" → gr[6]="τὸν" downgraded to u
[john 9:15] B: ru[2]="также" → gr[0]="πάλιν" downgraded to u
[john 9:15] B: ru[8]="Он" → gr[10]="δὲ" downgraded to u
[john 9:16] B: ru[0]="Тогда" → gr[1]="οὖν" downgraded to u
[john 9:17] B: ru[0]="Опять" → gr[4]="πάλιν" downgraded to u
[john 9:17] B: ru[4]="что" → gr[5]="Τί" downgraded to u
[john 9:17] B: ru[14]="Он" → gr[16]="δὲ" downgraded to u
[john 9:18] B: ru[0]="Тогда" → gr[2]="οὖν" downgraded to u
[john 9:19] B: ru[4]="ли" → gr[5]="ἐστιν" downgraded to u
[john 9:19] B: ru[17]="теперь" → gr[18]="ἄρτι" downgraded to u
[john 9:21] B: ru[2]="теперь" → gr[2]="νῦν" downgraded to u
[john 9:22] B: ru[0]="Так" → gr[0]="ταῦτα" downgraded to u
[john 9:22] B: ru[11]="уже," → gr[9]="ἤδη" downgraded to u
[john 9:24] B: ru[0]="Итак," → gr[1]="οὖν" downgraded to u
[john 9:25] B: ru[17]="теперь" → gr[13]="ἄρτι" downgraded to u
[john 9:26] B: ru[3]="что" → gr[3]="Τί" downgraded to u
[john 9:27] B: ru[3]="уже" → gr[4]="ἤδη" downgraded to u
[john 9:27] B: ru[10]="что" → gr[8]="τί" downgraded to u
[john 9:27] B: ru[11]="еще" → gr[9]="πάλιν" downgraded to u
[john 9:29] B: ru[11]="откуда" → gr[11]="πόθεν" downgraded to u
[john 9:30] B: ru[13]="откуда" → gr[16]="πόθεν" downgraded to u
[john 9:34] B: ru[17]="вон." → gr[16]="ἔξω" downgraded to u
[john 9:35] B: ru[5]="вон," → gr[5]="ἔξω" downgraded to u
[john 9:37] B: ru[8]="Он" → gr[2]="ὁ" downgraded to u
[john 9:39] B: ru[11]="невидящие" → gr[14]="μὴ" downgraded to u
[john 9:40] B: ru[10]="неужели" → gr[12]="Μὴ" downgraded to u
[john 10:1] B: ru[4]="кто" → gr[4]="ὁ" downgraded to u
[john 10:4] B: ru[6]="перед" → gr[5]="ἔμπροσθεν" downgraded to u
[john 10:4] B: ru[8]="а" → gr[9]="τὰ" downgraded to u
[john 10:6] B: ru[9]="что" → gr[12]="ἦν" downgraded to u
[john 10:7] B: ru[0]="Итак," → gr[1]="οὖν" downgraded to u
[john 10:7] B: ru[1]="опять" → gr[2]="πάλιν" downgraded to u
[john 10:8] B: ru[5]="предо" → gr[3]="πρὸ" downgraded to u
[john 10:9] B: ru[6]="тот" → gr[2]="ἡ" downgraded to u
[john 10:13] B: ru[7]="нерадит" → gr[4]="οὐ" downgraded to u
[john 10:15] B: ru[9]="и" → gr[10]="τὴν" downgraded to u
[john 10:16] B: ru[8]="сего" → gr[8]="τῆς" downgraded to u
[john 10:16] B: ru[16]="они" → gr[16]="τῆς" downgraded to u
[john 10:17] A2: +added ru[12]="ее." ↔ gr[15]="αὐτήν"
[john 10:17] B: ru[0]="Потому" → gr[1]="τοῦτό" downgraded to u
[john 10:17] B: ru[10]="опять" → gr[13]="πάλιν" downgraded to u
[john 10:18] B: ru[18]="опять" → gr[18]="πάλιν" downgraded to u
[john 10:19] B: ru[3]="опять" → gr[1]="πάλιν" downgraded to u
[john 10:20] B: ru[9]="что" → gr[9]="τί" downgraded to u
[john 10:22] B: ru[1]="же" → gr[2]="τὰ" downgraded to u
[john 10:24] B: ru[0]="Тут" → gr[1]="οὖν" downgraded to u
[john 10:24] B: ru[7]="долго" → gr[9]="πότε" downgraded to u
[john 10:31] B: ru[0]="Тут" → gr[1]="οὖν" downgraded to u
[john 10:31] B: ru[1]="опять" → gr[2]="πάλιν" downgraded to u
[john 10:34] B: ru[5]="ли" → gr[5]="ἔστιν" downgraded to u
[john 10:39] B: ru[0]="Тогда" → gr[1]="οὖν" downgraded to u
[john 10:39] B: ru[1]="опять" → gr[2]="πάλιν" downgraded to u
[john 10:40] B: ru[2]="опять" → gr[2]="πάλιν" downgraded to u
[john 10:40] B: ru[8]="где" → gr[9]="ὅπου" downgraded to u
[john 10:40] B: ru[14]="там." → gr[17]="ἐκεῖ" downgraded to u
[john 10:41] B: ru[14]="что" → gr[15]="ὅσα" downgraded to u
[john 10:42] B: ru[2]="там" → gr[5]="ἐκεῖ" downgraded to u
[john 11:2] B: ru[9]="которая" → gr[5]="τὸν" downgraded to u
[john 11:3] B: ru[5]="вот," → gr[8]="ἴδε" downgraded to u
[john 11:7] B: ru[0]="После" → gr[1]="μετὰ" downgraded to u
[john 11:7] B: ru[5]="опять" → gr[10]="πάλιν" downgraded to u
[john 11:8] B: ru[4]="давно" → gr[5]="νῦν" downgraded to u
[john 11:8] B: ru[13]="опять" → gr[12]="πάλιν" downgraded to u
[john 11:8] B: ru[15]="туда?" → gr[14]="ἐκεῖ" downgraded to u
[john 11:9] B: ru[2]="не" → gr[2]="Οὐχὶ" downgraded to u
[john 11:9] B: ru[4]="ли" → gr[5]="εἰσιν" downgraded to u
[john 11:9] B: ru[11]="тот" → gr[17]="τὸ" downgraded to u
[john 11:10] B: ru[7]="нет" → gr[11]="οὐ" downgraded to u
[john 11:14] B: ru[0]="Тогда" → gr[0]="τότε" downgraded to u
[john 11:15] B: ru[8]="там," → gr[9]="ἐκεῖ" downgraded to u
[john 11:16] B: ru[0]="Тогда" → gr[1]="οὖν" downgraded to u
[john 11:16] B: ru[2]="иначе" → gr[3]="ὁ" downgraded to u
[john 11:17] B: ru[5]="уже" → gr[7]="ἤδη" downgraded to u
[john 11:18] B: ru[3]="близ" → gr[4]="ἐγγὺς" downgraded to u
[john 11:19] B: ru[13]="о" → gr[15]="τοῦ" downgraded to u
[john 11:21] B: ru[0]="Тогда" → gr[1]="οὖν" downgraded to u
[john 11:21] B: ru[9]="здесь," → gr[10]="ὧδε" downgraded to u
[john 11:22] B: ru[2]="теперь" → gr[1]="νῦν" downgraded to u
[john 11:27] B: ru[3]="так," → gr[2]="Ναί" downgraded to u
[john 11:28] B: ru[5]="тайно" → gr[10]="λάθρᾳ" downgraded to u
[john 11:30] B: ru[9]="том" → gr[6]="τὴν" downgraded to u
[john 11:30] B: ru[11]="где" → gr[14]="ὅπου" downgraded to u
[john 11:31] B: ru[1]="которые" → gr[0]="οἱ" downgraded to u
[john 11:31] B: ru[28]="там." → gr[31]="ἐκεῖ" downgraded to u
[john 11:32] B: ru[4]="где" → gr[5]="ὅπου" downgraded to u
[john 11:32] B: ru[11]="к" → gr[13]="τοὺς" downgraded to u
[john 11:32] B: ru[22]="здесь," → gr[20]="ὧδε" downgraded to u
[john 11:32] B: ru[25]="бы" → gr[25]="ὁ" downgraded to u
[john 11:34] B: ru[2]="где" → gr[2]="Ποῦ" downgraded to u
[john 11:36] B: ru[0]="Тогда" → gr[1]="οὖν" downgraded to u
[john 11:38] B: ru[2]="опять" → gr[2]="πάλιν" downgraded to u
[john 11:39] B: ru[10]="уже" → gr[14]="ἤδη" downgraded to u
[john 11:40] B: ru[12]="увидишь" → gr[2]="ὁ" downgraded to u
[john 11:41] B: ru[0]="Итак" → gr[1]="οὖν" downgraded to u
[john 11:41] B: ru[5]="где" → gr[4]="ὁ" downgraded to u
[john 11:41] B: ru[13]="небу" → gr[10]="ἄνω" downgraded to u
[john 11:42] B: ru[5]="всегда" → gr[4]="πάντοτέ" downgraded to u
[john 11:43] B: ru[7]="иди" → gr[7]="δεῦρο" downgraded to u
[john 11:43] B: ru[8]="вон." → gr[8]="ἔξω" downgraded to u
[john 11:44] B: ru[21]="пусть" → gr[23]="ἄφετε" downgraded to u
[john 11:45] B: ru[0]="Тогда" → gr[1]="οὖν" downgraded to u
[john 11:45] B: ru[9]="что" → gr[12]="ἃ" downgraded to u
[john 11:46] B: ru[10]="что" → gr[11]="ἃ" downgraded to u
[john 11:47] B: ru[0]="Тогда" → gr[1]="οὖν" downgraded to u
[john 11:47] B: ru[8]="что" → gr[10]="Τί" downgraded to u
[john 11:50] B: ru[12]="нежели" → gr[13]="μὴ" downgraded to u
[john 11:51] B: ru[14]="что" → gr[14]="ἔμελλεν" downgraded to u
[john 11:53] B: ru[3]="положили" → gr[6]="ἵνα" downgraded to u
[john 11:54] B: ru[0]="Посему" → gr[1]="οὖν" downgraded to u
[john 11:54] B: ru[10]="оттуда" → gr[11]="ἐκεῖθεν" downgraded to u
[john 11:54] B: ru[13]="близ" → gr[15]="ἐγγὺς" downgraded to u
[john 11:54] B: ru[20]="там" → gr[22]="κἀκεῖ" downgraded to u
[john 11:55] B: ru[0]="Приближалась" → gr[2]="ἐγγὺς" downgraded to u
[john 11:55] B: ru[6]="всей" → gr[13]="τῆς" downgraded to u
[john 11:55] B: ru[11]="перед" → gr[15]="πρὸ" downgraded to u
[john 11:56] B: ru[0]="Тогда" → gr[1]="οὖν" downgraded to u
[john 11:56] B: ru[8]="друг" → gr[6]="μετ" downgraded to u
[john 11:56] B: ru[10]="как" → gr[12]="Τί" downgraded to u
[john 11:57] B: ru[2]="и" → gr[5]="οἱ" downgraded to u
[john 11:57] B: ru[10]="где" → gr[12]="ποῦ" downgraded to u
[john 12:1] B: ru[3]="до" → gr[0]="Ὁ" downgraded to u
[john 12:1] B: ru[9]="где" → gr[11]="ὅπου" downgraded to u
[john 12:2] B: ru[0]="Там" → gr[4]="ἐκεῖ" downgraded to u
[john 12:2] B: ru[11]="из" → gr[9]="ὁ" downgraded to u
[john 12:3] B: ru[21]="от" → gr[22]="ἡ" downgraded to u
[john 12:4] B: ru[2]="из" → gr[3]="ὁ" downgraded to u
[john 12:4] B: ru[8]="который" → gr[6]="τῶν" downgraded to u
[john 12:6] B: ru[23]="что" → gr[15]="τὸ" downgraded to u
[john 12:8] B: ru[2]="всегда" → gr[3]="πάντοτε" downgraded to u
[john 12:8] B: ru[9]="всегда." → gr[10]="πάντοτε" downgraded to u
[john 12:9] B: ru[6]="там," → gr[8]="ἐκεῖ" downgraded to u
[john 12:11] B: ru[5]="из" → gr[5]="τῶν" downgraded to u
[john 12:12] B: ru[2]="день" → gr[1]="ἐπαύριον" downgraded to u
[john 12:14] B: ru[8]="как" → gr[9]="ἐστιν" downgraded to u
[john 12:16] B: ru[10]="тогда" → gr[12]="τότε" downgraded to u
[john 12:16] B: ru[13]="так" → gr[15]="ταῦτα" downgraded to u
[john 12:17] B: ru[4]="прежде," → gr[8]="ὅτε" downgraded to u
[john 12:18] B: ru[0]="Потому" → gr[1]="τοῦτο" downgraded to u
[john 12:19] B: ru[11]="весь" → gr[0]="οἱ" downgraded to u
[john 12:21] B: ru[4]="который" → gr[4]="τῷ" downgraded to u
[john 12:25] A: ru[2]="свою" → ru[13]="ее" (gr[4]="αὐτοῦ")
[john 12:26] B: ru[9]="там" → gr[10]="ἐκεῖ" downgraded to u
[john 12:27] B: ru[2]="теперь" → gr[0]="Νῦν" downgraded to u
[john 12:27] B: ru[5]="что" → gr[6]="τί" downgraded to u
[john 12:28] B: ru[4]="Тогда" → gr[6]="οὖν" downgraded to u
[john 12:28] B: ru[12]="еще" → gr[14]="πάλιν" downgraded to u
[john 12:31] B: ru[0]="Ныне" → gr[0]="νῦν" downgraded to u
[john 12:31] B: ru[4]="ныне" → gr[6]="νῦν" downgraded to u
[john 12:31] B: ru[10]="вон." → gr[13]="ἔξω" downgraded to u
[john 12:34] B: ru[18]="быть" → gr[15]="τὸν" downgraded to u
[john 12:35] B: ru[0]="Тогда" → gr[1]="οὖν" downgraded to u
[john 12:35] B: ru[4]="еще" → gr[5]="Ἔτι" downgraded to u
[john 12:35] B: ru[13]="пока" → gr[15]="τὸ" downgraded to u
[john 12:35] B: ru[27]="куда" → gr[31]="ποῦ" downgraded to u
[john 12:36] B: ru[0]="Доколе" → gr[1]="τὸ" downgraded to u
[john 12:39] B: ru[0]="Потому" → gr[1]="τοῦτο" downgraded to u
[john 12:39] B: ru[7]="еще" → gr[6]="πάλιν" downgraded to u
[john 12:40] A: ru[4]="свои" → ru[23]="их." (gr[1]="αὐτῶν")
[john 12:40] B: ru[11]="видят" → gr[12]="τοῖς" downgraded to u
[john 12:41] B: ru[4]="видел" → gr[5]="τὴν" downgraded to u
[john 12:42] B: ru[0]="Впрочем" → gr[0]="ὅμως" downgraded to u
[john 12:43] B: ru[2]="больше" → gr[6]="μᾶλλον" downgraded to u
[john 12:43] B: ru[5]="нежели" → gr[7]="ἤπερ" downgraded to u
[john 12:49] B: ru[14]="что" → gr[15]="τί" downgraded to u
[john 12:49] B: ru[17]="что" → gr[18]="τί" downgraded to u
[john 12:50] B: ru[10]="что" → gr[9]="ἃ" downgraded to u
[john 12:50] B: ru[9]="Итак," → gr[10]="οὖν" downgraded to u
[john 13:1] A2: +added ru[26]="их." ↔ gr[33]="αὐτούς"
[john 13:1] B: ru[0]="Перед" → gr[0]="Πρὸ" downgraded to u
[john 13:1] B: ru[20]="сущих" → gr[26]="τοὺς" downgraded to u
[john 13:2] B: ru[6]="уже" → gr[5]="ἤδη" downgraded to u
[john 13:5] B: ru[0]="Потом" → gr[0]="εἶτα" downgraded to u
[john 13:6] B: ru[5]="тот" → gr[11]="τοὺς" downgraded to u
[john 13:7] B: ru[5]="что" → gr[5]="Ὃ" downgraded to u
[john 13:7] B: ru[8]="теперь" → gr[11]="ἄρτι" downgraded to u
[john 13:10] B: ru[5]="только" → gr[2]="ὁ" downgraded to u
[john 13:10] B: ru[9]="что" → gr[15]="ἔστιν" downgraded to u
[john 13:11] B: ru[5]="потому" → gr[6]="τοῦτο" downgraded to u
[john 13:12] B: ru[11]="опять," → gr[13]="πάλιν" downgraded to u
[john 13:12] B: ru[16]="что" → gr[17]="τί" downgraded to u
[john 13:13] B: ru[7]="правильно" → gr[9]="καλῶς" downgraded to u
[john 13:14] B: ru[0]="Итак," → gr[1]="οὖν" downgraded to u
[john 13:18] B: ru[15]="Мною" → gr[14]="Ὁ" downgraded to u
[john 13:19] B: ru[0]="Теперь" → gr[1]="ἄρτι" downgraded to u
[john 13:19] B: ru[3]="прежде" → gr[4]="πρὸ" downgraded to u
[john 13:22] B: ru[0]="Тогда" → gr[3]="οἱ" downgraded to u
[john 13:23] B: ru[2]="из" → gr[4]="τῶν" downgraded to u
[john 13:26] B: ru[10]="обмакнув" → gr[8]="τὸ" downgraded to u
[john 13:27] B: ru[1]="после" → gr[1]="μετὰ" downgraded to u
[john 13:27] B: ru[2]="сего" → gr[2]="τὸ" downgraded to u
[john 13:27] B: ru[8]="Тогда" → gr[11]="οὖν" downgraded to u
[john 13:27] B: ru[12]="что" → gr[15]="Ὃ" downgraded to u
[john 13:28] B: ru[2]="из" → gr[4]="τῶν" downgraded to u
[john 13:29] B: ru[14]="что" → gr[14]="ὧν" downgraded to u
[john 13:31] B: ru[5]="ныне" → gr[5]="Νῦν" downgraded to u
[john 13:33] B: ru[2]="уже" → gr[1]="ἔτι" downgraded to u
[john 13:33] B: ru[16]="куда" → gr[14]="Ὅπου" downgraded to u
[john 13:33] B: ru[27]="теперь." → gr[24]="ἄρτι" downgraded to u
[john 13:36] B: ru[5]="куда" → gr[5]="ποῦ" downgraded to u
[john 13:36] B: ru[11]="куда" → gr[9]="Ὅπου" downgraded to u
[john 13:36] B: ru[17]="теперь" → gr[14]="νῦν" downgraded to u
[john 13:37] B: ru[11]="теперь?" → gr[11]="ἄρτι" downgraded to u
[john 13:38] B: ru[19]="трижды." → gr[20]="τρίς" downgraded to u
[john 14:3] B: ru[8]="опять" → gr[7]="πάλιν" downgraded to u
[john 14:4] B: ru[1]="куда" → gr[1]="ὅπου" downgraded to u
[john 14:4] B: ru[6]="и" → gr[5]="τὴν" downgraded to u
[john 14:5] B: ru[6]="куда" → gr[6]="ποῦ" downgraded to u
[john 14:7] B: ru[12]="отныне" → gr[10]="ἄρτι" downgraded to u
[john 14:12] B: ru[11]="и" → gr[13]="κἀκεῖνος" downgraded to u
[john 14:13] B: ru[9]="то" → gr[9]="τοῦτο" downgraded to u
[john 14:19] B: ru[0]="Еще" → gr[0]="ἔτι" downgraded to u
[john 14:20] B: ru[14]="и" → gr[16]="κἀγὼ" downgraded to u
[john 14:21] B: ru[0]="Кто" → gr[0]="ὁ" downgraded to u
[john 14:21] B: ru[11]="кто" → gr[13]="ὁ" downgraded to u
[john 14:21] B: ru[16]="будет" → gr[18]="ὑπὸ" downgraded to u
[john 14:21] B: ru[14]="тот" → gr[19]="τοῦ" downgraded to u
[john 14:22] B: ru[8]="что" → gr[7]="τί" downgraded to u
[john 14:23] B: ru[8]="тот" → gr[9]="τὸν" downgraded to u
[john 14:24] B: ru[2]="не" → gr[2]="ἀγαπῶν" downgraded to u
[john 14:26] B: ru[17]="что" → gr[23]="ἃ" downgraded to u
[john 14:29] B: ru[8]="нежели" → gr[4]="πρὶν" downgraded to u
[john 14:30] B: ru[1]="немного" → gr[0]="οὐκέτι" downgraded to u
[john 14:31] B: ru[18]="отсюда." → gr[19]="ἐντεῦθεν" downgraded to u
[john 15:3] B: ru[1]="уже" → gr[0]="ἤδη" downgraded to u
[john 15:5] B: ru[6]="кто" → gr[5]="τὰ" downgraded to u
[john 15:6] B: ru[6]="вон," → gr[7]="ἔξω" downgraded to u
[john 15:7] B: ru[10]="то," → gr[11]="ὃ" downgraded to u
[john 15:7] B: ru[11]="чего" → gr[12]="ἐὰν" downgraded to u
[john 15:15] B: ru[10]="что" → gr[9]="τί" downgraded to u
[john 15:15] B: ru[24]="что" → gr[20]="ἃ" downgraded to u
[john 15:16] B: ru[26]="от" → gr[27]="τὸν" downgraded to u
[john 15:19] B: ru[9]="бы" → gr[5]="ὁ" downgraded to u
[john 15:19] B: ru[23]="потому" → gr[26]="τοῦτο" downgraded to u
[john 15:21] B: ru[2]="то" → gr[1]="ταῦτα" downgraded to u
[john 15:22] B: ru[15]="теперь" → gr[9]="νῦν" downgraded to u
[john 15:24] B: ru[19]="теперь" → gr[14]="νῦν" downgraded to u
[john 15:25] B: ru[7]="их:" → gr[11]="ὅτι" downgraded to u
[john 15:25] B: ru[10]="напрасно." → gr[14]="δωρεάν" downgraded to u
[john 15:27] B: ru[1]="также" → gr[0]="καὶ" downgraded to u
[john 16:3] B: ru[0]="Так" → gr[1]="ταῦτα" downgraded to u
[john 16:5] B: ru[1]="теперь" → gr[0]="νῦν" downgraded to u
[john 16:5] B: ru[13]="куда" → gr[13]="Ποῦ" downgraded to u
[john 16:12] B: ru[0]="Еще" → gr[0]="Ἔτι" downgraded to u
[john 16:12] B: ru[7]="теперь" → gr[9]="ἄρτι" downgraded to u
[john 16:13] B: ru[21]="что" → gr[20]="ὅσα" downgraded to u
[john 16:15] B: ru[1]="что" → gr[1]="ὅσα" downgraded to u
[john 16:15] B: ru[6]="потому" → gr[8]="τοῦτο" downgraded to u
[john 16:16] B: ru[6]="опять" → gr[6]="πάλιν" downgraded to u
[john 16:17] B: ru[0]="Тут" → gr[1]="οὖν" downgraded to u
[john 16:17] B: ru[6]="один" → gr[6]="πρὸς" downgraded to u
[john 16:17] B: ru[8]="что" → gr[9]="ἐστιν" downgraded to u
[john 16:17] B: ru[18]="опять" → gr[20]="πάλιν" downgraded to u
[john 16:18] B: ru[0]="Итак" → gr[1]="οὖν" downgraded to u
[john 16:18] B: ru[3]="что" → gr[2]="Τί" downgraded to u
[john 16:18] B: ru[10]="что" → gr[10]="τί" downgraded to u
[john 16:19] A2: +added ru[7]="им:" ↔ gr[8]="αὐτοῖς"
[john 16:19] B: ru[23]="опять" → gr[22]="πάλιν" downgraded to u
[john 16:22] B: ru[3]="теперь" → gr[2]="οὖν" downgraded to u
[john 16:22] B: ru[10]="опять," → gr[7]="πάλιν" downgraded to u
[john 16:24] B: ru[0]="Доныне" → gr[1]="ἄρτι" downgraded to u
[john 16:28] B: ru[2]="от" → gr[2]="τοῦ" downgraded to u
[john 16:28] B: ru[9]="опять" → gr[9]="πάλιν" downgraded to u
[john 16:29] B: ru[4]="вот," → gr[4]="Ἴδε" downgraded to u
[john 16:29] B: ru[5]="теперь" → gr[5]="νῦν" downgraded to u
[john 16:30] B: ru[0]="Теперь" → gr[0]="νῦν" downgraded to u
[john 16:31] B: ru[3]="теперь" → gr[3]="Ἄρτι" downgraded to u
[john 17:2] B: ru[11]="что" → gr[8]="ὃ" downgraded to u
[john 17:3] B: ru[11]="и" → gr[14]="ὃν" downgraded to u
[john 17:4] B: ru[10]="Мне" → gr[12]="ἵνα" downgraded to u
[john 17:5] B: ru[1]="ныне" → gr[1]="νῦν" downgraded to u
[john 17:5] B: ru[15]="прежде" → gr[12]="πρὸ" downgraded to u
[john 17:6] A2: +added ru[17]="их" ↔ gr[15]="αὐτοὺς"
[john 17:6] B: ru[19]="и" → gr[18]="τὸν" downgraded to u
[john 17:7] B: ru[0]="Ныне" → gr[0]="νῦν" downgraded to u
[john 17:7] B: ru[5]="что" → gr[4]="ὅσα" downgraded to u
[john 17:8] B: ru[14]="истинно," → gr[13]="ἀληθῶς" downgraded to u
[john 17:9] B: ru[6]="всем" → gr[6]="τοῦ" downgraded to u
[john 17:12] A2: +added ru[23]="них" ↔ gr[6]="αὐτοὺς"
[john 17:12] B: ru[10]="во" → gr[23]="ὁ" downgraded to u
[john 17:12] B: ru[26]="кроме" → gr[25]="τῆς" downgraded to u
[john 17:13] B: ru[0]="Ныне" → gr[0]="νῦν" downgraded to u
[john 17:14] A2: +added ru[8]="их," ↔ gr[10]="αὐτούς"
[john 17:17] B: ru[1]="их" → gr[2]="ἐν" downgraded to u
[john 17:18] A2: +added ru[10]="их" ↔ gr[8]="αὐτοὺς"
[john 17:22] B: ru[0]="И" → gr[1]="τὴν" downgraded to u
[john 17:23] A2: +added ru[21]="их," ↔ gr[22]="αὐτοὺς"
[john 17:24] B: ru[27]="прежде" → gr[25]="πρὸ" downgraded to u
[john 18:1] B: ru[10]="где" → gr[13]="ὅπου" downgraded to u
[john 18:2] B: ru[2]="это" → gr[4]="ὁ" downgraded to u
[john 18:2] B: ru[11]="часто" → gr[10]="πολλάκις" downgraded to u
[john 18:2] B: ru[13]="там" → gr[13]="ἐκεῖ" downgraded to u
[john 18:3] B: ru[0]="Итак" → gr[1]="οὖν" downgraded to u
[john 18:3] B: ru[12]="туда" → gr[16]="ἐκεῖ" downgraded to u
[john 18:6] B: ru[8]="назад" → gr[9]="ὀπίσω" downgraded to u
[john 18:6] B: ru[12]="землю." → gr[12]="χαμαί" downgraded to u
[john 18:7] A2: +added ru[2]="их:" ↔ gr[3]="αὐτούς"
[john 18:7] B: ru[0]="Опять" → gr[0]="πάλιν" downgraded to u
[john 18:7] B: ru[5]="Они" → gr[7]="δὲ" downgraded to u
[john 18:8] B: ru[8]="итак," → gr[8]="οὖν" downgraded to u
[john 18:9] B: ru[4]="Им:" → gr[6]="ὅτι" downgraded to u
[john 18:10] B: ru[13]="ему" → gr[16]="τὸ" downgraded to u
[john 18:11] B: ru[15]="Мне" → gr[12]="τὸ" downgraded to u
[john 18:12] B: ru[0]="Тогда" → gr[1]="οὖν" downgraded to u
[john 18:13] B: ru[13]="на" → gr[13]="τοῦ" downgraded to u
[john 18:14] B: ru[3]="который" → gr[3]="ὁ" downgraded to u
[john 18:16] B: ru[3]="вне" → gr[7]="ἔξω" downgraded to u
[john 18:16] B: ru[6]="Потом" → gr[9]="οὖν" downgraded to u
[john 18:17] B: ru[0]="Тут" → gr[1]="οὖν" downgraded to u
[john 18:17] B: ru[10]="ли" → gr[14]="εἶ" downgraded to u
[john 18:17] B: ru[15]="нет." → gr[20]="Οὐκ" downgraded to u
[john 18:18] B: ru[1]="тем" → gr[1]="δὲ" downgraded to u
[john 18:18] B: ru[15]="также" → gr[15]="δὲ" downgraded to u
[john 18:20] B: ru[8]="всегда" → gr[9]="πάντοτε" downgraded to u
[john 18:20] B: ru[15]="где" → gr[17]="ὅπου" downgraded to u
[john 18:21] B: ru[0]="Что" → gr[0]="τί" downgraded to u
[john 18:21] B: ru[3]="спроси" → gr[4]="τοὺς" downgraded to u
[john 18:21] B: ru[5]="что" → gr[6]="τί" downgraded to u
[john 18:21] B: ru[9]="вот," → gr[9]="ἴδε" downgraded to u
[john 18:21] B: ru[12]="что" → gr[12]="ἃ" downgraded to u
[john 18:23] B: ru[6]="худо," → gr[4]="κακῶς" downgraded to u
[john 18:23] B: ru[12]="хорошо," → gr[12]="καλῶς" downgraded to u
[john 18:23] B: ru[13]="что" → gr[13]="τί" downgraded to u
[john 18:25] B: ru[6]="Тут" → gr[8]="οὖν" downgraded to u
[john 18:25] B: ru[20]="нет." → gr[22]="Οὐκ" downgraded to u
[john 18:27] B: ru[1]="опять" → gr[0]="πάλιν" downgraded to u
[john 18:27] B: ru[4]="тотчас" → gr[5]="εὐθέως" downgraded to u
[john 18:33] B: ru[0]="Тогда" → gr[1]="οὖν" downgraded to u
[john 18:33] B: ru[2]="опять" → gr[2]="πάλιν" downgraded to u
[john 18:35] B: ru[12]="что" → gr[17]="τί" downgraded to u
[john 18:36] B: ru[30]="ныне" → gr[33]="νῦν" downgraded to u
[john 18:36] B: ru[34]="отсюда." → gr[41]="ἐντεῦθεν" downgraded to u
[john 18:37] B: ru[3]="итак" → gr[5]="Οὐκοῦν" downgraded to u
[john 18:37] B: ru[15]="то" → gr[19]="τοῦτο" downgraded to u
[john 18:37] B: ru[19]="то" → gr[23]="τοῦτο" downgraded to u
[john 18:38] B: ru[3]="что" → gr[4]="Τί" downgraded to u
[john 18:38] B: ru[9]="опять" → gr[10]="πάλιν" downgraded to u
[john 18:40] B: ru[0]="Тогда" → gr[1]="οὖν" downgraded to u
[john 18:40] B: ru[1]="опять" → gr[2]="πάλιν" downgraded to u
[john 19:1] B: ru[0]="Тогда" → gr[0]="Τότε" downgraded to u
[john 19:4] B: ru[1]="опять" → gr[2]="πάλιν" downgraded to u
[john 19:4] B: ru[11]="вам," → gr[3]="ἔξω" downgraded to u
[john 19:4] B: ru[6]="вот," → gr[9]="Ἴδε" downgraded to u
[john 19:5] B: ru[0]="Тогда" → gr[1]="οὖν" downgraded to u
[john 19:5] B: ru[3]="в" → gr[5]="φορῶν" downgraded to u
[john 19:6] B: ru[11]="Его!" → gr[15]="ὁ" downgraded to u
[john 19:8] B: ru[4]="больше" → gr[8]="μᾶλλον" downgraded to u
[john 19:9] B: ru[1]="опять" → gr[5]="πάλιν" downgraded to u
[john 19:9] B: ru[8]="откуда" → gr[10]="Πόθεν" downgraded to u
[john 19:11] B: ru[6]="надо" → gr[6]="κατ" downgraded to u
[john 19:11] B: ru[16]="свыше;" → gr[14]="ἄνωθεν" downgraded to u
[john 19:11] B: ru[22]="кто" → gr[17]="ὁ" downgraded to u
[john 19:12] B: ru[2]="времени" → gr[2]="ὁ" downgraded to u
[john 19:13] B: ru[2]="это" → gr[0]="Ὁ" downgraded to u
[john 19:13] B: ru[5]="вон" → gr[8]="ἔξω" downgraded to u
[john 19:13] B: ru[16]="по-еврейски" → gr[19]="Ἑβραϊστὶ" downgraded to u
[john 19:14] B: ru[0]="Тогда" → gr[1]="δὲ" downgraded to u
[john 19:15] B: ru[1]="они" → gr[9]="ὁ" downgraded to u
[john 19:15] B: ru[20]="кроме" → gr[22]="μὴ" downgraded to u
[john 19:16] B: ru[0]="Тогда" → gr[0]="τότε" downgraded to u
[john 19:16] B: ru[1]="наконец" → gr[1]="οὖν" downgraded to u
[john 19:17] B: ru[10]="по-еврейски" → gr[13]="Ἑβραϊστὶ" downgraded to u
[john 19:18] B: ru[0]="там" → gr[0]="ὅπου" downgraded to u
[john 19:18] B: ru[9]="ту" → gr[8]="ἐντεῦθεν" downgraded to u
[john 19:18] B: ru[13]="сторону," → gr[10]="ἐντεῦθεν" downgraded to u
[john 19:20] B: ru[14]="недалеко" → gr[9]="ἐγγὺς" downgraded to u
[john 19:20] B: ru[9]="где" → gr[15]="ὅπου" downgraded to u
[john 19:20] B: ru[15]="от" → gr[17]="ὁ" downgraded to u
[john 19:20] B: ru[20]="по-еврейски," → gr[22]="Ἑβραϊστί" downgraded to u
[john 19:20] B: ru[22]="по-римски." → gr[23]="Ῥωμαϊστί" downgraded to u
[john 19:20] B: ru[21]="по-гречески," → gr[24]="Ἑλληνιστί" downgraded to u
[john 19:22] B: ru[2]="что" → gr[3]="Ὃ" downgraded to u
[john 19:23] B: ru[27]="сверху." → gr[28]="ἄνωθεν" downgraded to u
[john 19:24] B: ru[0]="Итак" → gr[1]="οὖν" downgraded to u
[john 19:24] B: ru[2]="друг" → gr[2]="πρὸς" downgraded to u
[john 19:26] B: ru[1]="увидев" → gr[3]="τὴν" downgraded to u
[john 19:27] A2: +added ru[13]="Ее" ↔ gr[16]="αὐτὴν"
[john 19:27] B: ru[0]="Потом" → gr[0]="εἶτα" downgraded to u
[john 19:27] B: ru[11]="сей" → gr[11]="τῆς" downgraded to u
[john 19:28] B: ru[0]="После" → gr[0]="Μετὰ" downgraded to u
[john 19:28] B: ru[5]="уже" → gr[6]="ἤδη" downgraded to u
[john 19:29] B: ru[0]="Тут" → gr[5]="οὖν" downgraded to u
[john 19:31] B: ru[3]="тогда" → gr[1]="οὖν" downgraded to u
[john 19:32] B: ru[0]="Итак" → gr[1]="οὖν" downgraded to u
[john 19:32] B: ru[4]="у" → gr[6]="μὲν" downgraded to u
[john 19:32] B: ru[9]="у" → gr[12]="τοῦ" downgraded to u
[john 19:33] B: ru[7]="уже" → gr[7]="ἤδη" downgraded to u
[john 19:34] B: ru[2]="из" → gr[2]="τῶν" downgraded to u
[john 19:37] B: ru[0]="Также" → gr[1]="πάλιν" downgraded to u
[john 19:38] B: ru[0]="После" → gr[0]="Μετὰ" downgraded to u
[john 19:38] B: ru[12]="от" → gr[22]="τὸ" downgraded to u
[john 19:39] B: ru[1]="также" → gr[1]="δὲ" downgraded to u
[john 19:40] B: ru[0]="Итак" → gr[1]="οὖν" downgraded to u
[john 19:41] B: ru[1]="том" → gr[3]="τῷ" downgraded to u
[john 19:41] B: ru[3]="где" → gr[5]="ὅπου" downgraded to u
[john 19:42] B: ru[0]="Там" → gr[0]="ἐκεῖ" downgraded to u
[john 19:42] B: ru[10]="близко." → gr[8]="ἐγγὺς" downgraded to u
[john 20:1] B: ru[3]="день" → gr[0]="Τῇ" downgraded to u
[john 20:1] B: ru[10]="рано," → gr[9]="πρωῒ" downgraded to u
[john 20:1] B: ru[13]="еще" → gr[11]="ἔτι" downgraded to u
[john 20:1] B: ru[17]="что" → gr[14]="τὸ" downgraded to u
[john 20:2] B: ru[0]="Итак," → gr[1]="οὖν" downgraded to u
[john 20:2] B: ru[24]="где" → gr[28]="ποῦ" downgraded to u
[john 20:3] B: ru[0]="Тотчас" → gr[1]="οὖν" downgraded to u
[john 20:4] B: ru[3]="вместе;" → gr[4]="ὁμοῦ" downgraded to u
[john 20:6] B: ru[12]="одни" → gr[14]="τὰ" downgraded to u
[john 20:7] B: ru[12]="особо" → gr[15]="χωρὶς" downgraded to u
[john 20:8] B: ru[0]="Тогда" → gr[0]="τότε" downgraded to u
[john 20:9] B: ru[5]="из" → gr[3]="τὴν" downgraded to u
[john 20:10] B: ru[0]="Итак" → gr[1]="οὖν" downgraded to u
[john 20:10] B: ru[2]="опять" → gr[2]="πάλιν" downgraded to u
[john 20:12] B: ru[15]="где" → gr[16]="ὅπου" downgraded to u
[john 20:13] B: ru[5]="что" → gr[5]="τί" downgraded to u
[john 20:13] B: ru[16]="где" → gr[17]="ποῦ" downgraded to u
[john 20:14] B: ru[3]="назад" → gr[5]="ὀπίσω" downgraded to u
[john 20:15] B: ru[4]="что" → gr[4]="τί" downgraded to u
[john 20:15] B: ru[12]="это" → gr[11]="ὁ" downgraded to u
[john 20:15] B: ru[23]="где" → gr[23]="ποῦ" downgraded to u
[john 20:16] B: ru[10]="что" → gr[10]="ὃ" downgraded to u
[john 20:17] B: ru[24]="к" → gr[23]="τὸν" downgraded to u
[john 20:19] B: ru[18]="от" → gr[23]="ὁ" downgraded to u
[john 20:20] B: ru[13]="увидев" → gr[12]="οἱ" downgraded to u
[john 20:21] B: ru[4]="вторично:" → gr[5]="πάλιν" downgraded to u
[john 20:25] B: ru[8]="он" → gr[7]="τὸν" downgraded to u
[john 20:25] B: ru[18]="от" → gr[20]="τὸν" downgraded to u
[john 20:26] B: ru[0]="После" → gr[1]="μεθ" downgraded to u
[john 20:26] B: ru[3]="опять" → gr[4]="πάλιν" downgraded to u
[john 20:26] B: ru[6]="доме" → gr[6]="ἔσω" downgraded to u
[john 20:27] B: ru[0]="Потом" → gr[0]="εἶτα" downgraded to u
[john 20:27] B: ru[6]="сюда" → gr[8]="ὧδε" downgraded to u
[john 20:27] B: ru[8]="посмотри" → gr[11]="τὰς" downgraded to u
[john 20:29] B: ru[10]="невидевшие" → gr[10]="μὴ" downgraded to u
[john 21:1] B: ru[0]="После" → gr[0]="Μετὰ" downgraded to u
[john 21:1] B: ru[2]="опять" → gr[4]="πάλιν" downgraded to u
[john 21:2] B: ru[1]="вместе" → gr[1]="ὁμοῦ" downgraded to u
[john 21:2] B: ru[14]="сыновья" → gr[14]="τῆς" downgraded to u
[john 21:4] B: ru[2]="уже" → gr[2]="ἤδη" downgraded to u
[john 21:5] B: ru[13]="нет." → gr[12]="Οὔ" downgraded to u
[john 21:7] B: ru[0]="Тогда" → gr[1]="οὖν" downgraded to u
[john 21:7] B: ru[7]="это" → gr[11]="Ὁ" downgraded to u
[john 21:7] B: ru[14]="это" → gr[19]="ὁ" downgraded to u
[john 21:8] B: ru[13]="около" → gr[15]="ὡς" downgraded to u
[john 21:8] B: ru[18]="с" → gr[20]="τὸ" downgraded to u
[john 21:10] B: ru[7]="теперь" → gr[10]="νῦν" downgraded to u
[john 21:11] B: ru[5]="на" → gr[9]="τὴν" downgraded to u
[john 21:12] B: ru[5]="Из" → gr[2]="ὁ" downgraded to u
[john 21:12] B: ru[3]="придите," → gr[4]="Δεῦτε" downgraded to u
[john 21:12] B: ru[17]="это" → gr[9]="τῶν" downgraded to u
[john 21:13] B: ru[7]="также" → gr[13]="ὁμοίως" downgraded to u
[john 21:14] B: ru[1]="уже" → gr[1]="ἤδη" downgraded to u
[john 21:15] B: ru[20]="так," → gr[17]="Ναί" downgraded to u
[john 21:16] B: ru[0]="Еще" → gr[2]="πάλιν" downgraded to u
[john 21:16] B: ru[15]="так," → gr[10]="Ναί" downgraded to u
[john 21:18] B: ru[13]="куда" → gr[11]="ὅπου" downgraded to u
[john 21:18] B: ru[28]="куда" → gr[26]="ὅπου" downgraded to u
[john 21:21] B: ru[8]="что?" → gr[11]="τί" downgraded to u
[john 21:22] B: ru[9]="пока" → gr[8]="ἕως" downgraded to u
[john 21:22] B: ru[11]="что" → gr[10]="τί" downgraded to u
[john 21:23] B: ru[11]="Но" → gr[18]="ὁ" downgraded to u
[john 21:23] B: ru[26]="пока" → gr[28]="ἕως" downgraded to u
[john 21:23] B: ru[28]="что" → gr[30]="τί" downgraded to u
[jude 1:1] B: ru[7]="которые" → gr[8]="ἐν" downgraded to u
[jude 1:3] B: ru[18]="за" → gr[17]="τῇ" downgraded to u
[jude 1:3] B: ru[20]="однажды" → gr[18]="ἅπαξ" downgraded to u
[jude 1:4] B: ru[4]="издревле" → gr[5]="πάλαι" downgraded to u
[jude 1:5] B: ru[4]="уже" → gr[6]="ἅπαξ" downgraded to u
[jude 1:5] B: ru[15]="неверовавших" → gr[18]="μὴ" downgraded to u
[jude 1:7] B: ru[5]="окрестные" → gr[6]="περὶ" downgraded to u
[jude 1:8] B: ru[1]="точно" → gr[1]="μέντοι" downgraded to u
[jude 1:10] B: ru[7]="что" → gr[7]="ὅσα" downgraded to u
[jude 1:10] B: ru[10]="природе," → gr[9]="φυσικῶς" downgraded to u
[jude 1:11] B: ru[13]="в" → gr[11]="τοῦ" downgraded to u
[jude 1:12] B: ru[11]="страха" → gr[9]="ἀφόβως" downgraded to u
[jude 1:12] B: ru[22]="дважды" → gr[20]="δὶς" downgraded to u
[jude 1:16] B: ru[11]="беззаконно);" → gr[10]="τὸ" downgraded to u
[jude 1:17] B: ru[4]="предсказанное" → gr[8]="ὑπὸ" downgraded to u
[jude 1:20] B: ru[5]="на" → gr[5]="τῇ" downgraded to u
[jude 1:21] B: ru[7]="от" → gr[8]="τοῦ" downgraded to u
[jude 1:25] B: ru[19]="ныне" → gr[20]="νῦν" downgraded to u
[jude 1:25] B: ru[18]="веков," → gr[21]="καὶ" downgraded to u
[luke 1:3] B: ru[8]="сначала," → gr[3]="ἄνωθεν" downgraded to u
[luke 1:3] B: ru[5]="тщательном" → gr[5]="ἀκριβῶς" downgraded to u
[luke 1:3] B: ru[10]="порядку" → gr[6]="καθεξῆς" downgraded to u
[luke 1:6] B: ru[4]="пред" → gr[5]="τοῦ" downgraded to u
[luke 1:9] B: ru[2]="как" → gr[1]="τὸ" downgraded to u
[luke 1:9] B: ru[5]="у" → gr[3]="τῆς" downgraded to u
[luke 1:10] B: ru[5]="вне" → gr[8]="ἔξω" downgraded to u
[luke 1:11] B: ru[0]="тогда" → gr[1]="δὲ" downgraded to u
[luke 1:15] B: ru[16]="еще" → gr[17]="ἔτι" downgraded to u
[luke 1:16] B: ru[2]="из" → gr[2]="τῶν" downgraded to u
[luke 1:17] B: ru[0]="и" → gr[1]="αὐτὸς" downgraded to u
[luke 1:20] B: ru[19]="что" → gr[14]="ὧν" downgraded to u
[luke 1:23] B: ru[0]="А" → gr[1]="ἐγένετο" downgraded to u
[luke 1:24] B: ru[0]="После" → gr[0]="Μετὰ" downgraded to u
[luke 1:24] B: ru[1]="сих" → gr[3]="τὰς" downgraded to u
[luke 1:26] B: ru[8]="от" → gr[11]="τοῦ" downgraded to u
[luke 1:29] B: ru[10]="что" → gr[8]="ποταπὸς" downgraded to u
[luke 1:35] B: ru[15]="посему" → gr[16]="διὸ" downgraded to u
[luke 1:38] B: ru[0]="Тогда" → gr[1]="δὲ" downgraded to u
[luke 1:43] B: ru[1]="откуда" → gr[1]="πόθεν" downgraded to u
[luke 1:48] B: ru[8]="отныне" → gr[12]="νῦν" downgraded to u
[luke 1:49] B: ru[3]="величие" → gr[4]="ὁ" downgraded to u
[luke 1:50] B: ru[6]="к" → gr[8]="τοῖς" downgraded to u
[luke 1:60] B: ru[5]="нет," → gr[6]="Οὐχί" downgraded to u
[luke 1:61] B: ru[2]="ей:" → gr[4]="ὅτι" downgraded to u
[luke 1:61] B: ru[5]="в" → gr[8]="τῆς" downgraded to u
[luke 1:61] B: ru[10]="бы" → gr[13]="τῷ" downgraded to u
[luke 1:62] B: ru[6]="как" → gr[6]="τί" downgraded to u
[luke 1:64] B: ru[1]="тотчас" → gr[5]="παραχρῆμα" downgraded to u
[luke 1:65] A2: +added ru[7]="них;" ↔ gr[7]="αὐτούς"
[luke 1:66] B: ru[9]="что" → gr[10]="Τί" downgraded to u
[luke 1:73] B: ru[3]="Он" → gr[3]="πρὸς" downgraded to u
[luke 1:74] B: ru[0]="небоязненно," → gr[0]="ἀφόβως" downgraded to u
[luke 2:4] B: ru[1]="также" → gr[2]="καὶ" downgraded to u
[luke 2:6] B: ru[4]="там," → gr[6]="ἐκεῖ" downgraded to u
[luke 2:8] B: ru[11]="у" → gr[15]="τὴν" downgraded to u
[luke 2:9] A2: +added ru[9]="их;" ↔ gr[9]="αὐτούς"
[luke 2:10] B: ru[6]="я" → gr[8]="γὰρ" downgraded to u
[luke 2:11] B: ru[1]="ныне" → gr[3]="σήμερον" downgraded to u
[luke 2:12] B: ru[1]="вот" → gr[1]="τοῦτο" downgraded to u
[luke 2:13] B: ru[1]="внезапно" → gr[1]="ἐξαίφνης" downgraded to u
[luke 2:15] B: ru[9]="друг" → gr[14]="πρὸς" downgraded to u
[luke 2:15] B: ru[17]="там" → gr[22]="τὸ" downgraded to u
[luke 2:15] B: ru[16]="что" → gr[24]="τοῦτο" downgraded to u
[luke 2:20] B: ru[1]="возвратились" → gr[2]="οἱ" downgraded to u
[luke 2:20] B: ru[10]="что" → gr[11]="οἷς" downgraded to u
[luke 2:21] B: ru[14]="прежде" → gr[19]="πρὸ" downgraded to u
[luke 2:22] B: ru[15]="пред" → gr[16]="παραστῆσαι" downgraded to u
[luke 2:26] B: ru[10]="доколе" → gr[12]="πρὶν" downgraded to u
[luke 2:26] B: ru[12]="увидит" → gr[16]="τὸν" downgraded to u
[luke 2:27] B: ru[17]="законный" → gr[20]="κατὰ" downgraded to u
[luke 2:29] B: ru[0]="Ныне" → gr[0]="Νῦν" downgraded to u
[luke 2:30] B: ru[1]="видели" → gr[2]="οἱ" downgraded to u
[luke 2:36] B: ru[2]="также" → gr[0]="Καὶ" downgraded to u
[luke 2:37] B: ru[7]="от" → gr[10]="τοῦ" downgraded to u
[luke 2:38] B: ru[3]="то" → gr[11]="αὐτοῦ" downgraded to u
[luke 2:39] B: ru[4]="все" → gr[4]="τὰ" downgraded to u
[luke 2:41] B: ru[0]="Каждый" → gr[5]="κατ" downgraded to u
[luke 2:42] B: ru[12]="Иерусалим" → gr[10]="τῆς" downgraded to u
[luke 2:43] B: ru[17]="и" → gr[10]="ὁ" downgraded to u
[luke 2:46] A2: +added ru[14]="их;" ↔ gr[20]="αὐτούς"
[luke 2:48] B: ru[10]="что" → gr[12]="τί" downgraded to u
[luke 2:48] B: ru[14]="нами?" → gr[15]="οὕτως" downgraded to u
[luke 2:49] B: ru[18]="что" → gr[12]="τοῖς" downgraded to u
[luke 2:49] B: ru[19]="принадлежит" → gr[13]="τοῦ" downgraded to u
[luke 2:51] B: ru[22]="в" → gr[22]="τῇ" downgraded to u
[luke 3:5] B: ru[16]="сделаются" → gr[18]="εἰς" downgraded to u
[luke 3:9] B: ru[0]="Уже" → gr[0]="ἤδη" downgraded to u
[luke 3:10] B: ru[4]="что" → gr[6]="Τί" downgraded to u
[luke 3:11] B: ru[9]="тот" → gr[4]="Ὁ" downgraded to u
[luke 3:12] B: ru[8]="что" → gr[10]="τί" downgraded to u
[luke 3:13] B: ru[0]="Он" → gr[1]="δὲ" downgraded to u
[luke 3:14] B: ru[2]="также" → gr[3]="καὶ" downgraded to u
[luke 3:14] B: ru[7]="что" → gr[6]="Τί" downgraded to u
[luke 3:14] B: ru[19]="своим" → gr[21]="ὑμῶν" downgraded to u
[luke 3:15] B: ru[9]="в" → gr[8]="ταῖς" downgraded to u
[luke 3:15] B: ru[14]="не" → gr[14]="μήποτε" downgraded to u
[luke 3:16] B: ru[14]="недостоин" → gr[16]="οὐ" downgraded to u
[luke 3:19] B: ru[14]="что" → gr[18]="ὧν" downgraded to u
[luke 4:1] B: ru[11]="в" → gr[15]="τῇ" downgraded to u
[luke 4:6] A2: +added ru[23]="ее;" ↔ gr[23]="αὐτήν"
[luke 4:7] B: ru[0]="итак," → gr[1]="οὖν" downgraded to u
[luke 4:9] B: ru[19]="отсюда" → gr[22]="ἐντεῦθεν" downgraded to u
[luke 4:9] B: ru[20]="вниз," → gr[23]="κάτω" downgraded to u
[luke 4:16] B: ru[4]="где" → gr[4]="οὗ" downgraded to u
[luke 4:17] B: ru[11]="где" → gr[14]="οὗ" downgraded to u
[luke 4:18] B: ru[4]="ибо" → gr[4]="οὗ" downgraded to u
[luke 4:20] B: ru[7]="и" → gr[10]="οἱ" downgraded to u
[luke 4:21] B: ru[4]="им:" → gr[5]="ὅτι" downgraded to u
[luke 4:21] B: ru[5]="ныне" → gr[6]="Σήμερον" downgraded to u
[luke 4:22] B: ru[17]="ли" → gr[21]="ἐστιν" downgraded to u
[luke 4:23] B: ru[0]="Он" → gr[0]="καὶ" downgraded to u
[luke 4:23] B: ru[3]="конечно," → gr[4]="Πάντως" downgraded to u
[luke 4:23] B: ru[19]="что," → gr[13]="ὅσα" downgraded to u
[luke 4:23] B: ru[14]="здесь," → gr[21]="ὧδε" downgraded to u
[luke 4:23] B: ru[23]="в" → gr[23]="τῇ" downgraded to u
[luke 4:25] B: ru[13]="было" → gr[17]="ὁ" downgraded to u
[luke 4:26] B: ru[1]="ни" → gr[2]="οὐδεμίαν" downgraded to u
[luke 4:27] B: ru[1]="также" → gr[0]="καὶ" downgraded to u
[luke 4:29] B: ru[4]="вон" → gr[4]="ἔξω" downgraded to u
[luke 4:31] A2: +added ru[8]="их" ↔ gr[10]="αὐτοὺς"
[luke 4:34] B: ru[1]="что" → gr[1]="τί" downgraded to u
[luke 4:35] B: ru[19]="не" → gr[22]="μηδὲν" downgraded to u
[luke 4:36] B: ru[9]="что" → gr[10]="Τίς" downgraded to u
[luke 4:38] B: ru[1]="из" → gr[3]="τῆς" downgraded to u
[luke 4:39] B: ru[10]="тотчас" → gr[10]="παραχρῆμα" downgraded to u
[luke 4:40] B: ru[19]="них" → gr[19]="τὰς" downgraded to u
[luke 4:41] B: ru[1]="также" → gr[1]="δὲ" downgraded to u
[luke 4:41] B: ru[22]="что" → gr[24]="τὸν" downgraded to u
[luke 4:42] B: ru[22]="чтобы" → gr[20]="τοῦ" downgraded to u
[luke 4:43] B: ru[3]="им:" → gr[5]="ὅτι" downgraded to u
[luke 4:43] B: ru[9]="должен" → gr[13]="τὴν" downgraded to u
[luke 4:43] B: ru[14]="то" → gr[19]="τοῦτο" downgraded to u
[luke 4:44] B: ru[0]="И" → gr[1]="ἦν" downgraded to u
[luke 4:44] B: ru[2]="в" → gr[4]="τὰς" downgraded to u
[luke 5:1] B: ru[6]="чтобы" → gr[10]="τὸν" downgraded to u
[luke 5:4] B: ru[12]="свои" → gr[16]="ὑμῶν" downgraded to u
[luke 5:7] B: ru[4]="находившимся" → gr[5]="τῷ" downgraded to u
[luke 5:7] B: ru[8]="чтобы" → gr[17]="τὰ" downgraded to u
[luke 5:8] B: ru[0]="Увидев" → gr[1]="δὲ" downgraded to u
[luke 5:9] B: ru[6]="бывших" → gr[6]="τοὺς" downgraded to u
[luke 5:10] B: ru[0]="также" → gr[0]="ὁμοίως" downgraded to u
[luke 5:10] B: ru[16]="отныне" → gr[24]="νῦν" downgraded to u
[luke 5:11] B: ru[2]="обе" → gr[2]="τὰ" downgraded to u
[luke 5:12] B: ru[0]="Когда" → gr[1]="ἐγένετο" downgraded to u
[luke 5:12] B: ru[12]="увидев" → gr[17]="τὸν" downgraded to u
[luke 5:13] B: ru[11]="тотчас" → gr[10]="εὐθέως" downgraded to u
[luke 5:14] B: ru[16]="свое," → gr[17]="σου" downgraded to u
[luke 5:15] B: ru[2]="более" → gr[2]="μᾶλλον" downgraded to u
[luke 5:17] B: ru[6]="и" → gr[11]="ἦσαν" downgraded to u
[luke 5:18] B: ru[17]="перед" → gr[16]="ἐνώπιον" downgraded to u
[luke 5:19] B: ru[13]="сквозь" → gr[14]="τῶν" downgraded to u
[luke 5:20] B: ru[2]="видя" → gr[2]="τὴν" downgraded to u
[luke 5:22] B: ru[11]="в" → gr[4]="τοὺς" downgraded to u
[luke 5:22] B: ru[8]="что" → gr[11]="Τί" downgraded to u
[luke 5:23] B: ru[0]="Что" → gr[1]="ἐστιν" downgraded to u
[luke 5:24] B: ru[15]="Он" → gr[16]="τῷ" downgraded to u
[luke 5:25] B: ru[2]="тотчас" → gr[1]="παραχρῆμα" downgraded to u
[luke 5:25] B: ru[4]="перед" → gr[3]="ἐνώπιον" downgraded to u
[luke 5:26] B: ru[16]="ныне." → gr[15]="σήμερον" downgraded to u
[luke 5:27] B: ru[0]="После" → gr[1]="μετὰ" downgraded to u
[luke 5:31] B: ru[13]="больные;" → gr[15]="κακῶς" downgraded to u
[luke 5:33] B: ru[4]="почему" → gr[5]="Οἱ" downgraded to u
[luke 5:33] B: ru[12]="также" → gr[13]="ὁμοίως" downgraded to u
[luke 5:34] B: ru[0]="Он" → gr[1]="δὲ" downgraded to u
[luke 5:34] B: ru[10]="когда" → gr[12]="ᾧ" downgraded to u
[luke 5:35] B: ru[9]="тогда" → gr[10]="τότε" downgraded to u
[luke 5:36] B: ru[1]="сем" → gr[2]="καὶ" downgraded to u
[luke 5:36] B: ru[3]="им" → gr[4]="πρὸς" downgraded to u
[luke 5:37] B: ru[10]="иначе" → gr[12]="ὁ" downgraded to u
[luke 6:2] B: ru[2]="из" → gr[2]="τῶν" downgraded to u
[luke 6:2] B: ru[14]="в" → gr[10]="τοῖς" downgraded to u
[luke 6:3] B: ru[9]="что" → gr[10]="ὃ" downgraded to u
[luke 6:4] B: ru[22]="бывшим" → gr[16]="τοῖς" downgraded to u
[luke 6:4] B: ru[15]="кроме" → gr[24]="μὴ" downgraded to u
[luke 6:5] B: ru[7]="и" → gr[7]="ὁ" downgraded to u
[luke 6:8] B: ru[16]="он" → gr[19]="τὸ" downgraded to u
[luke 6:9] B: ru[2]="им" → gr[2]="ὁ" downgraded to u
[luke 6:10] B: ru[6]="тому" → gr[7]="τὴν" downgraded to u
[luke 6:10] B: ru[11]="Он" → gr[15]="ἡ" downgraded to u
[luke 6:11] B: ru[9]="что" → gr[8]="τί" downgraded to u
[luke 6:11] B: ru[13]="с" → gr[11]="τῷ" downgraded to u
[luke 6:12] B: ru[8]="и" → gr[13]="ἦν" downgraded to u
[luke 6:12] B: ru[14]="к" → gr[16]="τῇ" downgraded to u
[luke 6:16] B: ru[6]="потом" → gr[3]="καὶ" downgraded to u
[luke 6:21] B: ru[2]="ныне," → gr[3]="νῦν" downgraded to u
[luke 6:21] B: ru[7]="ныне," → gr[9]="νῦν" downgraded to u
[luke 6:23] B: ru[6]="ибо" → gr[7]="ἰδοὺ" downgraded to u
[luke 6:23] B: ru[14]="с" → gr[17]="τὰ" downgraded to u
[luke 6:24] B: ru[0]="Напротив," → gr[0]="πλὴν" downgraded to u
[luke 6:24] B: ru[8]="свое" → gr[9]="ὑμῶν" downgraded to u
[luke 6:25] B: ru[3]="ныне!" → gr[4]="νῦν" downgraded to u
[luke 6:25] B: ru[6]="Горе" → gr[7]="οὐαί" downgraded to u
[luke 6:25] B: ru[9]="ныне!" → gr[10]="νῦν" downgraded to u
[luke 6:26] B: ru[9]="хорошо!" → gr[2]="καλῶς" downgraded to u
[luke 6:26] B: ru[13]="с" → gr[9]="τὰ" downgraded to u
[luke 6:27] B: ru[7]="благотворите" → gr[9]="καλῶς" downgraded to u
[luke 6:28] B: ru[5]="за" → gr[6]="τῶν" downgraded to u
[luke 6:32] A2: +added ru[14]="их" ↔ gr[16]="αὐτοὺς"
[luke 6:33] B: ru[4]="тем," → gr[3]="τοὺς" downgraded to u
[luke 6:33] B: ru[18]="же" → gr[14]="αὐτὸ" downgraded to u
[luke 6:34] B: ru[25]="же." → gr[18]="ἴσα" downgraded to u
[luke 6:36] B: ru[4]="и" → gr[3]="ὁ" downgraded to u
[luke 6:39] B: ru[1]="также" → gr[1]="δὲ" downgraded to u
[luke 6:39] B: ru[5]="ли" → gr[5]="Μήτι" downgraded to u
[luke 6:39] B: ru[9]="не" → gr[10]="οὐχὶ" downgraded to u
[luke 6:40] A: ru[4]="своего" → ru[13]="его." (gr[13]="αὐτοῦ")
[luke 6:40] B: ru[3]="выше" → gr[3]="ὑπὲρ" downgraded to u
[luke 6:41] B: ru[0]="Что" → gr[0]="τί" downgraded to u
[luke 6:42] B: ru[30]="тогда" → gr[35]="τότε" downgraded to u
[luke 6:43] B: ru[0]="Нет" → gr[0]="Οὐ" downgraded to u
[luke 6:43] B: ru[9]="нет" → gr[8]="οὐδὲ" downgraded to u
[luke 6:45] A: ru[6]="своего" → ru[25]="его." (gr[9]="αὐτοῦ")
[luke 6:45] B: ru[14]="сокровища" → gr[17]="τοῦ" downgraded to u
[luke 6:46] B: ru[0]="Что" → gr[0]="Τί" downgraded to u
[luke 6:46] B: ru[11]="что" → gr[9]="ἃ" downgraded to u
[luke 6:47] A2: +added ru[10]="их," ↔ gr[12]="αὐτούς"
[luke 6:48] B: ru[33]="на" → gr[30]="τὸ" downgraded to u
[luke 6:49] B: ru[3]="неисполняющий" → gr[4]="μὴ" downgraded to u
[luke 7:2] B: ru[8]="болен" → gr[4]="κακῶς" downgraded to u
[luke 7:2] B: ru[9]="при" → gr[6]="ἤμελλεν" downgraded to u
[luke 7:4] B: ru[7]="убедительно," → gr[8]="σπουδαίως" downgraded to u
[luke 7:5] B: ru[5]="и" → gr[8]="αὐτὸς" downgraded to u
[luke 7:6] B: ru[8]="уже" → gr[6]="ἤδη" downgraded to u
[luke 7:6] B: ru[7]="недалеко" → gr[9]="οὐ" downgraded to u
[luke 7:8] B: ru[10]="подчинении" → gr[9]="ὑπ" downgraded to u
[luke 7:8] B: ru[26]="то," → gr[28]="τοῦτο" downgraded to u
[luke 7:11] B: ru[0]="После" → gr[2]="ἐν" downgraded to u
[luke 7:11] B: ru[1]="сего" → gr[4]="ἑξῆς" downgraded to u
[luke 7:12] B: ru[7]="тут" → gr[7]="καὶ" downgraded to u
[luke 7:12] B: ru[24]="из" → gr[22]="τῆς" downgraded to u
[luke 7:14] B: ru[3]="к" → gr[3]="τῆς" downgraded to u
[luke 7:15] B: ru[9]="Иисус" → gr[2]="ὁ" downgraded to u
[luke 7:19] B: ru[2]="двоих" → gr[2]="τὸν" downgraded to u
[luke 7:19] B: ru[11]="ли" → gr[6]="εἶ" downgraded to u
[luke 7:20] B: ru[14]="Тот," → gr[8]="ὁ" downgraded to u
[luke 7:20] B: ru[13]="ли" → gr[16]="εἶ" downgraded to u
[luke 7:21] B: ru[2]="это" → gr[2]="τῇ" downgraded to u
[luke 7:22] B: ru[9]="что" → gr[7]="ἃ" downgraded to u
[luke 7:24] B: ru[11]="что" → gr[12]="Τί" downgraded to u
[luke 7:25] B: ru[0]="Что" → gr[1]="τί" downgraded to u
[luke 7:25] B: ru[11]="Но" → gr[9]="ἰδοὺ" downgraded to u
[luke 7:26] B: ru[0]="Что" → gr[1]="τί" downgraded to u
[luke 7:26] B: ru[7]="Да," → gr[5]="ναί" downgraded to u
[luke 7:31] B: ru[0]="Тогда" → gr[3]="τοὺς" downgraded to u
[luke 7:32] B: ru[3]="которые" → gr[3]="τοῖς" downgraded to u
[luke 7:36] B: ru[1]="из" → gr[4]="τῶν" downgraded to u
[luke 7:36] B: ru[13]="дом" → gr[15]="τοῦ" downgraded to u
[luke 7:37] B: ru[3]="того" → gr[6]="τῇ" downgraded to u
[luke 7:38] B: ru[2]="позади" → gr[2]="ὀπίσω" downgraded to u
[luke 7:39] B: ru[0]="Видя" → gr[1]="δὲ" downgraded to u
[luke 7:39] B: ru[1]="это," → gr[2]="ὁ" downgraded to u
[luke 7:40] B: ru[11]="Он" → gr[13]="δέ" downgraded to u
[luke 7:43] B: ru[3]="тот," → gr[4]="ὅτι" downgraded to u
[luke 7:43] B: ru[10]="правильно" → gr[13]="Ὀρθῶς" downgraded to u
[luke 7:44] B: ru[28]="Мне" → gr[29]="τοὺς" downgraded to u
[luke 7:44] B: ru[30]="и" → gr[32]="ταῖς" downgraded to u
[luke 7:46] B: ru[0]="ты" → gr[1]="τὴν" downgraded to u
[luke 7:47] B: ru[1]="потому" → gr[0]="οὗ" downgraded to u
[luke 7:47] B: ru[18]="тот" → gr[5]="αἱ" downgraded to u
[luke 7:49] B: ru[6]="про" → gr[5]="ἐν" downgraded to u
[luke 7:49] B: ru[10]="что" → gr[10]="ὃς" downgraded to u
[luke 8:1] B: ru[0]="После" → gr[2]="ἐν" downgraded to u
[luke 8:1] B: ru[1]="сего" → gr[4]="καθεξῆς" downgraded to u
[luke 8:4] B: ru[6]="из" → gr[5]="τῶν" downgraded to u
[luke 8:4] B: ru[7]="всех" → gr[6]="κατὰ" downgraded to u
[luke 8:7] B: ru[3]="между" → gr[4]="μέσῳ" downgraded to u
[luke 8:8] B: ru[3]="на" → gr[4]="τὴν" downgraded to u
[luke 8:8] B: ru[14]="кто" → gr[16]="Ὁ" downgraded to u
[luke 8:9] B: ru[6]="что" → gr[6]="τίς" downgraded to u
[luke 8:10] B: ru[0]="Он" → gr[1]="δὲ" downgraded to u
[luke 8:12] B: ru[9]="потом" → gr[8]="εἶτα" downgraded to u
[luke 8:14] B: ru[5]="те," → gr[3]="τὰς" downgraded to u
[luke 8:17] B: ru[2]="ничего" → gr[0]="οὐ" downgraded to u
[luke 8:17] B: ru[4]="что" → gr[4]="ὃ" downgraded to u
[luke 8:17] B: ru[11]="что" → gr[10]="ὃ" downgraded to u
[luke 8:17] B: ru[19]="бы." → gr[17]="ἔλθῃ" downgraded to u
[luke 8:18] B: ru[0]="Итак," → gr[1]="οὖν" downgraded to u
[luke 8:18] B: ru[20]="что" → gr[16]="ὃ" downgraded to u
[luke 8:19] B: ru[15]="причине" → gr[15]="διὰ" downgraded to u
[luke 8:20] B: ru[5]="и" → gr[3]="Ἡ" downgraded to u
[luke 8:20] B: ru[9]="вне," → gr[11]="ἔξω" downgraded to u
[luke 8:21] B: ru[0]="Он" → gr[1]="δὲ" downgraded to u
[luke 8:22] B: ru[16]="сторону" → gr[22]="πέραν" downgraded to u
[luke 8:25] B: ru[0]="Тогда" → gr[1]="δὲ" downgraded to u
[luke 8:25] B: ru[4]="где" → gr[3]="Ποῦ" downgraded to u
[luke 8:25] B: ru[14]="друг" → gr[11]="πρὸς" downgraded to u
[luke 8:26] B: ru[6]="против" → gr[9]="ἀντιπέρα" downgraded to u
[luke 8:27] B: ru[28]="в" → gr[27]="τοῖς" downgraded to u
[luke 8:28] B: ru[1]="увидев" → gr[1]="δὲ" downgraded to u
[luke 8:28] B: ru[5]="пред" → gr[5]="προσέπεσεν" downgraded to u
[luke 8:28] B: ru[11]="что" → gr[11]="Τί" downgraded to u
[luke 8:29] B: ru[7]="сего" → gr[8]="τοῦ" downgraded to u
[luke 8:30] B: ru[3]="как" → gr[5]="Τί" downgraded to u
[luke 8:30] B: ru[6]="Он" → gr[10]="δὲ" downgraded to u
[luke 8:32] B: ru[0]="Тут" → gr[2]="ἐκεῖ" downgraded to u
[luke 8:34] B: ru[1]="видя" → gr[2]="οἱ" downgraded to u
[luke 8:35] B: ru[2]="видеть" → gr[3]="τὸ" downgraded to u
[luke 8:39] B: ru[6]="что" → gr[7]="ὅσα" downgraded to u
[luke 8:39] B: ru[17]="что" → gr[19]="ὅσα" downgraded to u
[luke 8:44] B: ru[1]="сзади," → gr[1]="ὄπισθεν" downgraded to u
[luke 8:44] B: ru[7]="тотчас" → gr[9]="παραχρῆμα" downgraded to u
[luke 8:45] B: ru[14]="бывшие" → gr[12]="ὁ" downgraded to u
[luke 8:45] B: ru[27]="кто" → gr[15]="οἱ" downgraded to u
[luke 8:47] B: ru[15]="перед" → gr[18]="ἐνώπιον" downgraded to u
[luke 8:47] B: ru[26]="тотчас" → gr[25]="παραχρῆμα" downgraded to u
[luke 8:48] B: ru[0]="Он" → gr[1]="δὲ" downgraded to u
[luke 8:49] B: ru[2]="еще" → gr[0]="Ἔτι" downgraded to u
[luke 8:49] B: ru[13]="ему:" → gr[9]="ὅτι" downgraded to u
[luke 8:51] B: ru[8]="кроме" → gr[12]="μὴ" downgraded to u
[luke 8:55] B: ru[5]="тотчас" → gr[7]="παραχρῆμα" downgraded to u
[luke 9:2] A2: +added ru[2]="их" ↔ gr[2]="αὐτοὺς"
[luke 9:3] B: ru[4]="не" → gr[4]="Μηδὲν" downgraded to u
[luke 9:4] B: ru[5]="там" → gr[6]="ἐκεῖ" downgraded to u
[luke 9:4] B: ru[8]="оттуда" → gr[9]="ἐκεῖθεν" downgraded to u
[luke 9:5] A2: +added ru[20]="них." ↔ gr[21]="αὐτούς"
[luke 9:5] B: ru[1]="если" → gr[1]="ὅσοι" downgraded to u
[luke 9:5] B: ru[12]="и" → gr[11]="τὸν" downgraded to u
[luke 9:6] B: ru[9]="повсюду." → gr[9]="πανταχοῦ" downgraded to u
[luke 9:8] B: ru[8]="из" → gr[11]="τῶν" downgraded to u
[luke 9:9] B: ru[7]="же" → gr[9]="ἐστιν" downgraded to u
[luke 9:10] A2: +added ru[10]="их" ↔ gr[10]="αὐτοὺς"
[luke 9:10] B: ru[4]="что" → gr[6]="ὅσα" downgraded to u
[luke 9:12] B: ru[9]="Нему," → gr[0]="Ἡ" downgraded to u
[luke 9:12] B: ru[19]="окрестные" → gr[18]="κύκλῳ" downgraded to u
[luke 9:12] B: ru[30]="здесь" → gr[27]="ὧδε" downgraded to u
[luke 9:13] B: ru[8]="Они" → gr[9]="δὲ" downgraded to u
[luke 9:13] B: ru[12]="нет" → gr[11]="Οὐκ" downgraded to u
[luke 9:13] B: ru[19]="разве" → gr[21]="εἰ" downgraded to u
[luke 9:14] A: ru[11]="Своим:" → ru[1]="их" (gr[10]="αὐτοῦ")
[luke 9:14] A2: +added ru[13]="их" ↔ gr[12]="αὐτοὺς"
[luke 9:14] B: ru[3]="около" → gr[2]="ὡσεὶ" downgraded to u
[luke 9:16] A2: +added ru[13]="их," ↔ gr[14]="αὐτοὺς"
[luke 9:18] B: ru[0]="В" → gr[4]="εἶναι" downgraded to u
[luke 9:18] B: ru[9]="и" → gr[11]="οἱ" downgraded to u
[luke 9:19] B: ru[0]="Они" → gr[1]="δὲ" downgraded to u
[luke 9:19] B: ru[16]="из" → gr[15]="τῶν" downgraded to u
[luke 9:23] B: ru[15]="свой," → gr[18]="ἡμέραν" downgraded to u
[luke 9:24] A: ru[4]="свою" → ru[18]="ее." (gr[6]="αὐτοῦ")
[luke 9:24] B: ru[6]="тот" → gr[14]="τὴν" downgraded to u
[luke 9:25] B: ru[1]="что" → gr[0]="τί" downgraded to u
[luke 9:27] B: ru[3]="истинно:" → gr[3]="ἀληθῶς" downgraded to u
[luke 9:27] B: ru[6]="из" → gr[6]="τῶν" downgraded to u
[luke 9:27] B: ru[14]="уже" → gr[15]="ἂν" downgraded to u
[luke 9:27] B: ru[15]="увидят" → gr[17]="τὴν" downgraded to u
[luke 9:28] B: ru[0]="После" → gr[2]="μετὰ" downgraded to u
[luke 9:29] B: ru[1]="когда" → gr[1]="ἐγένετο" downgraded to u
[luke 9:32] B: ru[3]="бывшие" → gr[0]="ὁ" downgraded to u
[luke 9:32] B: ru[11]="увидели" → gr[4]="οἱ" downgraded to u
[luke 9:33] B: ru[0]="И" → gr[1]="ἐγένετο" downgraded to u
[luke 9:33] B: ru[12]="здесь" → gr[18]="ὧδε" downgraded to u
[luke 9:33] B: ru[27]="что" → gr[34]="ὃ" downgraded to u
[luke 9:36] B: ru[19]="что" → gr[20]="ὧν" downgraded to u
[luke 9:37] B: ru[0]="В" → gr[2]="τῇ" downgraded to u
[luke 9:37] B: ru[1]="следующий" → gr[3]="ἑξῆς" downgraded to u
[luke 9:38] B: ru[14]="у" → gr[19]="ἐστιν" downgraded to u
[luke 9:39] B: ru[5]="внезапно" → gr[6]="ἐξαίφνης" downgraded to u
[luke 9:39] B: ru[13]="испускает" → gr[11]="μετὰ" downgraded to u
[luke 9:39] B: ru[16]="насилу" → gr[14]="μόγις" downgraded to u
[luke 9:40] B: ru[1]="просил" → gr[2]="τῶν" downgraded to u
[luke 9:41] B: ru[4]="о," → gr[5]="Ὦ" downgraded to u
[luke 9:41] B: ru[9]="доколе" → gr[11]="πότε" downgraded to u
[luke 9:41] B: ru[18]="сюда" → gr[19]="ὧδε" downgraded to u
[luke 9:42] B: ru[3]="еще" → gr[0]="ἔτι" downgraded to u
[luke 9:42] B: ru[2]="тот" → gr[6]="τὸ" downgraded to u
[luke 9:43] B: ru[10]="что" → gr[13]="οἷς" downgraded to u
[luke 9:47] B: ru[2]="видя" → gr[0]="ὁ" downgraded to u
[luke 9:48] B: ru[10]="тот" → gr[21]="τὸν" downgraded to u
[luke 9:48] B: ru[17]="тот" → gr[24]="ὁ" downgraded to u
[luke 9:49] B: ru[1]="сем" → gr[1]="δὲ" downgraded to u
[luke 9:50] B: ru[8]="против" → gr[12]="καθ" downgraded to u
[luke 9:51] B: ru[0]="Когда" → gr[0]="Ἐγένετο" downgraded to u
[luke 9:54] A2: +added ru[20]="их," ↔ gr[18]="αὐτούς"
[luke 9:54] B: ru[0]="Видя" → gr[1]="δὲ" downgraded to u
[luke 9:57] B: ru[15]="куда" → gr[12]="ὅπου" downgraded to u
[luke 9:58] B: ru[16]="где" → gr[22]="ποῦ" downgraded to u
[luke 9:59] B: ru[6]="Тот" → gr[7]="δὲ" downgraded to u
[luke 9:61] B: ru[0]="Еще" → gr[2]="καὶ" downgraded to u
[luke 9:62] B: ru[12]="назад," → gr[14]="ὀπίσω" downgraded to u
[luke 9:62] B: ru[15]="для" → gr[17]="τῇ" downgraded to u
[luke 10:1] B: ru[0]="После" → gr[0]="Μετὰ" downgraded to u
[luke 10:1] B: ru[21]="куда" → gr[24]="οὗ" downgraded to u
[luke 10:6] B: ru[3]="там" → gr[3]="ἐκεῖ" downgraded to u
[luke 10:6] B: ru[14]="нет," → gr[14]="μήγε" downgraded to u
[luke 10:7] B: ru[8]="что" → gr[9]="τὰ" downgraded to u
[luke 10:8] B: ru[10]="что" → gr[10]="τὰ" downgraded to u
[luke 10:9] B: ru[2]="находящихся" → gr[2]="τοὺς" downgraded to u
[luke 10:11] B: ru[16]="вам" → gr[7]="τῆς" downgraded to u
[luke 10:11] B: ru[10]="однако" → gr[15]="πλὴν" downgraded to u
[luke 10:11] B: ru[11]="же" → gr[16]="τοῦτο" downgraded to u
[luke 10:12] B: ru[9]="нежели" → gr[10]="ἢ" downgraded to u
[luke 10:13] B: ru[3]="горе" → gr[3]="οὐαί" downgraded to u
[luke 10:13] B: ru[14]="были" → gr[13]="αἱ" downgraded to u
[luke 10:13] B: ru[20]="давно" → gr[19]="πάλαι" downgraded to u
[luke 10:14] B: ru[9]="нежели" → gr[9]="ἢ" downgraded to u
[luke 10:17] B: ru[8]="и" → gr[2]="οἱ" downgraded to u
[luke 10:20] B: ru[0]="однакож" → gr[0]="πλὴν" downgraded to u
[luke 10:21] B: ru[29]="таково" → gr[35]="οὕτως" downgraded to u
[luke 10:22] B: ru[17]="кроме" → gr[15]="μὴ" downgraded to u
[luke 10:22] B: ru[26]="кроме" → gr[24]="μὴ" downgraded to u
[luke 10:23] B: ru[11]="что" → gr[13]="ἃ" downgraded to u
[luke 10:24] B: ru[10]="что" → gr[10]="ἃ" downgraded to u
[luke 10:24] B: ru[18]="что" → gr[18]="ἃ" downgraded to u
[luke 10:25] B: ru[10]="что" → gr[9]="τί" downgraded to u
[luke 10:26] B: ru[6]="что" → gr[8]="τί" downgraded to u
[luke 10:27] B: ru[0]="Он" → gr[1]="δὲ" downgraded to u
[luke 10:27] B: ru[24]="ближнего" → gr[34]="πλησίον" downgraded to u
[luke 10:28] B: ru[3]="правильно" → gr[3]="Ὀρθῶς" downgraded to u
[luke 10:28] B: ru[6]="так" → gr[5]="τοῦτο" downgraded to u
[luke 10:29] B: ru[10]="ближний?" → gr[13]="πλησίον" downgraded to u
[luke 10:30] B: ru[14]="которые" → gr[16]="καὶ" downgraded to u
[luke 10:32] B: ru[0]="Также" → gr[0]="ὁμοίως" downgraded to u
[luke 10:32] B: ru[5]="том" → gr[5]="τὸν" downgraded to u
[luke 10:35] B: ru[3]="день," → gr[3]="αὔριον" downgraded to u
[luke 10:35] B: ru[20]="что" → gr[16]="τι" downgraded to u
[luke 10:36] B: ru[7]="ближний" → gr[4]="πλησίον" downgraded to u
[luke 10:37] B: ru[0]="Он" → gr[1]="δὲ" downgraded to u
[luke 10:37] B: ru[5]="Тогда" → gr[5]="τὸ" downgraded to u
[luke 10:39] B: ru[8]="у" → gr[10]="τοὺς" downgraded to u
[luke 10:40] B: ru[13]="нет," → gr[11]="οὐ" downgraded to u
[luke 10:42] B: ru[5]="же" → gr[8]="τὴν" downgraded to u
[luke 11:1] B: ru[2]="когда" → gr[4]="εἶναι" downgraded to u
[luke 11:1] B: ru[11]="из" → gr[14]="τῶν" downgraded to u
[luke 11:2] B: ru[8]="сущий" → gr[8]="τὸ" downgraded to u
[luke 11:2] B: ru[9]="на" → gr[12]="ἡ" downgraded to u
[luke 11:3] B: ru[6]="каждый" → gr[8]="καθ" downgraded to u
[luke 11:6] B: ru[10]="нечего" → gr[9]="οὐ" downgraded to u
[luke 11:7] B: ru[2]="изнутри" → gr[1]="ἔσωθεν" downgraded to u
[luke 11:7] B: ru[11]="уже" → gr[8]="ἤδη" downgraded to u
[luke 11:8] B: ru[10]="по" → gr[10]="εἶναι" downgraded to u
[luke 11:8] B: ru[14]="то" → gr[14]="γε" downgraded to u
[luke 11:13] B: ru[0]="Итак," → gr[1]="οὖν" downgraded to u
[luke 11:13] B: ru[12]="более" → gr[13]="μᾶλλον" downgraded to u
[luke 11:14] B: ru[8]="когда" → gr[5]="ἐγένετο" downgraded to u
[luke 11:15] B: ru[8]="силою" → gr[5]="Ἐν" downgraded to u
[luke 11:17] B: ru[2]="зная" → gr[4]="τὰ" downgraded to u
[luke 11:18] B: ru[18]="силою" → gr[15]="ἐν" downgraded to u
[luke 11:19] B: ru[3]="силою" → gr[3]="ἐν" downgraded to u
[luke 11:19] B: ru[11]="силою" → gr[11]="ἐν" downgraded to u
[luke 11:20] B: ru[2]="Я" → gr[2]="ἐν" downgraded to u
[luke 11:20] B: ru[8]="конечно," → gr[8]="ἄρα" downgraded to u
[luke 11:22] B: ru[19]="и" → gr[15]="τὰ" downgraded to u
[luke 11:23] B: ru[0]="Кто" → gr[0]="ὁ" downgraded to u
[luke 11:23] B: ru[5]="против" → gr[5]="κατ" downgraded to u
[luke 11:23] B: ru[8]="кто" → gr[9]="ὁ" downgraded to u
[luke 11:24] B: ru[21]="откуда" → gr[23]="ὅθεν" downgraded to u
[luke 11:26] B: ru[0]="тогда" → gr[0]="τότε" downgraded to u
[luke 11:26] B: ru[14]="там," → gr[12]="ἐκεῖ" downgraded to u
[luke 11:26] B: ru[18]="для" → gr[17]="τοῦ" downgraded to u
[luke 11:29] B: ru[21]="кроме" → gr[20]="μὴ" downgraded to u
[luke 11:30] B: ru[5]="для" → gr[4]="τοῖς" downgraded to u
[luke 11:30] B: ru[12]="для" → gr[14]="τῇ" downgraded to u
[luke 11:31] A2: +added ru[11]="их," ↔ gr[14]="αὐτούς"
[luke 11:31] B: ru[23]="здесь" → gr[30]="ὧδε" downgraded to u
[luke 11:32] B: ru[18]="здесь" → gr[23]="ὧδε" downgraded to u
[luke 11:35] B: ru[0]="Итак," → gr[1]="οὖν" downgraded to u
[luke 11:35] B: ru[3]="который" → gr[3]="τὸ" downgraded to u
[luke 11:37] B: ru[1]="Он" → gr[2]="τῷ" downgraded to u
[luke 11:38] B: ru[9]="перед" → gr[9]="πρὸ" downgraded to u
[luke 11:39] B: ru[4]="ныне" → gr[6]="Νῦν" downgraded to u
[luke 11:39] B: ru[7]="внешность" → gr[11]="ἔξωθεν" downgraded to u
[luke 11:39] B: ru[13]="внутренность" → gr[20]="ἔσωθεν" downgraded to u
[luke 11:40] B: ru[2]="Тот" → gr[2]="ὁ" downgraded to u
[luke 11:40] B: ru[5]="Кто" → gr[4]="τὸ" downgraded to u
[luke 11:40] B: ru[7]="внешнее," → gr[5]="ἔξωθεν" downgraded to u
[luke 11:40] B: ru[10]="внутреннее?" → gr[8]="ἔσωθεν" downgraded to u
[luke 11:41] B: ru[1]="лучше" → gr[0]="πλὴν" downgraded to u
[luke 11:42] B: ru[7]="с" → gr[3]="τοῖς" downgraded to u
[luke 11:42] B: ru[15]="о" → gr[7]="τὸ" downgraded to u
[luke 11:45] B: ru[3]="из" → gr[3]="τῶν" downgraded to u
[luke 11:46] B: ru[9]="на" → gr[5]="τοῖς" downgraded to u
[luke 11:46] B: ru[6]="горе," → gr[7]="οὐαί" downgraded to u
[luke 11:46] B: ru[21]="до" → gr[17]="τῶν" downgraded to u
[luke 11:46] B: ru[18]="своим" → gr[19]="ὑμῶν" downgraded to u
[luke 11:47] B: ru[6]="которых" → gr[9]="δὲ" downgraded to u
[luke 11:48] B: ru[0]="сим" → gr[0]="ἄρα" downgraded to u
[luke 11:48] B: ru[3]="о" → gr[5]="τοῖς" downgraded to u
[luke 11:49] A2: +added ru[13]="них" ↔ gr[10]="αὐτοὺς"
[luke 11:49] B: ru[0]="Потому" → gr[1]="τοῦτο" downgraded to u
[luke 11:53] B: ru[9]="сильно" → gr[9]="δεινῶς" downgraded to u
[luke 11:53] B: ru[12]="Нему," → gr[11]="καὶ" downgraded to u
[luke 12:2] B: ru[3]="что" → gr[4]="ὃ" downgraded to u
[luke 12:3] B: ru[1]="что" → gr[2]="ὅσα" downgraded to u
[luke 12:3] B: ru[11]="что" → gr[12]="ὃ" downgraded to u
[luke 12:3] B: ru[15]="внутри" → gr[17]="ἐν" downgraded to u
[luke 12:5] B: ru[7]="кто," → gr[6]="τὸν" downgraded to u
[luke 12:6] B: ru[0]="Не" → gr[0]="οὐχὶ" downgraded to u
[luke 12:7] B: ru[5]="на" → gr[4]="τῆς" downgraded to u
[luke 12:9] B: ru[1]="кто" → gr[0]="ὁ" downgraded to u
[luke 12:9] B: ru[6]="тот" → gr[9]="τῶν" downgraded to u
[luke 12:10] B: ru[11]="кто" → gr[12]="τῷ" downgraded to u
[luke 12:11] B: ru[14]="что" → gr[17]="τί" downgraded to u
[luke 12:11] B: ru[17]="что" → gr[20]="τί" downgraded to u
[luke 12:12] B: ru[8]="что" → gr[10]="ἃ" downgraded to u
[luke 12:13] B: ru[13]="мною" → gr[15]="τὴν" downgraded to u
[luke 12:15] B: ru[1]="этом" → gr[1]="δὲ" downgraded to u
[luke 12:16] B: ru[2]="им" → gr[3]="πρὸς" downgraded to u
[luke 12:17] B: ru[6]="что" → gr[5]="Τί" downgraded to u
[luke 12:17] B: ru[9]="некуда" → gr[8]="οὐ" downgraded to u
[luke 12:18] B: ru[3]="что" → gr[2]="Τοῦτο" downgraded to u
[luke 12:18] B: ru[13]="туда" → gr[13]="ἐκεῖ" downgraded to u
[luke 12:20] B: ru[17]="что" → gr[15]="ἃ" downgraded to u
[luke 12:21] B: ru[4]="кто" → gr[1]="ὁ" downgraded to u
[luke 12:22] B: ru[13]="что" → gr[14]="τί" downgraded to u
[luke 12:22] B: ru[20]="что" → gr[19]="τί" downgraded to u
[luke 12:24] A2: +added ru[18]="их;" ↔ gr[18]="αὐτούς"
[luke 12:24] B: ru[8]="нет" → gr[9]="οὐ" downgraded to u
[luke 12:26] B: ru[0]="Итак," → gr[1]="οὖν" downgraded to u
[luke 12:26] B: ru[7]="что" → gr[5]="τί" downgraded to u
[luke 12:27] B: ru[1]="на" → gr[1]="τὰ" downgraded to u
[luke 12:28] B: ru[6]="сегодня" → gr[7]="σήμερον" downgraded to u
[luke 12:28] B: ru[9]="завтра" → gr[9]="αὔριον" downgraded to u
[luke 12:28] B: ru[19]="паче" → gr[18]="μᾶλλον" downgraded to u
[luke 12:29] B: ru[0]="Итак," → gr[0]="καὶ" downgraded to u
[luke 12:29] B: ru[3]="что" → gr[4]="τί" downgraded to u
[luke 12:29] B: ru[7]="что" → gr[7]="τί" downgraded to u
[luke 12:30] B: ru[7]="сего;" → gr[5]="τοῦ" downgraded to u
[luke 12:31] B: ru[0]="наипаче" → gr[0]="πλὴν" downgraded to u
[luke 12:33] B: ru[15]="куда" → gr[17]="ὅπου" downgraded to u
[luke 12:34] B: ru[4]="там" → gr[6]="ἐκεῖ" downgraded to u
[luke 12:36] B: ru[6]="возвращения" → gr[8]="πότε" downgraded to u
[luke 12:36] B: ru[8]="своего" → gr[9]="ἀναλύσῃ" downgraded to u
[luke 12:36] B: ru[16]="тотчас" → gr[17]="εὐθέως" downgraded to u
[luke 12:40] B: ru[6]="в" → gr[5]="ᾗ" downgraded to u
[luke 12:41] B: ru[0]="Тогда" → gr[1]="δὲ" downgraded to u
[luke 12:41] B: ru[2]="Ему" → gr[2]="ὁ" downgraded to u
[luke 12:44] B: ru[0]="Истинно" → gr[0]="ἀληθῶς" downgraded to u
[luke 12:46] B: ru[16]="который" → gr[21]="τὸ" downgraded to u
[luke 12:47] B: ru[3]="который" → gr[2]="ὁ" downgraded to u
[luke 12:49] B: ru[4]="на" → gr[4]="τὴν" downgraded to u
[luke 12:49] B: ru[7]="как" → gr[7]="τί" downgraded to u
[luke 12:49] B: ru[12]="уже" → gr[10]="ἤδη" downgraded to u
[luke 12:50] B: ru[8]="пока" → gr[7]="ἕως" downgraded to u
[luke 12:51] B: ru[9]="Нет," → gr[8]="οὐχί" downgraded to u
[luke 12:52] B: ru[1]="отныне" → gr[4]="νῦν" downgraded to u
[luke 12:52] B: ru[9]="против" → gr[11]="ἐπὶ" downgraded to u
[luke 12:52] B: ru[13]="против" → gr[15]="ἐπὶ" downgraded to u
[luke 12:53] B: ru[2]="против" → gr[2]="ἐπὶ" downgraded to u
[luke 12:53] B: ru[6]="против" → gr[6]="ἐπὶ" downgraded to u
[luke 12:53] B: ru[9]="против" → gr[9]="ἐπὶ" downgraded to u
[luke 12:53] B: ru[13]="против" → gr[13]="ἐπὶ" downgraded to u
[luke 12:53] B: ru[16]="против" → gr[17]="ἐπὶ" downgraded to u
[luke 12:53] B: ru[21]="против" → gr[23]="ἐπὶ" downgraded to u
[luke 12:54] B: ru[11]="тотчас" → gr[11]="εὐθέως" downgraded to u
[luke 12:57] B: ru[9]="чему" → gr[7]="τὸ" downgraded to u
[luke 12:58] B: ru[5]="своим" → gr[6]="σου" downgraded to u
[luke 12:59] B: ru[4]="оттуда," → gr[5]="ἐκεῖθεν" downgraded to u
[luke 12:59] B: ru[5]="пока" → gr[6]="ἕως" downgraded to u
[luke 13:3] B: ru[0]="Нет," → gr[0]="οὐχί" downgraded to u
[luke 13:5] B: ru[0]="Нет," → gr[0]="οὐχί" downgraded to u
[luke 13:7] A2: +added ru[17]="ее:" ↔ gr[21]="αὐτήν"
[luke 13:7] B: ru[20]="она" → gr[24]="τὴν" downgraded to u
[luke 13:9] A2: +added ru[12]="ее." ↔ gr[11]="αὐτήν"
[luke 13:9] B: ru[2]="ли" → gr[1]="μὲν" downgraded to u
[luke 13:9] B: ru[6]="нет," → gr[9]="μήγε" downgraded to u
[luke 13:10] B: ru[2]="из" → gr[5]="τῶν" downgraded to u
[luke 13:12] B: ru[1]="увидев" → gr[1]="δὲ" downgraded to u
[luke 13:12] B: ru[10]="от" → gr[11]="τῆς" downgraded to u
[luke 13:13] B: ru[7]="тотчас" → gr[6]="παραχρῆμα" downgraded to u
[luke 13:14] B: ru[1]="этом" → gr[1]="δὲ" downgraded to u
[luke 13:14] B: ru[26]="в" → gr[29]="τῇ" downgraded to u
[luke 13:16] B: ru[18]="в" → gr[21]="τῇ" downgraded to u
[luke 13:20] B: ru[0]="Еще" → gr[1]="πάλιν" downgraded to u
[luke 13:21] B: ru[11]="доколе" → gr[11]="ἕως" downgraded to u
[luke 13:23] B: ru[4]="неужели" → gr[5]="εἰ" downgraded to u
[luke 13:24] B: ru[2]="сквозь" → gr[2]="διὰ" downgraded to u
[luke 13:25] B: ru[0]="Когда" → gr[1]="οὗ" downgraded to u
[luke 13:25] B: ru[7]="тогда" → gr[10]="καὶ" downgraded to u
[luke 13:25] B: ru[10]="вне," → gr[12]="ἔξω" downgraded to u
[luke 13:25] B: ru[13]="в" → gr[16]="τὴν" downgraded to u
[luke 13:25] B: ru[30]="откуда" → gr[29]="πόθεν" downgraded to u
[luke 13:26] B: ru[0]="Тогда" → gr[0]="τότε" downgraded to u
[luke 13:27] B: ru[8]="откуда" → gr[6]="πόθεν" downgraded to u
[luke 13:28] B: ru[0]="Там" → gr[0]="ἐκεῖ" downgraded to u
[luke 13:28] B: ru[21]="вон." → gr[28]="ἔξω" downgraded to u
[luke 13:31] B: ru[13]="отсюда," → gr[12]="ἐντεῦθεν" downgraded to u
[luke 13:32] B: ru[13]="сегодня" → gr[14]="σήμερον" downgraded to u
[luke 13:32] B: ru[15]="завтра," → gr[16]="αὔριον" downgraded to u
[luke 13:32] B: ru[17]="в" → gr[18]="τῇ" downgraded to u
[luke 13:33] B: ru[1]="впрочем," → gr[0]="πλὴν" downgraded to u
[luke 13:33] B: ru[5]="сегодня," → gr[3]="σήμερον" downgraded to u
[luke 13:33] B: ru[6]="завтра" → gr[5]="αὔριον" downgraded to u
[luke 13:33] B: ru[8]="в" → gr[7]="τῇ" downgraded to u
[luke 13:33] B: ru[18]="вне" → gr[15]="ἔξω" downgraded to u
[luke 13:34] B: ru[11]="раз" → gr[12]="ποσάκις" downgraded to u
[luke 13:34] B: ru[17]="как" → gr[19]="τρόπον" downgraded to u
[luke 13:35] B: ru[14]="пока" → gr[13]="ἕως" downgraded to u
[luke 14:1] B: ru[8]="из" → gr[9]="τῶν" downgraded to u
[luke 14:3] B: ru[9]="ли" → gr[6]="τοὺς" downgraded to u
[luke 14:4] B: ru[0]="Они" → gr[1]="δὲ" downgraded to u
[luke 14:5] B: ru[16]="тотчас" → gr[14]="εὐθέως" downgraded to u
[luke 14:5] B: ru[21]="в" → gr[18]="ἡμέρᾳ" downgraded to u
[luke 14:8] B: ru[3]="позван" → gr[2]="ὑπό" downgraded to u
[luke 14:9] B: ru[14]="тогда" → gr[13]="τότε" downgraded to u
[luke 14:10] B: ru[17]="тогда" → gr[20]="τότε" downgraded to u
[luke 14:15] B: ru[3]="из" → gr[3]="τῶν" downgraded to u
[luke 14:17] B: ru[12]="уже" → gr[14]="ἤδη" downgraded to u
[luke 14:20] B: ru[5]="потому" → gr[7]="τοῦτο" downgraded to u
[luke 14:21] B: ru[9]="Тогда," → gr[9]="τότε" downgraded to u
[luke 14:21] B: ru[17]="скорее" → gr[18]="ταχέως" downgraded to u
[luke 14:21] B: ru[25]="сюда" → gr[36]="ὧδε" downgraded to u
[luke 14:21] B: ru[3]="тот" → gr[2]="ὁ" downgraded to u
[luke 14:22] B: ru[9]="еще" → gr[9]="ἔτι" downgraded to u
[luke 14:26] B: ru[21]="притом" → gr[26]="ἔτι" downgraded to u
[luke 14:26] B: ru[26]="тот" → gr[8]="τὸν" downgraded to u
[luke 14:28] B: ru[7]="не" → gr[7]="οὐχὶ" downgraded to u
[luke 14:31] B: ru[4]="на" → gr[6]="συμβαλεῖν" downgraded to u
[luke 14:31] B: ru[6]="против" → gr[7]="εἰς" downgraded to u
[luke 14:31] B: ru[9]="не" → gr[9]="οὐχὶ" downgraded to u
[luke 14:31] B: ru[21]="противостать" → gr[20]="τῷ" downgraded to u
[luke 14:32] B: ru[1]="пока" → gr[3]="ἔτι" downgraded to u
[luke 14:32] B: ru[4]="далеко," → gr[5]="πόρρω" downgraded to u
[luke 14:33] B: ru[9]="что" → gr[10]="ἑαυτοῦ" downgraded to u
[luke 14:35] B: ru[8]="вон" → gr[8]="ἔξω" downgraded to u
[luke 14:35] B: ru[11]="Кто" → gr[11]="ὁ" downgraded to u
[luke 15:3] B: ru[3]="им" → gr[4]="τὴν" downgraded to u
[luke 15:4] B: ru[22]="пока" → gr[25]="ἕως" downgraded to u
[luke 15:7] B: ru[13]="нежели" → gr[13]="ἢ" downgraded to u
[luke 15:8] B: ru[10]="не" → gr[10]="οὐχὶ" downgraded to u
[luke 15:8] B: ru[20]="тщательно," → gr[19]="ἐπιμελῶς" downgraded to u
[luke 15:8] B: ru[21]="пока" → gr[20]="ἕως" downgraded to u
[luke 15:11] B: ru[0]="Еще" → gr[1]="δέ" downgraded to u
[luke 15:13] B: ru[1]="прошествии" → gr[1]="μετ" downgraded to u
[luke 15:13] B: ru[2]="немногих" → gr[2]="οὐ" downgraded to u
[luke 15:13] B: ru[13]="там" → gr[15]="ἐκεῖ" downgraded to u
[luke 15:13] B: ru[18]="распутно." → gr[21]="ἀσώτως" downgraded to u
[luke 15:15] B: ru[10]="тот" → gr[13]="τοὺς" downgraded to u
[luke 15:17] B: ru[7]="у" → gr[7]="τοῦ" downgraded to u
[luke 15:18] B: ru[11]="против" → gr[11]="εἰς" downgraded to u
[luke 15:19] B: ru[1]="уже" → gr[0]="οὐκέτι" downgraded to u
[luke 15:20] B: ru[10]="еще" → gr[7]="ἔτι" downgraded to u
[luke 15:21] B: ru[7]="против" → gr[7]="εἰς" downgraded to u
[luke 15:21] B: ru[13]="уже" → gr[13]="οὐκέτι" downgraded to u
[luke 15:25] B: ru[11]="к" → gr[5]="ὁ" downgraded to u
[luke 15:26] B: ru[3]="из" → gr[3]="τῶν" downgraded to u
[luke 15:26] B: ru[6]="что" → gr[6]="τί" downgraded to u
[luke 15:27] B: ru[0]="Он" → gr[1]="δὲ" downgraded to u
[luke 15:29] B: ru[13]="никогда" → gr[13]="οὐδέποτε" downgraded to u
[luke 15:29] B: ru[20]="никогда" → gr[19]="οὐδέποτε" downgraded to u
[luke 15:30] B: ru[7]="свое" → gr[8]="σου" downgraded to u
[luke 15:31] B: ru[7]="всегда" → gr[6]="πάντοτε" downgraded to u
[luke 16:1] B: ru[10]="и" → gr[10]="ὃς" downgraded to u
[luke 16:2] B: ru[5]="что" → gr[5]="Τί" downgraded to u
[luke 16:2] B: ru[13]="в" → gr[13]="τῆς" downgraded to u
[luke 16:2] B: ru[20]="более" → gr[19]="ἔτι" downgraded to u
[luke 16:3] B: ru[0]="Тогда" → gr[1]="δὲ" downgraded to u
[luke 16:3] B: ru[6]="что" → gr[6]="Τί" downgraded to u
[luke 16:4] B: ru[1]="что" → gr[1]="τί" downgraded to u
[luke 16:4] B: ru[12]="от" → gr[12]="τοὺς" downgraded to u
[luke 16:6] B: ru[0]="Он" → gr[1]="δὲ" downgraded to u
[luke 16:6] B: ru[13]="скорее," → gr[16]="ταχέως" downgraded to u
[luke 16:7] B: ru[0]="Потом" → gr[0]="ἔπειτα" downgraded to u
[luke 16:7] B: ru[7]="Он" → gr[8]="δὲ" downgraded to u
[luke 16:8] B: ru[6]="догадливо" → gr[9]="φρονίμως" downgraded to u
[luke 16:11] B: ru[0]="Итак," → gr[1]="οὖν" downgraded to u
[luke 16:13] B: ru[20]="о" → gr[19]="τοῦ" downgraded to u
[luke 16:15] B: ru[15]="что" → gr[15]="τὰς" downgraded to u
[luke 16:16] B: ru[7]="времени" → gr[8]="τότε" downgraded to u
[luke 16:17] B: ru[6]="нежели" → gr[9]="ἢ" downgraded to u
[luke 16:19] B: ru[10]="каждый" → gr[11]="καθ" downgraded to u
[luke 16:19] B: ru[13]="блистательно." → gr[13]="λαμπρῶς" downgraded to u
[luke 16:20] B: ru[1]="также" → gr[1]="δέ" downgraded to u
[luke 16:22] B: ru[4]="был" → gr[8]="ὑπὸ" downgraded to u
[luke 16:23] B: ru[11]="вдали" → gr[14]="μακρόθεν" downgraded to u
[luke 16:24] B: ru[0]="и," → gr[1]="αὐτὸς" downgraded to u
[luke 16:24] B: ru[25]="в" → gr[27]="τῇ" downgraded to u
[luke 16:25] B: ru[18]="ныне" → gr[19]="νῦν" downgraded to u
[luke 16:26] B: ru[15]="отсюда" → gr[15]="ἔνθεν" downgraded to u
[luke 16:26] B: ru[22]="оттуда" → gr[21]="ἐκεῖθεν" downgraded to u
[luke 16:27] B: ru[0]="Тогда" → gr[1]="δέ" downgraded to u
[luke 16:30] B: ru[3]="нет," → gr[3]="Οὐχί" downgraded to u
[luke 16:31] B: ru[0]="Тогда" → gr[1]="δὲ" downgraded to u
[luke 17:1] B: ru[1]="также" → gr[1]="δὲ" downgraded to u
[luke 17:1] B: ru[2]="Иисус" → gr[2]="πρὸς" downgraded to u
[luke 17:2] B: ru[17]="нежели" → gr[15]="ἢ" downgraded to u
[luke 17:2] B: ru[22]="из" → gr[18]="τῶν" downgraded to u
[luke 17:3] B: ru[7]="тебя" → gr[4]="ὁ" downgraded to u
[luke 17:4] B: ru[3]="раз" → gr[2]="ἑπτάκις" downgraded to u
[luke 17:4] B: ru[7]="против" → gr[6]="εἰς" downgraded to u
[luke 17:4] B: ru[11]="раз" → gr[9]="ἑπτάκις" downgraded to u
[luke 17:7] B: ru[8]="по" → gr[10]="εἰσελθόντι" downgraded to u
[luke 17:7] B: ru[16]="скорее," → gr[16]="Εὐθέως" downgraded to u
[luke 17:8] B: ru[0]="Напротив," → gr[0]="ἀλλ" downgraded to u
[luke 17:8] B: ru[1]="не" → gr[1]="οὐχὶ" downgraded to u
[luke 17:8] B: ru[12]="пока" → gr[11]="ἕως" downgraded to u
[luke 17:10] B: ru[17]="что" → gr[14]="ὃ" downgraded to u
[luke 17:11] A2: +added ru[3]="Он" ↔ gr[8]="αὐτὸς"
[luke 17:11] B: ru[5]="между" → gr[11]="μέσον" downgraded to u
[luke 17:12] B: ru[14]="вдали" → gr[12]="πόρρωθεν" downgraded to u
[luke 17:13] B: ru[0]="и" → gr[1]="αὐτοὶ" downgraded to u
[luke 17:14] B: ru[9]="когда" → gr[10]="ἐγένετο" downgraded to u
[luke 17:17] B: ru[0]="Тогда" → gr[1]="δὲ" downgraded to u
[luke 17:17] B: ru[3]="не" → gr[5]="Οὐχὶ" downgraded to u
[luke 17:17] B: ru[7]="где" → gr[12]="ποῦ" downgraded to u
[luke 17:18] B: ru[7]="кроме" → gr[8]="μὴ" downgraded to u
[luke 17:21] B: ru[5]="здесь," → gr[3]="ὧδε" downgraded to u
[luke 17:21] B: ru[8]="там." → gr[5]="Ἐκεῖ" downgraded to u
[luke 17:21] B: ru[13]="внутрь" → gr[12]="ἐντὸς" downgraded to u
[luke 17:22] B: ru[1]="также" → gr[1]="δὲ" downgraded to u
[luke 17:22] B: ru[10]="из" → gr[10]="τῶν" downgraded to u
[luke 17:23] B: ru[7]="там," → gr[4]="ἐκεῖ" downgraded to u
[luke 17:23] B: ru[4]="здесь," → gr[6]="ὧδε" downgraded to u
[luke 17:24] B: ru[5]="одного" → gr[6]="τῆς" downgraded to u
[luke 17:24] B: ru[6]="края" → gr[7]="ὑπὸ" downgraded to u
[luke 17:24] B: ru[10]="другого" → gr[8]="τὸν" downgraded to u
[luke 17:24] B: ru[11]="края" → gr[12]="ὑπ" downgraded to u
[luke 17:30] B: ru[6]="когда" → gr[1]="τὰ" downgraded to u
[luke 17:31] B: ru[12]="тот" → gr[21]="ὁ" downgraded to u
[luke 17:31] B: ru[22]="также" → gr[24]="ὁμοίως" downgraded to u
[luke 17:31] B: ru[18]="кто" → gr[28]="τὰ" downgraded to u
[luke 17:31] B: ru[25]="назад." → gr[29]="ὀπίσω" downgraded to u
[luke 17:33] A: ru[4]="свою," → ru[7]="ее;" (gr[5]="αὐτοῦ")
[luke 17:33] B: ru[5]="тот" → gr[3]="τὴν" downgraded to u
[luke 17:35] B: ru[6]="а" → gr[6]="ἡ" downgraded to u
[luke 17:37] B: ru[4]="где," → gr[4]="Ποῦ" downgraded to u
[luke 17:37] B: ru[10]="где" → gr[10]="Ὅπου" downgraded to u
[luke 17:37] B: ru[12]="там" → gr[13]="ἐκεῖ" downgraded to u
[luke 17:37] B: ru[14]="и" → gr[15]="οἱ" downgraded to u
[luke 18:1] B: ru[6]="что" → gr[5]="τὸ" downgraded to u
[luke 18:1] B: ru[8]="всегда" → gr[7]="πάντοτε" downgraded to u
[luke 18:1] B: ru[1]="также" → gr[10]="καὶ" downgraded to u
[luke 18:2] B: ru[6]="который" → gr[7]="τὸν" downgraded to u
[luke 18:4] B: ru[2]="долгое" → gr[3]="ἐπὶ" downgraded to u
[luke 18:4] B: ru[12]="хотя" → gr[11]="Εἰ" downgraded to u
[luke 18:5] A2: +added ru[9]="ее," ↔ gr[10]="αὐτήν"
[luke 18:5] B: ru[0]="но," → gr[1]="γε" downgraded to u
[luke 18:6] B: ru[4]="что" → gr[5]="τί" downgraded to u
[luke 18:8] B: ru[12]="ли" → gr[15]="ἆρα" downgraded to u
[luke 18:9] B: ru[1]="также" → gr[2]="καὶ" downgraded to u
[luke 18:9] B: ru[4]="которые" → gr[5]="τοὺς" downgraded to u
[luke 18:11] B: ru[6]="так:" → gr[5]="ταῦτα" downgraded to u
[luke 18:12] B: ru[2]="раза" → gr[1]="δὶς" downgraded to u
[luke 18:12] B: ru[10]="что" → gr[6]="ὅσα" downgraded to u
[luke 18:13] B: ru[3]="вдали," → gr[3]="μακρόθεν" downgraded to u
[luke 18:13] B: ru[14]="в" → gr[12]="τὸν" downgraded to u
[luke 18:17] B: ru[10]="тот" → gr[7]="τὴν" downgraded to u
[luke 18:18] B: ru[8]="что" → gr[8]="τί" downgraded to u
[luke 18:19] B: ru[3]="что" → gr[5]="Τί" downgraded to u
[luke 18:22] B: ru[1]="это," → gr[2]="ὁ" downgraded to u
[luke 18:22] B: ru[5]="еще" → gr[6]="Ἔτι" downgraded to u
[luke 18:22] B: ru[10]="что" → gr[11]="ὅσα" downgraded to u
[luke 18:22] B: ru[23]="приходи," → gr[23]="δεῦρο" downgraded to u
[luke 18:23] B: ru[8]="очень" → gr[9]="σφόδρα" downgraded to u
[luke 18:24] B: ru[1]="видя," → gr[1]="δὲ" downgraded to u
[luke 18:24] B: ru[7]="трудно" → gr[7]="δυσκόλως" downgraded to u
[luke 18:25] B: ru[4]="сквозь" → gr[4]="διὰ" downgraded to u
[luke 18:25] B: ru[7]="нежели" → gr[8]="ἢ" downgraded to u
[luke 18:29] B: ru[0]="Он" → gr[1]="δὲ" downgraded to u
[luke 18:31] B: ru[4]="Своих," → gr[6]="αὐτούς" downgraded to u
[luke 18:31] B: ru[18]="о" → gr[17]="τῶν" downgraded to u
[luke 18:33] B: ru[6]="и" → gr[5]="τῇ" downgraded to u
[luke 18:35] B: ru[0]="Когда" → gr[0]="Ἐγένετο" downgraded to u
[luke 18:36] B: ru[8]="что" → gr[5]="τί" downgraded to u
[luke 18:38] B: ru[0]="Тогда" → gr[0]="καὶ" downgraded to u
[luke 18:39] B: ru[0]="Шедшие" → gr[1]="οἱ" downgraded to u
[luke 18:39] B: ru[8]="громче" → gr[10]="μᾶλλον" downgraded to u
[luke 18:41] B: ru[5]="Он" → gr[5]="δὲ" downgraded to u
[luke 18:43] B: ru[2]="тотчас" → gr[1]="παραχρῆμα" downgraded to u
[luke 19:1] B: ru[0]="Потом" → gr[0]="Καὶ" downgraded to u
[luke 19:3] B: ru[1]="видеть" → gr[3]="τὸν" downgraded to u
[luke 19:4] B: ru[2]="вперед," → gr[4]="ἔμπροσθεν" downgraded to u
[luke 19:5] B: ru[4]="это" → gr[4]="τὸν" downgraded to u
[luke 19:5] B: ru[16]="сегодня" → gr[15]="σήμερον" downgraded to u
[luke 19:9] B: ru[3]="ныне" → gr[7]="Σήμερον" downgraded to u
[luke 19:11] B: ru[10]="близ" → gr[9]="ἐγγὺς" downgraded to u
[luke 19:11] B: ru[16]="скоро" → gr[17]="παραχρῆμα" downgraded to u
[luke 19:12] B: ru[0]="Итак" → gr[1]="οὖν" downgraded to u
[luke 19:13] A2: +added ru[13]="их" ↔ gr[12]="αὐτούς"
[luke 19:15] B: ru[0]="И" → gr[1]="ἐγένετο" downgraded to u
[luke 19:26] B: ru[9]="неимеющего" → gr[10]="μὴ" downgraded to u
[luke 19:26] B: ru[12]="то," → gr[13]="ὃ" downgraded to u
[luke 19:26] B: ru[13]="что" → gr[14]="ἔχει" downgraded to u
[luke 19:27] B: ru[4]="которые" → gr[5]="τοὺς" downgraded to u
[luke 19:27] B: ru[13]="сюда" → gr[13]="ὧδε" downgraded to u
[luke 19:27] B: ru[16]="предо" → gr[17]="ἔμπροσθέν" downgraded to u
[luke 19:28] B: ru[4]="далее," → gr[4]="ἔμπροσθεν" downgraded to u
[luke 19:29] B: ru[0]="И" → gr[1]="ἐγένετο" downgraded to u
[luke 19:30] B: ru[3]="противолежащее" → gr[4]="κατέναντι" downgraded to u
[luke 19:30] B: ru[17]="никогда" → gr[15]="πώποτε" downgraded to u
[luke 19:34] B: ru[0]="Они" → gr[1]="δὲ" downgraded to u
[luke 19:39] B: ru[4]="среды" → gr[4]="ἀπὸ" downgraded to u
[luke 19:41] B: ru[7]="на" → gr[4]="τὴν" downgraded to u
[luke 19:42] B: ru[13]="что" → gr[5]="τῇ" downgraded to u
[luke 19:42] B: ru[21]="ныне" → gr[13]="νῦν" downgraded to u
[luke 19:43] B: ru[17]="отовсюду," → gr[18]="πάντοθεν" downgraded to u
[luke 19:44] B: ru[19]="что" → gr[18]="ὧν" downgraded to u
[luke 19:47] B: ru[0]="И" → gr[1]="ἦν" downgraded to u
[luke 19:47] B: ru[2]="каждый" → gr[4]="καθ" downgraded to u
[luke 19:48] B: ru[7]="Ним;" → gr[3]="τὸ" downgraded to u
[luke 19:48] B: ru[9]="что" → gr[4]="τί" downgraded to u
[luke 20:1] B: ru[2]="из" → gr[4]="τῶν" downgraded to u
[luke 20:6] B: ru[6]="весь" → gr[5]="ὁ" downgraded to u
[luke 20:7] B: ru[4]="откуда." → gr[4]="πόθεν" downgraded to u
[luke 20:10] B: ru[13]="из" → gr[11]="τοῦ" downgraded to u
[luke 20:12] B: ru[3]="третьего;" → gr[2]="τρίτον" downgraded to u
[luke 20:13] B: ru[0]="Тогда" → gr[1]="δὲ" downgraded to u
[luke 20:13] B: ru[4]="что" → gr[6]="Τί" downgraded to u
[luke 20:13] B: ru[11]="может" → gr[14]="ἴσως" downgraded to u
[luke 20:15] B: ru[7]="Что" → gr[7]="τί" downgraded to u
[luke 20:17] B: ru[6]="что" → gr[5]="Τί" downgraded to u
[luke 20:18] B: ru[1]="кто" → gr[1]="ὁ" downgraded to u
[luke 20:19] B: ru[20]="них" → gr[26]="τὴν" downgraded to u
[luke 20:20] B: ru[16]="чтобы" → gr[15]="τῇ" downgraded to u
[luke 20:21] B: ru[9]="правдиво" → gr[7]="ὀρθῶς" downgraded to u
[luke 20:22] B: ru[7]="нет?" → gr[6]="οὔ" downgraded to u
[luke 20:25] B: ru[0]="Он" → gr[1]="δὲ" downgraded to u
[luke 20:25] B: ru[3]="итак," → gr[5]="Τοίνυν" downgraded to u
[luke 20:26] B: ru[7]="перед" → gr[6]="ἐναντίον" downgraded to u
[luke 20:27] B: ru[0]="Тогда" → gr[1]="δέ" downgraded to u
[luke 20:27] B: ru[3]="из" → gr[3]="τῶν" downgraded to u
[luke 20:28] B: ru[12]="и" → gr[12]="οὗτος" downgraded to u
[luke 20:30] B: ru[0]="взял" → gr[1]="ὁ" downgraded to u
[luke 20:31] A2: +added ru[1]="ее" ↔ gr[4]="αὐτήν"
[luke 20:31] B: ru[3]="также" → gr[5]="ὡσαύτως" downgraded to u
[luke 20:33] A2: +added ru[12]="ее" ↔ gr[14]="αὐτὴν"
[luke 20:33] B: ru[0]="итак," → gr[2]="οὖν" downgraded to u
[luke 20:39] B: ru[3]="из" → gr[3]="τῶν" downgraded to u
[luke 20:39] B: ru[8]="хорошо" → gr[7]="καλῶς" downgraded to u
[luke 20:41] B: ru[2]="что" → gr[6]="τὸν" downgraded to u
[luke 20:43] B: ru[0]="доколе" → gr[0]="ἕως" downgraded to u
[luke 20:44] B: ru[0]="Итак," → gr[1]="οὖν" downgraded to u
[luke 20:46] B: ru[2]="которые" → gr[4]="τῶν" downgraded to u
[luke 21:1] B: ru[3]="увидел" → gr[3]="τοὺς" downgraded to u
[luke 21:2] B: ru[1]="также" → gr[1]="δέ" downgraded to u
[luke 21:2] B: ru[2]="и" → gr[2]="τινα" downgraded to u
[luke 21:2] B: ru[6]="туда" → gr[6]="ἐκεῖ" downgraded to u
[luke 21:3] B: ru[2]="истинно" → gr[2]="Ἀληθῶς" downgraded to u
[luke 21:6] B: ru[6]="что" → gr[6]="αἷς" downgraded to u
[luke 21:6] B: ru[15]="все" → gr[13]="οὐ" downgraded to u
[luke 21:8] B: ru[0]="Он" → gr[1]="δὲ" downgraded to u
[luke 21:8] B: ru[20]="это" → gr[17]="Ὁ" downgraded to u
[luke 21:8] B: ru[25]="вслед" → gr[22]="ὀπίσω" downgraded to u
[luke 21:9] B: ru[16]="тотчас" → gr[15]="εὐθέως" downgraded to u
[luke 21:10] B: ru[0]="Тогда" → gr[0]="τότε" downgraded to u
[luke 21:12] B: ru[0]="Прежде" → gr[0]="Πρὸ" downgraded to u
[luke 21:14] B: ru[0]="Итак" → gr[1]="οὖν" downgraded to u
[luke 21:14] B: ru[3]="на" → gr[3]="ταῖς" downgraded to u
[luke 21:16] B: ru[1]="также" → gr[1]="δὲ" downgraded to u
[luke 21:20] B: ru[6]="тогда" → gr[7]="τότε" downgraded to u
[luke 21:20] B: ru[2]="увидите" → gr[11]="ἡ" downgraded to u
[luke 21:21] B: ru[0]="тогда" → gr[0]="τότε" downgraded to u
[luke 21:21] B: ru[1]="находящиеся" → gr[1]="οἱ" downgraded to u
[luke 21:21] B: ru[9]="кто" → gr[10]="οἱ" downgraded to u
[luke 21:21] B: ru[13]="из" → gr[14]="ἐκχωρείτωσαν" downgraded to u
[luke 21:21] B: ru[16]="кто" → gr[16]="οἱ" downgraded to u
[luke 21:23] B: ru[17]="на" → gr[21]="τῷ" downgraded to u
[luke 21:24] B: ru[17]="доколе" → gr[16]="ἄχρι" downgraded to u
[luke 21:27] B: ru[1]="тогда" → gr[1]="τότε" downgraded to u
[luke 21:27] B: ru[2]="увидят" → gr[3]="τὸν" downgraded to u
[luke 21:29] B: ru[4]="посмотрите" → gr[5]="τὴν" downgraded to u
[luke 21:30] B: ru[2]="уже" → gr[2]="ἤδη" downgraded to u
[luke 21:30] B: ru[10]="уже" → gr[8]="ἤδη" downgraded to u
[luke 21:30] B: ru[11]="близко" → gr[9]="ἐγγὺς" downgraded to u
[luke 21:31] B: ru[5]="то" → gr[5]="ταῦτα" downgraded to u
[luke 21:31] B: ru[9]="близко" → gr[9]="ἐγγύς" downgraded to u
[luke 21:34] B: ru[16]="чтобы" → gr[20]="ἡ" downgraded to u
[luke 22:4] B: ru[7]="и" → gr[7]="τὸ" downgraded to u
[luke 22:6] B: ru[7]="чтобы" → gr[5]="τοῦ" downgraded to u
[luke 22:9] B: ru[4]="где" → gr[4]="Ποῦ" downgraded to u
[luke 22:10] B: ru[0]="Он" → gr[1]="δὲ" downgraded to u
[luke 22:11] B: ru[7]="где" → gr[10]="Ποῦ" downgraded to u
[luke 22:11] B: ru[10]="которой" → gr[14]="ὅπου" downgraded to u
[luke 22:12] B: ru[7]="там" → gr[6]="ἐκεῖ" downgraded to u
[luke 22:15] B: ru[11]="прежде" → gr[12]="πρὸ" downgraded to u
[luke 22:18] B: ru[10]="доколе" → gr[14]="ἕως" downgraded to u
[luke 22:19] B: ru[14]="которое" → gr[14]="τὸ" downgraded to u
[luke 22:20] B: ru[0]="Также" → gr[3]="ὡσαύτως" downgraded to u
[luke 22:20] B: ru[3]="после" → gr[4]="μετὰ" downgraded to u
[luke 22:20] B: ru[8]="есть" → gr[11]="ἡ" downgraded to u
[luke 22:22] B: ru[0]="впрочем," → gr[3]="μὲν" downgraded to u
[luke 22:23] B: ru[4]="друг" → gr[4]="πρὸς" downgraded to u
[luke 22:26] B: ru[5]="кто" → gr[5]="ὁ" downgraded to u
[luke 22:31] B: ru[1]="сказал" → gr[3]="ὁ" downgraded to u
[luke 22:31] B: ru[8]="чтобы" → gr[7]="τοῦ" downgraded to u
[luke 22:32] B: ru[12]="некогда," → gr[13]="ποτε" downgraded to u
[luke 22:33] B: ru[0]="Он" → gr[1]="δὲ" downgraded to u
[luke 22:34] B: ru[9]="сегодня," → gr[8]="σήμερον" downgraded to u
[luke 22:34] B: ru[12]="трижды" → gr[11]="τρίς" downgraded to u
[luke 22:35] B: ru[21]="Они" → gr[16]="δὲ" downgraded to u
[luke 22:36] B: ru[5]="теперь," → gr[4]="νῦν" downgraded to u
[luke 22:36] B: ru[6]="кто" → gr[5]="ὁ" downgraded to u
[luke 22:36] B: ru[12]="также" → gr[9]="ὁμοίως" downgraded to u
[luke 22:36] B: ru[9]="тот" → gr[13]="ὁ" downgraded to u
[luke 22:36] B: ru[18]="нет," → gr[14]="μὴ" downgraded to u
[luke 22:36] B: ru[16]="у" → gr[15]="ἔχων" downgraded to u
[luke 22:36] B: ru[17]="кого" → gr[17]="τὸ" downgraded to u
[luke 22:38] B: ru[0]="Они" → gr[1]="δὲ" downgraded to u
[luke 22:38] B: ru[4]="здесь" → gr[6]="ὧδε" downgraded to u
[luke 22:38] B: ru[7]="Он" → gr[9]="δὲ" downgraded to u
[luke 22:42] B: ru[10]="мимо" → gr[8]="ἀπ" downgraded to u
[luke 22:42] B: ru[12]="впрочем" → gr[10]="πλὴν" downgraded to u
[luke 22:45] A2: +added ru[9]="их" ↔ gr[11]="αὐτοὺς"
[luke 22:46] B: ru[3]="что" → gr[3]="Τί" downgraded to u
[luke 22:47] B: ru[2]="еще" → gr[0]="Ἔτι" downgraded to u
[luke 22:47] B: ru[12]="из" → gr[10]="τῶν" downgraded to u
[luke 22:47] B: ru[33]="Тот" → gr[6]="ὁ" downgraded to u
[luke 22:49] B: ru[15]="нам" → gr[11]="ἐν" downgraded to u
[luke 22:51] B: ru[0]="Тогда" → gr[1]="δὲ" downgraded to u
[luke 22:52] B: ru[8]="против" → gr[6]="ἐπ" downgraded to u
[luke 22:53] B: ru[0]="Каждый" → gr[0]="καθ" downgraded to u
[luke 22:53] B: ru[19]="и" → gr[22]="ἡ" downgraded to u
[luke 22:54] B: ru[6]="дом" → gr[9]="τοῦ" downgraded to u
[luke 22:54] B: ru[11]="издали." → gr[15]="μακρόθεν" downgraded to u
[luke 22:55] A2: +added ru[13]="ними." ↔ gr[13]="αὐτῶν"
[luke 22:55] B: ru[12]="между" → gr[12]="μέσος" downgraded to u
[luke 22:56] B: ru[2]="увидев" → gr[1]="δὲ" downgraded to u
[luke 22:58] B: ru[1]="потом" → gr[1]="μετὰ" downgraded to u
[luke 22:58] B: ru[15]="нет!" → gr[17]="οὐ" downgraded to u
[luke 22:60] B: ru[7]="что" → gr[7]="ὃ" downgraded to u
[luke 22:60] B: ru[11]="тотчас," → gr[10]="παραχρῆμα" downgraded to u
[luke 22:60] B: ru[13]="еще" → gr[11]="ἔτι" downgraded to u
[luke 22:61] B: ru[0]="Тогда" → gr[0]="καὶ" downgraded to u
[luke 22:61] B: ru[14]="ему:" → gr[18]="ὅτι" downgraded to u
[luke 22:61] B: ru[16]="нежели" → gr[19]="Πρὶν" downgraded to u
[luke 22:61] B: ru[22]="трижды." → gr[25]="τρίς" downgraded to u
[luke 22:62] B: ru[2]="вон," → gr[2]="ἔξω" downgraded to u
[luke 22:62] B: ru[3]="горько" → gr[4]="πικρῶς" downgraded to u
[luke 22:64] B: ru[4]="Его" → gr[8]="ὁ" downgraded to u
[luke 22:65] B: ru[5]="против" → gr[5]="εἰς" downgraded to u
[luke 22:67] B: ru[3]="ли" → gr[3]="εἶ" downgraded to u
[luke 22:69] B: ru[0]="отныне" → gr[2]="νῦν" downgraded to u
[luke 22:70] B: ru[3]="итак," → gr[4]="οὖν" downgraded to u
[luke 22:70] B: ru[7]="Он" → gr[11]="δὲ" downgraded to u
[luke 22:71] B: ru[4]="еще" → gr[4]="ἔτι" downgraded to u
[luke 23:3] B: ru[6]="Он" → gr[1]="δὲ" downgraded to u
[luke 23:5] B: ru[17]="места." → gr[19]="ὧδε" downgraded to u
[luke 23:6] B: ru[5]="разве" → gr[4]="εἰ" downgraded to u
[luke 23:7] B: ru[16]="также" → gr[13]="καὶ" downgraded to u
[luke 23:8] B: ru[1]="увидев" → gr[0]="ὁ" downgraded to u
[luke 23:8] B: ru[3]="очень" → gr[7]="λίαν" downgraded to u
[luke 23:10] B: ru[6]="усильно" → gr[7]="εὐτόνως" downgraded to u
[luke 23:14] B: ru[18]="не" → gr[18]="οὐθὲν" downgraded to u
[luke 23:15] B: ru[2]="также," → gr[1]="οὐδὲ" downgraded to u
[luke 23:16] B: ru[0]="итак," → gr[1]="οὖν" downgraded to u
[luke 23:18] B: ru[2]="народ" → gr[2]="παμπληθεὶ" downgraded to u
[luke 23:20] B: ru[1]="снова" → gr[0]="πάλιν" downgraded to u
[luke 23:22] B: ru[0]="Он" → gr[1]="δὲ" downgraded to u
[luke 23:22] B: ru[19]="итак," → gr[18]="οὖν" downgraded to u
[luke 23:28] B: ru[10]="обо" → gr[11]="ἐπ" downgraded to u
[luke 23:29] B: ru[10]="неродившие," → gr[14]="οὐ" downgraded to u
[luke 23:29] B: ru[13]="непитавшие!" → gr[19]="οὐ" downgraded to u
[luke 23:30] B: ru[0]="тогда" → gr[0]="τότε" downgraded to u
[luke 23:31] B: ru[10]="что" → gr[11]="τί" downgraded to u
[luke 23:33] B: ru[7]="там" → gr[9]="ἐκεῖ" downgraded to u
[luke 23:33] B: ru[12]="одного" → gr[16]="μὲν" downgraded to u
[luke 23:34] B: ru[9]="что" → gr[10]="τί" downgraded to u
[luke 23:35] B: ru[10]="и" → gr[8]="οἱ" downgraded to u
[luke 23:36] B: ru[0]="Также" → gr[1]="δὲ" downgraded to u
[luke 23:39] B: ru[1]="из" → gr[2]="τῶν" downgraded to u
[luke 23:40] B: ru[18]="же?" → gr[15]="αὐτῷ" downgraded to u
[luke 23:41] B: ru[3]="справедливо," → gr[3]="δικαίως" downgraded to u
[luke 23:41] B: ru[7]="по" → gr[6]="ὧν" downgraded to u
[luke 23:42] B: ru[8]="в" → gr[8]="τῇ" downgraded to u
[luke 23:43] B: ru[7]="ныне" → gr[6]="σήμερον" downgraded to u
[luke 23:44] B: ru[2]="около" → gr[3]="ὡσεὶ" downgraded to u
[luke 23:45] B: ru[1]="померкло" → gr[0]="τοῦ" downgraded to u
[luke 23:45] B: ru[3]="и" → gr[5]="τὸ" downgraded to u
[luke 23:47] B: ru[2]="видев" → gr[2]="ὁ" downgraded to u
[luke 23:47] B: ru[8]="истинно" → gr[10]="Ὄντως" downgraded to u
[luke 23:48] B: ru[11]="себя" → gr[13]="τὰ" downgraded to u
[luke 23:49] B: ru[12]="вдали" → gr[6]="μακρόθεν" downgraded to u
[luke 23:51] B: ru[13]="также" → gr[17]="τὴν" downgraded to u
[luke 23:52] B: ru[1]="к" → gr[2]="τῷ" downgraded to u
[luke 23:53] B: ru[13]="где" → gr[11]="οὗ" downgraded to u
[luke 23:55] B: ru[1]="также" → gr[1]="δὲ" downgraded to u
[luke 24:1] B: ru[3]="день" → gr[0]="τῇ" downgraded to u
[luke 24:4] B: ru[0]="Когда" → gr[1]="ἐγένετο" downgraded to u
[luke 24:5] B: ru[9]="свои" → gr[13]="αὐτάς" downgraded to u
[luke 24:5] B: ru[14]="что" → gr[14]="Τί" downgraded to u
[luke 24:6] B: ru[1]="нет" → gr[0]="οὐ" downgraded to u
[luke 24:6] B: ru[2]="здесь:" → gr[2]="ὧδε" downgraded to u
[luke 24:6] B: ru[12]="еще" → gr[9]="ἔτι" downgraded to u
[luke 24:8] B: ru[2]="они" → gr[2]="τῶν" downgraded to u
[luke 24:12] B: ru[9]="только" → gr[13]="μόνα" downgraded to u
[luke 24:14] B: ru[0]="и" → gr[1]="αὐτοὶ" downgraded to u
[luke 24:15] B: ru[0]="И" → gr[1]="ἐγένετο" downgraded to u
[luke 24:18] B: ru[18]="о" → gr[15]="τὰ" downgraded to u
[luke 24:18] B: ru[22]="в" → gr[20]="ταῖς" downgraded to u
[luke 24:19] B: ru[5]="Они" → gr[5]="δὲ" downgraded to u
[luke 24:19] B: ru[8]="что" → gr[8]="Τὰ" downgraded to u
[luke 24:21] B: ru[7]="Тот," → gr[6]="ὁ" downgraded to u
[luke 24:21] B: ru[8]="Который" → gr[9]="τὸν" downgraded to u
[luke 24:21] B: ru[20]="как" → gr[22]="οὗ" downgraded to u
[luke 24:25] B: ru[0]="Тогда" → gr[0]="καὶ" downgraded to u
[luke 24:25] B: ru[4]="о," → gr[5]="Ὦ" downgraded to u
[luke 24:25] B: ru[9]="чтобы" → gr[11]="τοῦ" downgraded to u
[luke 24:25] B: ru[12]="что" → gr[15]="οἷς" downgraded to u
[luke 24:26] B: ru[0]="Не" → gr[0]="οὐχὶ" downgraded to u
[luke 24:26] B: ru[1]="так" → gr[1]="ταῦτα" downgraded to u
[luke 24:27] B: ru[9]="сказанное" → gr[13]="ταῖς" downgraded to u
[luke 24:28] B: ru[4]="тому" → gr[3]="τὴν" downgraded to u
[luke 24:28] B: ru[7]="которое" → gr[5]="οὗ" downgraded to u
[luke 24:30] B: ru[0]="И" → gr[1]="ἐγένετο" downgraded to u
[luke 24:31] B: ru[0]="Тогда" → gr[1]="δὲ" downgraded to u
[luke 24:32] B: ru[3]="друг" → gr[2]="πρὸς" downgraded to u
[luke 24:32] B: ru[5]="не" → gr[4]="Οὐχὶ" downgraded to u
[luke 24:33] B: ru[15]="бывших" → gr[14]="τοὺς" downgraded to u
[luke 24:34] B: ru[4]="истинно" → gr[2]="ὄντως" downgraded to u
[luke 24:35] B: ru[4]="происшедшем" → gr[3]="τὰ" downgraded to u
[luke 24:38] B: ru[4]="что" → gr[3]="Τί" downgraded to u
[luke 24:39] B: ru[0]="Посмотрите" → gr[1]="τὰς" downgraded to u
[luke 24:39] B: ru[24]="у" → gr[26]="ἔχοντα" downgraded to u
[luke 24:41] B: ru[5]="еще" → gr[0]="ἔτι" downgraded to u
[luke 24:41] B: ru[17]="здесь" → gr[14]="ἐνθάδε" downgraded to u
[luke 24:42] B: ru[0]="Они" → gr[1]="δὲ" downgraded to u
[luke 24:44] B: ru[3]="вот" → gr[4]="Οὗτοι" downgraded to u
[luke 24:44] B: ru[4]="то," → gr[6]="λόγοι" downgraded to u
[luke 24:44] B: ru[10]="еще" → gr[12]="ἔτι" downgraded to u
[luke 24:45] B: ru[0]="Тогда" → gr[0]="τότε" downgraded to u
[luke 24:48] B: ru[1]="же" → gr[1]="ἐστε" downgraded to u
[luke 24:49] B: ru[2]="пошлю" → gr[4]="τὴν" downgraded to u
[luke 24:49] B: ru[14]="доколе" → gr[17]="ἕως" downgraded to u
[luke 24:50] A2: +added ru[13]="их." ↔ gr[12]="αὐτούς"
[luke 24:50] B: ru[11]="Свои," → gr[2]="αὐτοὺς" downgraded to u
[luke 24:51] A2: +added ru[7]="них" ↔ gr[6]="αὐτοὺς"
[luke 24:51] B: ru[0]="И," → gr[1]="ἐγένετο" downgraded to u
[mark 1:7] B: ru[11]="недостоин," → gr[10]="οὐ" downgraded to u
[mark 1:10] B: ru[3]="из" → gr[4]="τοῦ" downgraded to u
[mark 1:14] B: ru[0]="После" → gr[1]="μετὰ" downgraded to u
[mark 1:14] B: ru[2]="того," → gr[2]="τὸ" downgraded to u
[mark 1:14] B: ru[5]="был" → gr[4]="τὸν" downgraded to u
[mark 1:16] B: ru[2]="близ" → gr[2]="παρὰ" downgraded to u
[mark 1:17] B: ru[4]="идите" → gr[5]="Δεῦτε" downgraded to u
[mark 1:18] A: ru[4]="свои" → ru[8]="Ним." (gr[6]="αὐτῷ")
[mark 1:19] B: ru[12]="также" → gr[13]="καὶ" downgraded to u
[mark 1:20] A: ru[8]="своего" → ru[16]="Ним." (gr[18]="αὐτοῦ")
[mark 1:21] B: ru[5]="вскоре" → gr[6]="τοῖς" downgraded to u
[mark 1:22] A2: +added ru[7]="их," ↔ gr[9]="αὐτοὺς"
[mark 1:23] B: ru[5]="одержимый" → gr[8]="ἐν" downgraded to u
[mark 1:24] B: ru[1]="что" → gr[1]="Τί" downgraded to u
[mark 1:26] B: ru[0]="Тогда" → gr[0]="καὶ" downgraded to u
[mark 1:27] B: ru[8]="что" → gr[9]="ἐστιν" downgraded to u
[mark 1:27] B: ru[11]="это" → gr[16]="τοῖς" downgraded to u
[mark 1:32] B: ru[11]="больных" → gr[12]="κακῶς" downgraded to u
[mark 1:34] B: ru[4]="страдавших" → gr[3]="κακῶς" downgraded to u
[mark 1:35] B: ru[1]="утром," → gr[1]="πρωῒ" downgraded to u
[mark 1:35] B: ru[3]="весьма" → gr[3]="λίαν" downgraded to u
[mark 1:35] B: ru[12]="там" → gr[11]="κἀκεῖ" downgraded to u
[mark 1:36] B: ru[2]="бывшие" → gr[6]="μετ" downgraded to u
[mark 1:39] B: ru[3]="в" → gr[4]="τὰς" downgraded to u
[mark 1:40] B: ru[14]="Ему:" → gr[11]="ὅτι" downgraded to u
[mark 1:44] B: ru[17]="что" → gr[19]="ἃ" downgraded to u
[mark 1:45] B: ru[14]="уже" → gr[11]="μηκέτι" downgraded to u
[mark 1:45] B: ru[15]="явно" → gr[14]="φανερῶς" downgraded to u
[mark 1:45] B: ru[21]="вне," → gr[19]="ἔξω" downgraded to u
[mark 2:1] B: ru[3]="опять" → gr[2]="πάλιν" downgraded to u
[mark 2:4] B: ru[12]="где" → gr[11]="ὅπου" downgraded to u
[mark 2:4] B: ru[21]="которой" → gr[19]="ὁ" downgraded to u
[mark 2:5] B: ru[1]="видя" → gr[2]="ὁ" downgraded to u
[mark 2:5] B: ru[8]="тебе" → gr[8]="τῷ" downgraded to u
[mark 2:6] B: ru[0]="Тут" → gr[5]="ἐκεῖ" downgraded to u
[mark 2:7] B: ru[0]="что" → gr[0]="Τί" downgraded to u
[mark 2:8] B: ru[15]="так" → gr[16]="ταῦτα" downgraded to u
[mark 2:9] B: ru[0]="Что" → gr[1]="ἐστιν" downgraded to u
[mark 2:9] B: ru[3]="ли" → gr[4]="τῷ" downgraded to u
[mark 2:9] B: ru[12]="свою" → gr[7]="σου" downgraded to u
[mark 2:9] B: ru[6]="тебе" → gr[8]="αἱ" downgraded to u
[mark 2:12] B: ru[17]="никогда" → gr[20]="οὐδέποτε" downgraded to u
[mark 2:13] A2: +added ru[15]="их." ↔ gr[15]="αὐτούς"
[mark 2:13] B: ru[3]="опять" → gr[2]="πάλιν" downgraded to u
[mark 2:14] B: ru[3]="Левия" → gr[4]="τὸν" downgraded to u
[mark 2:15] B: ru[1]="когда" → gr[1]="γίνεται" downgraded to u
[mark 2:15] B: ru[4]="в" → gr[14]="τῷ" downgraded to u
[mark 2:15] B: ru[8]="с" → gr[17]="τοῖς" downgraded to u
[mark 2:16] B: ru[15]="это" → gr[17]="Ὅτι" downgraded to u
[mark 2:17] B: ru[12]="больные;" → gr[15]="κακῶς" downgraded to u
[mark 2:18] B: ru[10]="почему" → gr[16]="οἱ" downgraded to u
[mark 2:19] B: ru[10]="когда" → gr[12]="ᾧ" downgraded to u
[mark 2:20] B: ru[9]="тогда" → gr[10]="τότε" downgraded to u
[mark 2:21] B: ru[14]="от" → gr[18]="τοῦ" downgraded to u
[mark 2:24] B: ru[5]="что" → gr[6]="τί" downgraded to u
[mark 2:24] B: ru[8]="в" → gr[8]="τοῖς" downgraded to u
[mark 2:25] B: ru[7]="никогда," → gr[3]="Οὐδέποτε" downgraded to u
[mark 2:25] B: ru[8]="что" → gr[5]="τί" downgraded to u
[mark 2:25] B: ru[18]="бывшие" → gr[15]="οἱ" downgraded to u
[mark 2:26] B: ru[19]="кроме" → gr[27]="τοῖς" downgraded to u
[mark 2:28] B: ru[0]="посему" → gr[0]="ὥστε" downgraded to u
[mark 3:1] B: ru[2]="опять" → gr[2]="πάλιν" downgraded to u
[mark 3:1] B: ru[5]="там" → gr[7]="ἐκεῖ" downgraded to u
[mark 3:2] B: ru[8]="в" → gr[4]="τοῖς" downgraded to u
[mark 3:3] B: ru[5]="иссохшую" → gr[4]="τῷ" downgraded to u
[mark 3:4] B: ru[5]="в" → gr[4]="τοῖς" downgraded to u
[mark 3:5] B: ru[7]="об" → gr[7]="τῇ" downgraded to u
[mark 3:5] B: ru[12]="тому" → gr[13]="τῷ" downgraded to u
[mark 3:6] B: ru[7]="против" → gr[10]="κατ" downgraded to u
[mark 3:7] A: ru[4]="Своими" → ru[10]="Ним" (gr[6]="αὐτοῦ")
[mark 3:8] B: ru[3]="из-за" → gr[8]="πέραν" downgraded to u
[mark 3:8] B: ru[8]="окрестностях" → gr[12]="περὶ" downgraded to u
[mark 3:8] B: ru[13]="что" → gr[19]="ὅσα" downgraded to u
[mark 3:9] B: ru[11]="причине" → gr[9]="διὰ" downgraded to u
[mark 3:11] B: ru[7]="пред" → gr[8]="προσέπιπτον" downgraded to u
[mark 3:13] B: ru[0]="Потом" → gr[0]="Καὶ" downgraded to u
[mark 3:15] B: ru[6]="от" → gr[4]="τὰ" downgraded to u
[mark 3:16] B: ru[0]="поставил" → gr[2]="τοὺς" downgraded to u
[mark 3:17] B: ru[10]="то" → gr[16]="ὅ" downgraded to u
[mark 3:20] B: ru[4]="опять" → gr[6]="πάλιν" downgraded to u
[mark 3:20] B: ru[10]="невозможно" → gr[10]="μὴ" downgraded to u
[mark 3:21] B: ru[2]="ближние" → gr[3]="παρ" downgraded to u
[mark 3:22] B: ru[16]="силою" → gr[14]="τῷ" downgraded to u
[mark 3:24] B: ru[10]="то;" → gr[11]="ἐκείνη" downgraded to u
[mark 3:27] B: ru[16]="тогда" → gr[20]="τότε" downgraded to u
[mark 3:31] B: ru[8]="вне" → gr[10]="ἔξω" downgraded to u
[mark 3:32] B: ru[0]="Около" → gr[2]="περὶ" downgraded to u
[mark 3:32] B: ru[16]="вне" → gr[16]="ἔξω" downgraded to u
[mark 3:34] B: ru[3]="вокруг" → gr[3]="περὶ" downgraded to u
[mark 3:34] B: ru[6]="вот" → gr[8]="Ἴδε" downgraded to u
[mark 4:1] B: ru[1]="опять" → gr[1]="πάλιν" downgraded to u
[mark 4:4] B: ru[14]="то." → gr[17]="αὐτό" downgraded to u
[mark 4:5] B: ru[5]="где" → gr[6]="ὅπου" downgraded to u
[mark 4:5] B: ru[6]="немного" → gr[7]="οὐ" downgraded to u
[mark 4:5] B: ru[16]="неглубока;" → gr[16]="μὴ" downgraded to u
[mark 4:10] B: ru[5]="окружающие" → gr[8]="περὶ" downgraded to u
[mark 4:11] B: ru[5]="знать" → gr[4]="τὸ" downgraded to u
[mark 4:11] B: ru[11]="внешним" → gr[14]="ἔξω" downgraded to u
[mark 4:15] A2: +added ru[23]="их." ↔ gr[25]="αὐτούς"
[mark 4:15] B: ru[0]="Посеянное" → gr[3]="οἱ" downgraded to u
[mark 4:15] B: ru[6]="которых" → gr[7]="ὅπου" downgraded to u
[mark 4:15] B: ru[21]="в" → gr[22]="τὸν" downgraded to u
[mark 4:16] B: ru[1]="образом" → gr[3]="ὁμοίως" downgraded to u
[mark 4:17] B: ru[8]="потом," → gr[9]="εἶτα" downgraded to u
[mark 4:19] B: ru[2]="которых" → gr[1]="αἱ" downgraded to u
[mark 4:21] B: ru[5]="ли" → gr[3]="Μήτι" downgraded to u
[mark 4:22] B: ru[0]="Нет" → gr[0]="οὐ" downgraded to u
[mark 4:24] B: ru[4]="что" → gr[4]="τί" downgraded to u
[mark 4:25] B: ru[15]="что" → gr[10]="ὃ" downgraded to u
[mark 4:26] B: ru[4]="подобно" → gr[2]="Οὕτως" downgraded to u
[mark 4:28] B: ru[0]="ибо" → gr[1]="ἡ" downgraded to u
[mark 4:28] B: ru[7]="потом" → gr[6]="εἶτα" downgraded to u
[mark 4:28] B: ru[9]="потом" → gr[8]="εἶτα" downgraded to u
[mark 4:33] B: ru[7]="сколько" → gr[8]="καθὼς" downgraded to u
[mark 4:35] B: ru[7]="ту" → gr[11]="τὸ" downgraded to u
[mark 4:35] B: ru[8]="сторону." → gr[12]="πέραν" downgraded to u
[mark 4:37] B: ru[11]="уже" → gr[13]="ἤδη" downgraded to u
[mark 4:38] B: ru[0]="А" → gr[2]="ἦν" downgraded to u
[mark 4:38] B: ru[5]="на" → gr[7]="τὸ" downgraded to u
[mark 4:38] B: ru[16]="нет," → gr[17]="οὐ" downgraded to u
[mark 4:40] B: ru[3]="что" → gr[3]="Τί" downgraded to u
[mark 4:40] B: ru[5]="так" → gr[5]="ἐστε" downgraded to u
[mark 5:1] B: ru[4]="берег" → gr[4]="πέραν" downgraded to u
[mark 5:2] B: ru[13]="одержимый" → gr[13]="ἐν" downgraded to u
[mark 5:4] B: ru[2]="многократно" → gr[3]="πολλάκις" downgraded to u
[mark 5:6] B: ru[1]="же" → gr[2]="τὸν" downgraded to u
[mark 5:6] B: ru[3]="издалека," → gr[5]="μακρόθεν" downgraded to u
[mark 5:7] B: ru[5]="что" → gr[5]="Τί" downgraded to u
[mark 5:8] B: ru[8]="сего" → gr[6]="τὸ" downgraded to u
[mark 5:9] B: ru[3]="как" → gr[3]="Τί" downgraded to u
[mark 5:10] B: ru[11]="той." → gr[9]="τῆς" downgraded to u
[mark 5:11] B: ru[2]="там" → gr[2]="ἐκεῖ" downgraded to u
[mark 5:12] A2: +added ru[14]="них." ↔ gr[11]="αὐτοὺς"
[mark 5:12] B: ru[3]="все" → gr[7]="τοὺς" downgraded to u
[mark 5:13] B: ru[0]="Иисус" → gr[5]="τὰ" downgraded to u
[mark 5:13] B: ru[21]="около" → gr[23]="ὡς" downgraded to u
[mark 5:14] B: ru[1]="же" → gr[1]="οἱ" downgraded to u
[mark 5:14] B: ru[15]="что" → gr[18]="ἐστιν" downgraded to u
[mark 5:15] B: ru[5]="что" → gr[7]="τὸν" downgraded to u
[mark 5:15] B: ru[9]="был" → gr[13]="τὸν" downgraded to u
[mark 5:16] B: ru[11]="о" → gr[7]="τῷ" downgraded to u
[mark 5:18] B: ru[10]="быть" → gr[8]="ὁ" downgraded to u
[mark 5:19] B: ru[10]="своим" → gr[14]="σούς" downgraded to u
[mark 5:19] B: ru[14]="что" → gr[18]="ὅσα" downgraded to u
[mark 5:20] B: ru[7]="что" → gr[8]="ὅσα" downgraded to u
[mark 5:21] B: ru[2]="опять" → gr[7]="πάλιν" downgraded to u
[mark 5:21] B: ru[8]="берег," → gr[10]="πέραν" downgraded to u
[mark 5:23] B: ru[8]="смерти;" → gr[9]="ἐσχάτως" downgraded to u
[mark 5:23] B: ru[7]="при" → gr[10]="ἔχει" downgraded to u
[mark 5:26] A2: +added ru[10]="ней," ↔ gr[10]="αὐτῆς"
[mark 5:26] B: ru[7]="что" → gr[8]="τὰ" downgraded to u
[mark 5:26] B: ru[18]="еще" → gr[16]="μᾶλλον" downgraded to u
[mark 5:27] B: ru[4]="сзади" → gr[8]="ὄπισθεν" downgraded to u
[mark 5:28] B: ru[3]="хотя" → gr[5]="κἂν" downgraded to u
[mark 5:30] B: ru[3]="время" → gr[2]="ὁ" downgraded to u
[mark 5:30] B: ru[9]="что" → gr[7]="τὴν" downgraded to u
[mark 5:30] B: ru[15]="в" → gr[14]="τῷ" downgraded to u
[mark 5:31] B: ru[5]="что" → gr[3]="οἱ" downgraded to u
[mark 5:32] B: ru[7]="которая" → gr[3]="τὴν" downgraded to u
[mark 5:33] B: ru[6]="что" → gr[7]="ὃ" downgraded to u
[mark 5:35] B: ru[2]="еще" → gr[0]="Ἔτι" downgraded to u
[mark 5:35] B: ru[14]="что" → gr[13]="τί" downgraded to u
[mark 5:35] B: ru[15]="еще" → gr[14]="ἔτι" downgraded to u
[mark 5:36] B: ru[3]="сии" → gr[0]="ὁ" downgraded to u
[mark 5:39] B: ru[4]="что" → gr[4]="Τί" downgraded to u
[mark 5:40] B: ru[5]="Он," → gr[8]="τὸν" downgraded to u
[mark 5:40] B: ru[16]="бывших" → gr[23]="τὸ" downgraded to u
[mark 5:41] B: ru[9]="что" → gr[10]="ὅ" downgraded to u
[mark 6:1] B: ru[0]="Оттуда" → gr[2]="ἐκεῖθεν" downgraded to u
[mark 6:2] B: ru[14]="откуда" → gr[14]="Πόθεν" downgraded to u
[mark 6:2] B: ru[19]="за" → gr[18]="τίς" downgraded to u
[mark 6:3] B: ru[2]="ли" → gr[2]="ἐστιν" downgraded to u
[mark 6:3] B: ru[14]="ли," → gr[20]="εἰσὶν" downgraded to u
[mark 6:3] B: ru[13]="здесь" → gr[24]="ὧδε" downgraded to u
[mark 6:4] B: ru[9]="разве" → gr[10]="εἰ" downgraded to u
[mark 6:5] B: ru[4]="там" → gr[3]="ἐκεῖ" downgraded to u
[mark 6:6] B: ru[4]="потом" → gr[6]="Καὶ" downgraded to u
[mark 6:6] B: ru[7]="окрестным" → gr[10]="κύκλῳ" downgraded to u
[mark 6:7] B: ru[6]="по" → gr[8]="δύο" downgraded to u
[mark 6:7] B: ru[12]="над" → gr[14]="τῶν" downgraded to u
[mark 6:10] B: ru[4]="где" → gr[3]="Ὅπου" downgraded to u
[mark 6:10] B: ru[10]="нем," → gr[8]="ἐκεῖ" downgraded to u
[mark 6:10] B: ru[16]="места." → gr[13]="ἐκεῖθεν" downgraded to u
[mark 6:11] B: ru[13]="оттуда," → gr[11]="ἐκεῖθεν" downgraded to u
[mark 6:15] B: ru[11]="один" → gr[13]="τῶν" downgraded to u
[mark 6:17] A: ru[16]="своего," → ru[21]="ней." (gr[20]="αὐτοῦ")
[mark 6:20] B: ru[20]="удовольствием" → gr[21]="ἡδέως" downgraded to u
[mark 6:22] B: ru[10]="ним;" → gr[11]="τῷ" downgraded to u
[mark 6:22] B: ru[17]="чего" → gr[24]="ἐὰν" downgraded to u
[mark 6:24] B: ru[0]="Она" → gr[9]="δὲ" downgraded to u
[mark 6:24] B: ru[9]="Та" → gr[11]="Τὴν" downgraded to u
[mark 6:28] B: ru[0]="Он" → gr[2]="τὴν" downgraded to u
[mark 6:28] B: ru[5]="в" → gr[10]="τῷ" downgraded to u
[mark 6:28] B: ru[15]="ее" → gr[17]="τῇ" downgraded to u
[mark 6:30] B: ru[10]="что" → gr[11]="ὅσα" downgraded to u
[mark 6:31] B: ru[3]="пойдите" → gr[3]="Δεῦτε" downgraded to u
[mark 6:33] B: ru[12]="пешие" → gr[8]="πεζῇ" downgraded to u
[mark 6:33] B: ru[11]="туда" → gr[14]="ἐκεῖ" downgraded to u
[mark 6:35] B: ru[16]="уже" → gr[17]="ἤδη" downgraded to u
[mark 6:36] A2: +added ru[1]="их," ↔ gr[1]="αὐτούς"
[mark 6:36] B: ru[6]="окрестные" → gr[6]="κύκλῳ" downgraded to u
[mark 6:37] B: ru[0]="Он" → gr[1]="δὲ" downgraded to u
[mark 6:38] B: ru[5]="у" → gr[5]="ἔχετε" downgraded to u
[mark 6:39] B: ru[0]="Тогда" → gr[0]="καὶ" downgraded to u
[mark 6:45] B: ru[13]="сторону" → gr[14]="πέραν" downgraded to u
[mark 6:45] B: ru[16]="пока" → gr[17]="ἕως" downgraded to u
[mark 6:48] B: ru[12]="около" → gr[13]="περὶ" downgraded to u
[mark 6:51] B: ru[11]="чрезвычайно" → gr[12]="λίαν" downgraded to u
[mark 6:52] B: ru[7]="что" → gr[9]="ἡ" downgraded to u
[mark 6:55] B: ru[9]="больных" → gr[11]="κακῶς" downgraded to u
[mark 6:55] B: ru[11]="где" → gr[14]="ὅπου" downgraded to u
[mark 6:56] B: ru[1]="куда" → gr[1]="ὅπου" downgraded to u
[mark 6:56] B: ru[16]="на" → gr[16]="τοὺς" downgraded to u
[mark 6:56] B: ru[25]="хотя" → gr[22]="κἂν" downgraded to u
[mark 6:56] B: ru[26]="к" → gr[23]="τοῦ" downgraded to u
[mark 7:1] B: ru[6]="из" → gr[8]="τῶν" downgraded to u
[mark 7:2] B: ru[3]="из" → gr[3]="τῶν" downgraded to u
[mark 7:5] B: ru[6]="зачем" → gr[12]="οἱ" downgraded to u
[mark 7:6] B: ru[0]="Он" → gr[1]="δὲ" downgraded to u
[mark 7:6] B: ru[5]="хорошо" → gr[4]="Καλῶς" downgraded to u
[mark 7:6] B: ru[4]="ответ:" → gr[13]="ὅτι" downgraded to u
[mark 7:6] B: ru[21]="далеко" → gr[25]="πόρρω" downgraded to u
[mark 7:7] B: ru[1]="тщетно" → gr[0]="μάτην" downgraded to u
[mark 7:9] B: ru[3]="хорошо" → gr[3]="Καλῶς" downgraded to u
[mark 7:9] B: ru[12]="свое" → gr[12]="ὑμῶν" downgraded to u
[mark 7:10] B: ru[5]="своего" → gr[6]="σου" downgraded to u
[mark 7:10] B: ru[8]="свою;" → gr[10]="σου" downgraded to u
[mark 7:11] B: ru[3]="кто" → gr[3]="Ἐὰν" downgraded to u
[mark 7:11] B: ru[14]="чем" → gr[17]="ἐξ" downgraded to u
[mark 7:12] B: ru[2]="уже" → gr[0]="οὐκέτι" downgraded to u
[mark 7:15] B: ru[4]="извне," → gr[2]="ἔξωθεν" downgraded to u
[mark 7:15] B: ru[2]="в" → gr[7]="αὐτὸν" downgraded to u
[mark 7:15] B: ru[10]="что" → gr[13]="τὰ" downgraded to u
[mark 7:15] B: ru[14]="то" → gr[18]="ἐστιν" downgraded to u
[mark 7:17] B: ru[12]="о" → gr[10]="οἱ" downgraded to u
[mark 7:18] B: ru[13]="извне" → gr[13]="ἔξωθεν" downgraded to u
[mark 7:20] B: ru[0]="Далее" → gr[1]="δὲ" downgraded to u
[mark 7:21] B: ru[1]="извнутрь," → gr[0]="ἔσωθεν" downgraded to u
[mark 7:23] B: ru[3]="извнутрь" → gr[4]="ἔσωθεν" downgraded to u
[mark 7:24] B: ru[2]="оттуда," → gr[0]="Ἐκεῖθεν" downgraded to u
[mark 7:24] B: ru[13]="не" → gr[12]="οὐδένα" downgraded to u
[mark 7:28] B: ru[15]="у" → gr[17]="τῶν" downgraded to u
[mark 7:30] B: ru[7]="что" → gr[7]="τὸ" downgraded to u
[mark 7:31] B: ru[7]="опять" → gr[1]="πάλιν" downgraded to u
[mark 7:31] B: ru[9]="к" → gr[11]="τὴν" downgraded to u
[mark 7:31] B: ru[12]="через" → gr[16]="μέσον" downgraded to u
[mark 7:34] B: ru[9]="то" → gr[10]="ὅ" downgraded to u
[mark 7:35] B: ru[14]="чисто." → gr[14]="ὀρθῶς" downgraded to u
[mark 7:36] B: ru[13]="еще" → gr[11]="μᾶλλον" downgraded to u
[mark 7:37] B: ru[1]="чрезвычайно" → gr[1]="ὑπερπερισσῶς" downgraded to u
[mark 7:37] B: ru[6]="хорошо" → gr[4]="Καλῶς" downgraded to u
[mark 8:1] A: ru[16]="Своих," → ru[11]="им" (gr[17]="αὐτοῖς")
[mark 8:2] B: ru[1]="Мне" → gr[1]="ἐπὶ" downgraded to u
[mark 8:2] B: ru[4]="уже" → gr[5]="ἤδη" downgraded to u
[mark 8:3] A2: +added ru[13]="них" ↔ gr[3]="αὐτοὺς"
[mark 8:3] B: ru[15]="издалека." → gr[16]="μακρόθεν" downgraded to u
[mark 8:4] B: ru[4]="откуда" → gr[7]="Πόθεν" downgraded to u
[mark 8:4] B: ru[9]="здесь" → gr[11]="ὧδε" downgraded to u
[mark 8:5] A2: +added ru[2]="их:" ↔ gr[2]="αὐτούς"
[mark 8:5] B: ru[7]="Они" → gr[7]="δὲ" downgraded to u
[mark 8:6] B: ru[0]="Тогда" → gr[0]="καὶ" downgraded to u
[mark 8:9] A2: +added ru[8]="их." ↔ gr[6]="αὐτούς"
[mark 8:9] B: ru[3]="около" → gr[2]="ὡς" downgraded to u
[mark 8:13] A2: +added ru[2]="их," ↔ gr[2]="αὐτοὺς"
[mark 8:13] B: ru[3]="опять" → gr[3]="πάλιν" downgraded to u
[mark 8:13] B: ru[11]="сторону." → gr[8]="πέραν" downgraded to u
[mark 8:16] B: ru[9]="нет" → gr[6]="οὐ" downgraded to u
[mark 8:17] B: ru[4]="что" → gr[4]="Τί" downgraded to u
[mark 8:17] B: ru[9]="нет" → gr[8]="οὐ" downgraded to u
[mark 8:19] B: ru[1]="Я" → gr[1]="τοὺς" downgraded to u
[mark 8:23] B: ru[24]="что?" → gr[24]="τι" downgraded to u
[mark 8:25] B: ru[0]="Потом" → gr[0]="εἶτα" downgraded to u
[mark 8:25] B: ru[1]="опять" → gr[1]="πάλιν" downgraded to u
[mark 8:25] B: ru[18]="ясно." → gr[15]="τηλαυγῶς" downgraded to u
[mark 8:27] B: ru[14]="Своих:" → gr[22]="λέγων" downgraded to u
[mark 8:28] B: ru[0]="Они" → gr[1]="δὲ" downgraded to u
[mark 8:28] B: ru[15]="из" → gr[16]="τῶν" downgraded to u
[mark 8:31] A2: +added ru[3]="их," ↔ gr[3]="αὐτοὺς"
[mark 8:32] B: ru[0]="И" → gr[3]="λόγον" downgraded to u
[mark 8:33] B: ru[5]="на" → gr[5]="τοὺς" downgraded to u
[mark 8:33] B: ru[21]="том," → gr[20]="τοῦ" downgraded to u
[mark 8:33] B: ru[22]="что" → gr[23]="τὰ" downgraded to u
[mark 8:33] B: ru[25]="что" → gr[24]="τῶν" downgraded to u
[mark 8:35] A: ru[4]="свою" → ru[20]="ее." (gr[6]="αὐτοῦ")
[mark 8:35] B: ru[6]="тот" → gr[14]="τὴν" downgraded to u
[mark 8:37] B: ru[5]="за" → gr[5]="τῆς" downgraded to u
[mark 8:38] B: ru[9]="сем" → gr[13]="τῇ" downgraded to u
[mark 9:1] B: ru[10]="здесь," → gr[10]="ὧδε" downgraded to u
[mark 9:1] B: ru[16]="уже" → gr[18]="ἂν" downgraded to u
[mark 9:1] B: ru[17]="увидят" → gr[20]="τὴν" downgraded to u
[mark 9:2] A2: +added ru[22]="ними." ↔ gr[26]="αὐτῶν"
[mark 9:2] B: ru[2]="прошествии" → gr[1]="μετὰ" downgraded to u
[mark 9:2] B: ru[21]="перед" → gr[25]="ἔμπροσθεν" downgraded to u
[mark 9:3] B: ru[4]="весьма" → gr[7]="λίαν" downgraded to u
[mark 9:3] B: ru[8]="как" → gr[8]="οἷα" downgraded to u
[mark 9:4] B: ru[6]="и" → gr[7]="ἦσαν" downgraded to u
[mark 9:4] B: ru[8]="с" → gr[9]="τῷ" downgraded to u
[mark 9:5] B: ru[8]="здесь" → gr[11]="ὧδε" downgraded to u
[mark 9:6] B: ru[3]="что" → gr[3]="τί" downgraded to u
[mark 9:8] B: ru[1]="внезапно" → gr[1]="ἐξάπινα" downgraded to u
[mark 9:8] B: ru[5]="более" → gr[3]="οὐκέτι" downgraded to u
[mark 9:8] B: ru[10]="кроме" → gr[6]="ἀλλὰ" downgraded to u
[mark 9:9] B: ru[4]="с" → gr[4]="τοῦ" downgraded to u
[mark 9:9] B: ru[13]="что" → gr[10]="ἃ" downgraded to u
[mark 9:9] B: ru[15]="доколе" → gr[15]="ὅταν" downgraded to u
[mark 9:10] B: ru[3]="это" → gr[1]="τὸν" downgraded to u
[mark 9:10] B: ru[6]="друг" → gr[4]="πρὸς" downgraded to u
[mark 9:10] B: ru[8]="что" → gr[7]="τί" downgraded to u
[mark 9:11] B: ru[4]="же" → gr[6]="οἱ" downgraded to u
[mark 9:12] B: ru[0]="Он" → gr[1]="δὲ" downgraded to u
[mark 9:12] B: ru[5]="правда," → gr[5]="μὲν" downgraded to u
[mark 9:12] B: ru[20]="надлежит" → gr[18]="ἵνα" downgraded to u
[mark 9:13] B: ru[11]="как" → gr[10]="ὅσα" downgraded to u
[mark 9:14] B: ru[6]="около" → gr[8]="περὶ" downgraded to u
[mark 9:18] A: ru[15]="своими," → ru[24]="его," (gr[21]="αὐτὸ")
[mark 9:18] B: ru[0]="где" → gr[1]="ὅπου" downgraded to u
[mark 9:18] B: ru[19]="я" → gr[17]="τοῖς" downgraded to u
[mark 9:19] B: ru[2]="Иисус" → gr[0]="ὁ" downgraded to u
[mark 9:19] B: ru[4]="о," → gr[5]="Ὦ" downgraded to u
[mark 9:19] B: ru[7]="доколе" → gr[9]="πότε" downgraded to u
[mark 9:19] B: ru[11]="доколе" → gr[14]="πότε" downgraded to u
[mark 9:21] B: ru[2]="Иисус" → gr[2]="τὸν" downgraded to u
[mark 9:21] B: ru[5]="как" → gr[5]="Πόσος" downgraded to u
[mark 9:21] B: ru[11]="Он" → gr[13]="δὲ" downgraded to u
[mark 9:21] B: ru[14]="детства;" → gr[16]="παιδιόθεν" downgraded to u
[mark 9:22] B: ru[1]="многократно" → gr[1]="πολλάκις" downgraded to u
[mark 9:22] B: ru[16]="что" → gr[15]="τι" downgraded to u
[mark 9:24] B: ru[1]="тотчас" → gr[2]="ὁ" downgraded to u
[mark 9:28] B: ru[11]="почему" → gr[12]="Ὅτι" downgraded to u
[mark 9:29] B: ru[5]="не" → gr[7]="οὐδενὶ" downgraded to u
[mark 9:32] B: ru[4]="сих" → gr[3]="τὸ" downgraded to u
[mark 9:33] A2: +added ru[9]="их:" ↔ gr[10]="αὐτούς"
[mark 9:34] B: ru[0]="Они" → gr[1]="δὲ" downgraded to u
[mark 9:37] B: ru[3]="из" → gr[3]="τῶν" downgraded to u
[mark 9:37] B: ru[9]="тот" → gr[22]="τὸν" downgraded to u
[mark 9:37] B: ru[16]="тот" → gr[8]="τῷ" downgraded to u
[mark 9:38] B: ru[8]="который" → gr[7]="ἐν" downgraded to u
[mark 9:40] B: ru[3]="против" → gr[4]="καθ" downgraded to u
[mark 9:42] B: ru[4]="из" → gr[5]="τῶν" downgraded to u
[mark 9:42] B: ru[6]="сих," → gr[8]="τῶν" downgraded to u
[mark 9:43] A2: +added ru[7]="ее:" ↔ gr[8]="αὐτήν"
[mark 9:43] B: ru[14]="нежели" → gr[17]="ἢ" downgraded to u
[mark 9:43] B: ru[15]="с" → gr[21]="ἔχοντα" downgraded to u
[mark 9:45] B: ru[14]="нежели" → gr[17]="ἢ" downgraded to u
[mark 9:45] B: ru[15]="с" → gr[21]="ἔχοντα" downgraded to u
[mark 9:47] B: ru[17]="нежели" → gr[19]="ἢ" downgraded to u
[mark 9:47] B: ru[18]="с" → gr[22]="ἔχοντα" downgraded to u
[mark 9:48] B: ru[0]="где" → gr[0]="ὅπου" downgraded to u
[mark 9:50] B: ru[5]="ежели" → gr[3]="ἐὰν" downgraded to u
[mark 10:1] B: ru[8]="стороною." → gr[10]="πέραν" downgraded to u
[mark 10:1] B: ru[6]="за" → gr[11]="τοῦ" downgraded to u
[mark 10:1] B: ru[9]="Опять" → gr[15]="πάλιν" downgraded to u
[mark 10:1] B: ru[19]="опять" → gr[22]="πάλιν" downgraded to u
[mark 10:1] B: ru[17]="Своему," → gr[24]="αὐτούς" downgraded to u
[mark 10:3] B: ru[0]="Он" → gr[1]="δὲ" downgraded to u
[mark 10:3] B: ru[5]="что" → gr[5]="Τί" downgraded to u
[mark 10:4] B: ru[0]="Они" → gr[1]="δὲ" downgraded to u
[mark 10:6] A2: +added ru[9]="их." ↔ gr[8]="αὐτούς"
[mark 10:8] B: ru[2]="к" → gr[2]="οἱ" downgraded to u
[mark 10:9] B: ru[1]="что" → gr[0]="ὃ" downgraded to u
[mark 10:9] B: ru[0]="Итак," → gr[1]="οὖν" downgraded to u
[mark 10:10] B: ru[0]="В" → gr[2]="τὴν" downgraded to u
[mark 10:10] B: ru[4]="опять" → gr[4]="πάλιν" downgraded to u
[mark 10:11] A: ru[7]="своею" → ru[15]="нее;" (gr[8]="αὐτοῦ")
[mark 10:11] B: ru[12]="тот" → gr[6]="τὴν" downgraded to u
[mark 10:14] B: ru[0]="Увидев" → gr[1]="δὲ" downgraded to u
[mark 10:15] B: ru[10]="тот" → gr[7]="τὴν" downgraded to u
[mark 10:17] B: ru[8]="пред" → gr[8]="γονυπετήσας" downgraded to u
[mark 10:17] B: ru[17]="что" → gr[14]="τί" downgraded to u
[mark 10:18] B: ru[3]="что" → gr[5]="Τί" downgraded to u
[mark 10:21] B: ru[31]="взяв" → gr[19]="τοῖς" downgraded to u
[mark 10:21] B: ru[27]="приходи," → gr[27]="δεῦρο" downgraded to u
[mark 10:22] B: ru[4]="сего" → gr[4]="τῷ" downgraded to u
[mark 10:23] B: ru[8]="трудно" → gr[9]="δυσκόλως" downgraded to u
[mark 10:24] B: ru[16]="на" → gr[8]="ὁ" downgraded to u
[mark 10:24] B: ru[7]="опять" → gr[11]="πάλιν" downgraded to u
[mark 10:25] B: ru[3]="сквозь" → gr[3]="διὰ" downgraded to u
[mark 10:25] B: ru[6]="нежели" → gr[9]="ἢ" downgraded to u
[mark 10:26] B: ru[2]="чрезвычайно" → gr[2]="περισσῶς" downgraded to u
[mark 10:30] B: ru[4]="ныне," → gr[4]="νῦν" downgraded to u
[mark 10:30] B: ru[8]="среди" → gr[20]="μετὰ" downgraded to u
[mark 10:32] B: ru[30]="том," → gr[16]="οἱ" downgraded to u
[mark 10:32] B: ru[25]="опять" → gr[22]="πάλιν" downgraded to u
[mark 10:32] B: ru[31]="что" → gr[29]="μέλλοντα" downgraded to u
[mark 10:35] B: ru[14]="чтобы" → gr[14]="ὃ" downgraded to u
[mark 10:35] B: ru[19]="чем" → gr[15]="ἐὰν" downgraded to u
[mark 10:36] B: ru[0]="Он" → gr[1]="δὲ" downgraded to u
[mark 10:36] B: ru[3]="что" → gr[4]="Τί" downgraded to u
[mark 10:37] B: ru[0]="Они" → gr[1]="δὲ" downgraded to u
[mark 10:38] B: ru[15]="и" → gr[11]="τὸ" downgraded to u
[mark 10:39] B: ru[0]="Они" → gr[1]="δὲ" downgraded to u
[mark 10:48] B: ru[6]="еще" → gr[9]="μᾶλλον" downgraded to u
[mark 10:50] B: ru[0]="Он" → gr[1]="δὲ" downgraded to u
[mark 10:52] B: ru[14]="за" → gr[1]="ὁ" downgraded to u
[mark 11:2] B: ru[6]="которое" → gr[7]="τὴν" downgraded to u
[mark 11:2] B: ru[8]="перед" → gr[8]="κατέναντι" downgraded to u
[mark 11:3] B: ru[5]="что" → gr[5]="Τί" downgraded to u
[mark 11:3] B: ru[19]="сюда." → gr[20]="ὧδε" downgraded to u
[mark 11:5] B: ru[2]="из" → gr[2]="τῶν" downgraded to u
[mark 11:5] B: ru[4]="там" → gr[3]="ἐκεῖ" downgraded to u
[mark 11:5] B: ru[7]="что" → gr[7]="Τί" downgraded to u
[mark 11:6] A2: +added ru[9]="их." ↔ gr[10]="αὐτούς"
[mark 11:6] B: ru[0]="Они" → gr[1]="δὲ" downgraded to u
[mark 11:6] B: ru[4]="повелел" → gr[6]="ὁ" downgraded to u
[mark 11:7] B: ru[1]="привели" → gr[2]="τὸν" downgraded to u
[mark 11:10] B: ru[10]="в" → gr[4]="τοῦ" downgraded to u
[mark 11:11] B: ru[13]="уже" → gr[11]="ἤδη" downgraded to u
[mark 11:11] B: ru[11]="как" → gr[19]="τῶν" downgraded to u
[mark 11:12] B: ru[2]="день," → gr[2]="ἐπαύριον" downgraded to u
[mark 11:13] B: ru[2]="издалека" → gr[4]="μακρόθεν" downgraded to u
[mark 11:13] B: ru[9]="ли" → gr[9]="ἄρα" downgraded to u
[mark 11:13] B: ru[20]="кроме" → gr[21]="μὴ" downgraded to u
[mark 11:14] B: ru[0]="И" → gr[1]="ἀποκριθεὶς" downgraded to u
[mark 11:14] B: ru[4]="отныне" → gr[4]="Μηκέτι" downgraded to u
[mark 11:18] B: ru[1]="это" → gr[2]="οἱ" downgraded to u
[mark 11:19] B: ru[3]="поздно," → gr[2]="ὀψὲ" downgraded to u
[mark 11:20] B: ru[0]="Поутру," → gr[2]="πρωῒ" downgraded to u
[mark 11:20] B: ru[4]="что" → gr[4]="τὴν" downgraded to u
[mark 11:24] B: ru[0]="Потому" → gr[1]="τοῦτο" downgraded to u
[mark 11:25] B: ru[7]="что" → gr[6]="τι" downgraded to u
[mark 11:27] B: ru[1]="опять" → gr[2]="πάλιν" downgraded to u
[mark 11:32] B: ru[13]="точно" → gr[12]="ὄντως" downgraded to u
[mark 11:33] B: ru[7]="Тогда" → gr[7]="καὶ" downgraded to u
[mark 12:2] B: ru[3]="свое" → gr[3]="τοὺς" downgraded to u
[mark 12:2] B: ru[13]="из" → gr[16]="τοῦ" downgraded to u
[mark 12:4] B: ru[0]="Опять" → gr[1]="πάλιν" downgraded to u
[mark 12:5] B: ru[10]="то" → gr[9]="μὲν" downgraded to u
[mark 12:6] B: ru[2]="еще" → gr[0]="ἔτι" downgraded to u
[mark 12:7] B: ru[3]="друг" → gr[4]="πρὸς" downgraded to u
[mark 12:7] B: ru[7]="пойдем," → gr[12]="δεῦτε" downgraded to u
[mark 12:9] B: ru[0]="Что" → gr[0]="τί" downgraded to u
[mark 12:10] B: ru[11]="тот" → gr[1]="τὴν" downgraded to u
[mark 12:13] B: ru[5]="из" → gr[5]="τῶν" downgraded to u
[mark 12:14] B: ru[0]="Они" → gr[24]="τὴν" downgraded to u
[mark 12:14] B: ru[35]="нет?" → gr[34]="οὔ" downgraded to u
[mark 12:15] B: ru[7]="что" → gr[8]="Τί" downgraded to u
[mark 12:16] B: ru[0]="Они" → gr[1]="δὲ" downgraded to u
[mark 12:16] B: ru[2]="Тогда" → gr[3]="καὶ" downgraded to u
[mark 12:16] B: ru[10]="Они" → gr[14]="δὲ" downgraded to u
[mark 12:18] B: ru[0]="Потом" → gr[0]="Καὶ" downgraded to u
[mark 12:18] B: ru[8]="нет" → gr[8]="μὴ" downgraded to u
[mark 12:21] A2: +added ru[1]="ее" ↔ gr[4]="αὐτήν"
[mark 12:21] B: ru[10]="также" → gr[13]="ὡσαύτως" downgraded to u
[mark 12:22] B: ru[1]="ее" → gr[1]="οἱ" downgraded to u
[mark 12:23] A2: +added ru[14]="ее" ↔ gr[13]="αὐτὴν"
[mark 12:26] B: ru[13]="как" → gr[13]="τοῦ" downgraded to u
[mark 12:28] B: ru[1]="из" → gr[3]="τῶν" downgraded to u
[mark 12:28] B: ru[10]="хорошо" → gr[10]="καλῶς" downgraded to u
[mark 12:29] B: ru[5]="всех" → gr[1]="ὁ" downgraded to u
[mark 12:29] B: ru[2]="ему:" → gr[3]="ὅτι" downgraded to u
[mark 12:31] B: ru[4]="ближнего" → gr[4]="πλησίον" downgraded to u
[mark 12:31] B: ru[13]="нет." → gr[12]="οὐ" downgraded to u
[mark 12:32] B: ru[3]="хорошо," → gr[5]="Καλῶς" downgraded to u
[mark 12:32] B: ru[13]="нет" → gr[14]="οὐ" downgraded to u
[mark 12:32] B: ru[15]="кроме" → gr[17]="πλὴν" downgraded to u
[mark 12:33] B: ru[12]="всею" → gr[19]="τὸ" downgraded to u
[mark 12:33] B: ru[16]="ближнего," → gr[22]="πλησίον" downgraded to u
[mark 12:34] B: ru[14]="того" → gr[0]="καὶ" downgraded to u
[mark 12:34] B: ru[3]="он" → gr[1]="ὁ" downgraded to u
[mark 12:34] B: ru[4]="разумно" → gr[6]="νουνεχῶς" downgraded to u
[mark 12:34] B: ru[8]="недалеко" → gr[10]="Οὐ" downgraded to u
[mark 12:36] B: ru[13]="доколе" → gr[17]="ἕως" downgraded to u
[mark 12:37] B: ru[17]="услаждением." → gr[16]="ἡδέως" downgraded to u
[mark 12:41] B: ru[3]="против" → gr[2]="κατέναντι" downgraded to u
[mark 12:44] B: ru[13]="что" → gr[14]="ὅσα" downgraded to u
[mark 13:1] B: ru[9]="из" → gr[9]="τῶν" downgraded to u
[mark 13:2] B: ru[6]="сии" → gr[1]="ὁ" downgraded to u
[mark 13:2] B: ru[9]="все" → gr[10]="οὐ" downgraded to u
[mark 13:3] B: ru[7]="против" → gr[8]="κατέναντι" downgraded to u
[mark 13:9] B: ru[16]="перед" → gr[13]="ἐπὶ" downgraded to u
[mark 13:11] B: ru[8]="что" → gr[7]="τί" downgraded to u
[mark 13:11] B: ru[15]="что" → gr[10]="ὃ" downgraded to u
[mark 13:11] B: ru[22]="то" → gr[18]="τοῦτο" downgraded to u
[mark 13:12] A2: +added ru[17]="их." ↔ gr[16]="αὐτούς"
[mark 13:14] B: ru[2]="увидите" → gr[3]="τὸ" downgraded to u
[mark 13:14] B: ru[9]="где" → gr[8]="ὅπου" downgraded to u
[mark 13:14] B: ru[6]="пророком" → gr[11]="ὁ" downgraded to u
[mark 13:14] B: ru[17]="тогда" → gr[14]="τότε" downgraded to u
[mark 13:14] B: ru[18]="находящиеся" → gr[15]="οἱ" downgraded to u
[mark 13:15] B: ru[1]="кто" → gr[0]="ὁ" downgraded to u
[mark 13:15] B: ru[4]="тот" → gr[11]="τῆς" downgraded to u
[mark 13:16] B: ru[1]="кто" → gr[1]="ὁ" downgraded to u
[mark 13:16] B: ru[6]="назад" → gr[9]="ὀπίσω" downgraded to u
[mark 13:19] B: ru[17]="доныне," → gr[19]="νῦν" downgraded to u
[mark 13:20] B: ru[6]="тех" → gr[5]="τὰς" downgraded to u
[mark 13:20] B: ru[21]="те" → gr[19]="τὰς" downgraded to u
[mark 13:21] B: ru[0]="Тогда," → gr[1]="τότε" downgraded to u
[mark 13:21] B: ru[6]="здесь" → gr[7]="ὧδε" downgraded to u
[mark 13:21] B: ru[10]="там," → gr[11]="ἐκεῖ" downgraded to u
[mark 13:22] B: ru[14]="и" → gr[15]="τοὺς" downgraded to u
[mark 13:24] B: ru[4]="после" → gr[5]="μετὰ" downgraded to u
[mark 13:26] B: ru[0]="Тогда" → gr[1]="τότε" downgraded to u
[mark 13:26] B: ru[1]="увидят" → gr[3]="τὸν" downgraded to u
[mark 13:27] B: ru[1]="тогда" → gr[1]="τότε" downgraded to u
[mark 13:28] B: ru[8]="уже" → gr[8]="ἤδη" downgraded to u
[mark 13:28] B: ru[16]="близко" → gr[20]="ἐγγὺς" downgraded to u
[mark 13:29] B: ru[5]="то" → gr[5]="ταῦτα" downgraded to u
[mark 13:29] B: ru[9]="близко," → gr[9]="ἐγγύς" downgraded to u
[mark 13:32] B: ru[4]="или" → gr[6]="τῆς" downgraded to u
[mark 13:32] B: ru[12]="ни" → gr[20]="ὁ" downgraded to u
[mark 13:33] B: ru[8]="это" → gr[6]="ὁ" downgraded to u
[mark 13:34] B: ru[19]="и" → gr[19]="τῷ" downgraded to u
[mark 13:35] B: ru[0]="Итак" → gr[1]="οὖν" downgraded to u
[mark 13:35] B: ru[9]="вечером," → gr[12]="ὀψὲ" downgraded to u
[mark 13:35] B: ru[18]="поутру;" → gr[18]="πρωΐ" downgraded to u
[mark 13:36] B: ru[2]="внезапно," → gr[2]="ἐξαίφνης" downgraded to u
[mark 13:37] B: ru[1]="что" → gr[0]="ὃ" downgraded to u
[mark 14:2] B: ru[10]="в" → gr[9]="τοῦ" downgraded to u
[mark 14:3] B: ru[15]="с" → gr[15]="ἔχουσα" downgraded to u
[mark 14:3] B: ru[28]="на" → gr[26]="τῆς" downgraded to u
[mark 14:5] B: ru[6]="более" → gr[6]="ἐπάνω" downgraded to u
[mark 14:6] A2: +added ru[6]="ее" ↔ gr[5]="αὐτήν"
[mark 14:6] B: ru[5]="что" → gr[6]="τί" downgraded to u
[mark 14:7] B: ru[2]="всегда" → gr[0]="πάντοτε" downgraded to u
[mark 14:7] B: ru[11]="благотворить;" → gr[12]="εὖ" downgraded to u
[mark 14:7] B: ru[15]="всегда" → gr[17]="πάντοτε" downgraded to u
[mark 14:8] B: ru[2]="что" → gr[0]="ὃ" downgraded to u
[mark 14:9] B: ru[3]="где" → gr[4]="ὅπου" downgraded to u
[mark 14:9] B: ru[20]="что" → gr[14]="ὃ" downgraded to u
[mark 14:10] B: ru[5]="из" → gr[9]="τοὺς" downgraded to u
[mark 14:11] B: ru[16]="время" → gr[13]="εὐκαίρως" downgraded to u
[mark 14:12] B: ru[12]="где" → gr[15]="Ποῦ" downgraded to u
[mark 14:13] B: ru[3]="из" → gr[3]="τῶν" downgraded to u
[mark 14:14] B: ru[1]="куда" → gr[1]="ὅπου" downgraded to u
[mark 14:14] B: ru[10]="где" → gr[11]="Ποῦ" downgraded to u
[mark 14:14] B: ru[13]="которой" → gr[16]="ὅπου" downgraded to u
[mark 14:15] B: ru[8]="там" → gr[9]="ἐκεῖ" downgraded to u
[mark 14:19] B: ru[9]="не" → gr[8]="Μήτι" downgraded to u
[mark 14:20] B: ru[7]="из" → gr[5]="τῶν" downgraded to u
[mark 14:21] B: ru[0]="Впрочем" → gr[2]="μὲν" downgraded to u
[mark 14:25] B: ru[4]="уже" → gr[4]="οὐκέτι" downgraded to u
[mark 14:27] B: ru[9]="в" → gr[11]="τὸν" downgraded to u
[mark 14:30] B: ru[9]="ныне," → gr[10]="σήμερον" downgraded to u
[mark 14:30] B: ru[10]="в" → gr[12]="τῇ" downgraded to u
[mark 14:30] B: ru[13]="прежде" → gr[14]="πρὶν" downgraded to u
[mark 14:30] B: ru[14]="нежели" → gr[15]="ἢ" downgraded to u
[mark 14:30] B: ru[15]="дважды" → gr[16]="δὶς" downgraded to u
[mark 14:30] B: ru[18]="трижды" → gr[19]="τρίς" downgraded to u
[mark 14:31] B: ru[4]="большим" → gr[2]="ἐκπερισσῶς" downgraded to u
[mark 14:31] B: ru[7]="хотя" → gr[4]="Ἐὰν" downgraded to u
[mark 14:32] B: ru[11]="здесь," → gr[14]="ὧδε" downgraded to u
[mark 14:32] B: ru[12]="пока" → gr[15]="ἕως" downgraded to u
[mark 14:34] B: ru[8]="здесь" → gr[11]="ὧδε" downgraded to u
[mark 14:35] B: ru[14]="сей;" → gr[16]="ἡ" downgraded to u
[mark 14:36] B: ru[10]="мимо" → gr[12]="ἀπ" downgraded to u
[mark 14:37] A2: +added ru[3]="их" ↔ gr[4]="αὐτοὺς"
[mark 14:39] B: ru[1]="опять" → gr[1]="πάλιν" downgraded to u
[mark 14:39] B: ru[6]="же" → gr[5]="αὐτὸν" downgraded to u
[mark 14:40] B: ru[2]="опять" → gr[1]="πάλιν" downgraded to u
[mark 14:40] B: ru[15]="что" → gr[15]="τί" downgraded to u
[mark 14:43] B: ru[4]="еще" → gr[2]="ἔτι" downgraded to u
[mark 14:43] B: ru[9]="из" → gr[8]="τῶν" downgraded to u
[mark 14:44] B: ru[17]="осторожно." → gr[17]="ἀσφαλῶς" downgraded to u
[mark 14:46] A: ru[6]="свои" → ru[9]="Его." (gr[8]="αὐτόν")
[mark 14:47] B: ru[1]="же" → gr[2]="τις" downgraded to u
[mark 14:47] B: ru[2]="из" → gr[3]="τῶν" downgraded to u
[mark 14:49] B: ru[0]="Каждый" → gr[0]="καθ" downgraded to u
[mark 14:50] B: ru[0]="Тогда," → gr[0]="καὶ" downgraded to u
[mark 14:54] B: ru[1]="издали" → gr[4]="μακρόθεν" downgraded to u
[mark 14:54] B: ru[6]="внутрь" → gr[8]="ἔσω" downgraded to u
[mark 14:56] B: ru[7]="сии" → gr[7]="αἱ" downgraded to u
[mark 14:57] B: ru[4]="против" → gr[4]="κατ" downgraded to u
[mark 14:59] B: ru[2]="такое" → gr[2]="οὕτως" downgraded to u
[mark 14:60] B: ru[0]="Тогда" → gr[0]="καὶ" downgraded to u
[mark 14:60] B: ru[12]="что" → gr[13]="τί" downgraded to u
[mark 14:61] B: ru[7]="Опять" → gr[7]="πάλιν" downgraded to u
[mark 14:61] B: ru[15]="ли" → gr[16]="εἶ" downgraded to u
[mark 14:62] B: ru[5]="узрите" → gr[0]="ὁ" downgraded to u
[mark 14:63] B: ru[0]="Тогда" → gr[1]="δὲ" downgraded to u
[mark 14:63] B: ru[7]="что" → gr[8]="Τί" downgraded to u
[mark 14:63] B: ru[8]="еще" → gr[9]="ἔτι" downgraded to u
[mark 14:64] B: ru[3]="как" → gr[3]="τί" downgraded to u
[mark 14:66] B: ru[5]="внизу," → gr[4]="κάτω" downgraded to u
[mark 14:66] B: ru[8]="из" → gr[10]="τῶν" downgraded to u
[mark 14:67] B: ru[1]="увидев" → gr[2]="τὸν" downgraded to u
[mark 14:68] B: ru[9]="что" → gr[9]="τί" downgraded to u
[mark 14:68] B: ru[14]="вон" → gr[13]="ἔξω" downgraded to u
[mark 14:69] B: ru[3]="опять," → gr[6]="πάλιν" downgraded to u
[mark 14:69] B: ru[7]="тут:" → gr[10]="ὅτι" downgraded to u
[mark 14:70] B: ru[0]="Он" → gr[1]="δὲ" downgraded to u
[mark 14:70] B: ru[1]="опять" → gr[2]="πάλιν" downgraded to u
[mark 14:70] B: ru[3]="Спустя" → gr[5]="μετὰ" downgraded to u
[mark 14:70] B: ru[7]="опять" → gr[7]="πάλιν" downgraded to u
[mark 14:70] B: ru[11]="точно" → gr[13]="Ἀληθῶς" downgraded to u
[mark 14:72] B: ru[0]="Тогда" → gr[0]="καὶ" downgraded to u
[mark 14:72] B: ru[13]="прежде" → gr[18]="Πρὶν" downgraded to u
[mark 14:72] B: ru[17]="дважды," → gr[21]="δὶς" downgraded to u
[mark 14:72] B: ru[18]="трижды" → gr[22]="τρίς" downgraded to u
[mark 15:1] B: ru[1]="поутру" → gr[2]="πρωῒ" downgraded to u
[mark 15:2] B: ru[6]="Он" → gr[9]="τῶν" downgraded to u
[mark 15:4] B: ru[2]="опять" → gr[3]="πάλιν" downgraded to u
[mark 15:5] B: ru[4]="это" → gr[3]="οὐκέτι" downgraded to u
[mark 15:7] B: ru[0]="Тогда" → gr[1]="δὲ" downgraded to u
[mark 15:7] B: ru[12]="во" → gr[11]="τῇ" downgraded to u
[mark 15:11] B: ru[8]="лучше" → gr[7]="μᾶλλον" downgraded to u
[mark 15:12] B: ru[2]="опять" → gr[3]="πάλιν" downgraded to u
[mark 15:12] B: ru[5]="что" → gr[7]="Τί" downgraded to u
[mark 15:13] B: ru[0]="Они" → gr[1]="δὲ" downgraded to u
[mark 15:13] B: ru[1]="опять" → gr[2]="πάλιν" downgraded to u
[mark 15:15] B: ru[0]="Тогда" → gr[1]="δὲ" downgraded to u
[mark 15:16] B: ru[4]="внутрь" → gr[5]="ἔσω" downgraded to u
[mark 15:16] B: ru[6]="то" → gr[8]="ὅ" downgraded to u
[mark 15:22] B: ru[6]="что" → gr[8]="ἐστιν" downgraded to u
[mark 15:24] B: ru[8]="что" → gr[13]="τί" downgraded to u
[mark 15:31] B: ru[0]="Подобно" → gr[0]="ὁμοίως" downgraded to u
[mark 15:31] B: ru[7]="друг" → gr[5]="πρὸς" downgraded to u
[mark 15:32] B: ru[5]="теперь" → gr[6]="νῦν" downgraded to u
[mark 15:34] B: ru[9]="ламма" → gr[11]="λεμὰ" downgraded to u
[mark 15:34] B: ru[12]="что" → gr[13]="ὅ" downgraded to u
[mark 15:35] B: ru[1]="из" → gr[2]="τῶν" downgraded to u
[mark 15:38] B: ru[6]="сверху" → gr[9]="ἄνωθεν" downgraded to u
[mark 15:38] B: ru[7]="донизу." → gr[11]="κάτω" downgraded to u
[mark 15:39] B: ru[12]="истинно" → gr[13]="Ἀληθῶς" downgraded to u
[mark 15:40] B: ru[6]="издали:" → gr[5]="μακρόθεν" downgraded to u
[mark 15:42] B: ru[2]="уже" → gr[1]="ἤδη" downgraded to u
[mark 15:42] B: ru[10]="то" → gr[7]="ὅ" downgraded to u
[mark 15:44] B: ru[4]="уже" → gr[5]="ἤδη" downgraded to u
[mark 15:44] B: ru[11]="давно" → gr[14]="πάλαι" downgraded to u
[mark 15:45] B: ru[5]="тело" → gr[8]="τῷ" downgraded to u
[mark 15:47] B: ru[7]="где" → gr[10]="ποῦ" downgraded to u
[mark 16:2] B: ru[1]="весьма" → gr[1]="λίαν" downgraded to u
[mark 16:2] B: ru[2]="рано," → gr[2]="πρωῒ" downgraded to u
[mark 16:4] B: ru[9]="весьма" → gr[10]="σφόδρα" downgraded to u
[mark 16:6] B: ru[13]="нет" → gr[13]="οὐ" downgraded to u
[mark 16:6] B: ru[14]="здесь." → gr[15]="ὧδε" downgraded to u
[mark 16:6] B: ru[15]="Вот" → gr[16]="ἴδε" downgraded to u
[mark 16:6] B: ru[17]="где" → gr[19]="ὅπου" downgraded to u
[mark 16:7] B: ru[13]="там" → gr[15]="ἐκεῖ" downgraded to u
[mark 16:9] B: ru[1]="рано" → gr[2]="πρωῒ" downgraded to u
[mark 16:12] B: ru[0]="После" → gr[0]="Μετὰ" downgraded to u
[mark 16:16] B: ru[0]="Кто" → gr[0]="ὁ" downgraded to u
[mark 16:16] B: ru[8]="кто" → gr[5]="ὁ" downgraded to u
[mark 16:18] B: ru[5]="что" → gr[4]="τι" downgraded to u
[mark 16:18] B: ru[18]="здоровы." → gr[15]="καλῶς" downgraded to u
[mark 16:19] B: ru[0]="И" → gr[1]="μὲν" downgraded to u
[mark 16:19] B: ru[3]="после" → gr[5]="μετὰ" downgraded to u
[mark 16:20] B: ru[5]="везде," → gr[4]="πανταχοῦ" downgraded to u
[mark 16:20] B: ru[9]="и" → gr[5]="τοῦ" downgraded to u
[matthew 1:11] B: ru[9]="перед" → gr[9]="ἐπὶ" downgraded to u
[matthew 1:17] B: ru[0]="Итак" → gr[1]="οὖν" downgraded to u
[matthew 1:18] B: ru[12]="прежде" → gr[15]="πρὶν" downgraded to u
[matthew 1:18] B: ru[13]="нежели" → gr[16]="ἢ" downgraded to u
[matthew 1:19] B: ru[12]="тайно" → gr[13]="λάθρᾳ" downgraded to u
[matthew 1:22] B: ru[6]="реченное" → gr[8]="ὑπὸ" downgraded to u
[matthew 1:23] B: ru[13]="что" → gr[16]="ἐστιν" downgraded to u
[matthew 1:24] B: ru[0]="Встав" → gr[1]="δὲ" downgraded to u
[matthew 1:25] B: ru[5]="наконец" → gr[4]="ἕως" downgraded to u
[matthew 1:25] B: ru[9]="Своего" → gr[3]="αὐτὴν" downgraded to u
[matthew 2:2] B: ru[0]="где" → gr[1]="Ποῦ" downgraded to u
[matthew 2:2] B: ru[6]="видели" → gr[11]="τὸν" downgraded to u
[matthew 2:4] B: ru[10]="где" → gr[12]="ποῦ" downgraded to u
[matthew 2:6] B: ru[5]="ничем" → gr[5]="οὐδαμῶς" downgraded to u
[matthew 2:7] B: ru[0]="Тогда" → gr[0]="Τότε" downgraded to u
[matthew 2:7] B: ru[2]="тайно" → gr[2]="λάθρᾳ" downgraded to u
[matthew 2:8] B: ru[7]="тщательно" → gr[8]="ἀκριβῶς" downgraded to u
[matthew 2:9] B: ru[0]="Они," → gr[1]="δὲ" downgraded to u
[matthew 2:9] B: ru[16]="наконец" → gr[17]="ἕως" downgraded to u
[matthew 2:9] B: ru[22]="где" → gr[21]="οὗ" downgraded to u
[matthew 2:10] B: ru[6]="весьма" → gr[7]="σφόδρα" downgraded to u
[matthew 2:11] B: ru[4]="увидели" → gr[6]="τὸ" downgraded to u
[matthew 2:13] B: ru[26]="там," → gr[26]="ἐκεῖ" downgraded to u
[matthew 2:13] B: ru[27]="доколе" → gr[27]="ἕως" downgraded to u
[matthew 2:14] B: ru[0]="Он" → gr[1]="δὲ" downgraded to u
[matthew 2:15] B: ru[1]="там" → gr[2]="ἐκεῖ" downgraded to u
[matthew 2:15] B: ru[8]="реченное" → gr[11]="ὑπὸ" downgraded to u
[matthew 2:16] B: ru[0]="Тогда" → gr[0]="Τότε" downgraded to u
[matthew 2:16] B: ru[2]="увидев" → gr[3]="ὅτι" downgraded to u
[matthew 2:16] B: ru[6]="весьма" → gr[9]="λίαν" downgraded to u
[matthew 2:16] B: ru[24]="ниже," → gr[28]="κατωτέρω" downgraded to u
[matthew 2:17] B: ru[0]="Тогда" → gr[0]="τότε" downgraded to u
[matthew 2:17] B: ru[3]="через" → gr[6]="τοῦ" downgraded to u
[matthew 2:18] B: ru[12]="о" → gr[10]="τὰ" downgraded to u
[matthew 2:18] B: ru[21]="нет." → gr[18]="οὐ" downgraded to u
[matthew 2:21] B: ru[0]="Он" → gr[1]="δὲ" downgraded to u
[matthew 2:22] B: ru[5]="в" → gr[5]="τῆς" downgraded to u
[matthew 2:22] B: ru[7]="вместо" → gr[7]="ἀντὶ" downgraded to u
[matthew 2:22] B: ru[12]="туда" → gr[13]="ἐκεῖ" downgraded to u
[matthew 3:3] B: ru[4]="котором" → gr[3]="ὁ" downgraded to u
[matthew 3:3] B: ru[5]="сказал" → gr[7]="τοῦ" downgraded to u
[matthew 3:5] B: ru[0]="Тогда" → gr[0]="τότε" downgraded to u
[matthew 3:10] B: ru[0]="Уже" → gr[0]="ἤδη" downgraded to u
[matthew 3:13] B: ru[0]="Тогда" → gr[0]="Τότε" downgraded to u
[matthew 3:15] B: ru[7]="теперь," → gr[8]="ἄρτι" downgraded to u
[matthew 3:15] B: ru[15]="Тогда" → gr[17]="τότε" downgraded to u
[matthew 3:16] B: ru[15]="Иоанн" → gr[12]="οἱ" downgraded to u
[matthew 4:1] B: ru[0]="Тогда" → gr[0]="Τότε" downgraded to u
[matthew 4:1] B: ru[3]="был" → gr[5]="τὴν" downgraded to u
[matthew 4:5] B: ru[0]="Потом" → gr[0]="Τότε" downgraded to u
[matthew 4:6] B: ru[8]="вниз," → gr[10]="κάτω" downgraded to u
[matthew 4:7] B: ru[4]="также:" → gr[4]="Πάλιν" downgraded to u
[matthew 4:8] B: ru[0]="Опять" → gr[0]="Πάλιν" downgraded to u
[matthew 4:8] B: ru[5]="весьма" → gr[8]="λίαν" downgraded to u
[matthew 4:10] B: ru[0]="Тогда" → gr[0]="τότε" downgraded to u
[matthew 4:11] B: ru[0]="Тогда" → gr[0]="τότε" downgraded to u
[matthew 4:17] B: ru[1]="того" → gr[1]="τότε" downgraded to u
[matthew 4:18] B: ru[2]="близ" → gr[2]="παρὰ" downgraded to u
[matthew 4:19] B: ru[3]="идите" → gr[3]="Δεῦτε" downgraded to u
[matthew 4:20] B: ru[2]="тотчас," → gr[2]="εὐθέως" downgraded to u
[matthew 4:21] A: ru[22]="свои," → ru[25]="их." (gr[27]="αὐτῶν")
[matthew 4:21] B: ru[0]="Оттуда," → gr[2]="ἐκεῖθεν" downgraded to u
[matthew 4:22] B: ru[2]="тотчас," → gr[2]="εὐθέως" downgraded to u
[matthew 4:24] A2: +added ru[28]="их." ↔ gr[28]="αὐτούς"
[matthew 4:24] B: ru[13]="немощных," → gr[14]="κακῶς" downgraded to u
[matthew 4:25] B: ru[15]="из-за" → gr[15]="πέραν" downgraded to u
[matthew 5:1] B: ru[0]="Увидев" → gr[1]="δὲ" downgraded to u
[matthew 5:2] A: ru[4]="Свои," → ru[6]="их," (gr[4]="αὐτοῦ")
[matthew 5:11] B: ru[8]="и" → gr[8]="εἴπωσιν" downgraded to u
[matthew 5:12] B: ru[11]="и" → gr[14]="τοὺς" downgraded to u
[matthew 5:12] B: ru[13]="бывших" → gr[16]="τοὺς" downgraded to u
[matthew 5:12] B: ru[14]="прежде" → gr[17]="πρὸ" downgraded to u
[matthew 5:13] B: ru[16]="ни" → gr[15]="οὐδὲν" downgraded to u
[matthew 5:13] B: ru[15]="уже" → gr[17]="ἔτι" downgraded to u
[matthew 5:13] B: ru[21]="разве" → gr[19]="μὴ" downgraded to u
[matthew 5:13] B: ru[24]="вон" → gr[21]="ἔξω" downgraded to u
[matthew 5:18] B: ru[4]="доколе" → gr[4]="ἕως" downgraded to u
[matthew 5:18] B: ru[21]="пока" → gr[23]="ἕως" downgraded to u
[matthew 5:19] B: ru[0]="Итак," → gr[2]="οὖν" downgraded to u
[matthew 5:19] B: ru[4]="из" → gr[7]="τούτων" downgraded to u
[matthew 5:19] B: ru[6]="сих" → gr[8]="τῶν" downgraded to u
[matthew 5:19] B: ru[12]="тот" → gr[18]="τῇ" downgraded to u
[matthew 5:22] B: ru[7]="на" → gr[6]="ὁ" downgraded to u
[matthew 5:23] B: ru[0]="Итак," → gr[1]="οὖν" downgraded to u
[matthew 5:23] B: ru[16]="против" → gr[17]="κατὰ" downgraded to u
[matthew 5:24] B: ru[1]="там" → gr[1]="ἐκεῖ" downgraded to u
[matthew 5:24] B: ru[10]="с" → gr[12]="τῷ" downgraded to u
[matthew 5:24] B: ru[14]="тогда" → gr[16]="τότε" downgraded to u
[matthew 5:25] B: ru[1]="с" → gr[2]="τῷ" downgraded to u
[matthew 5:25] B: ru[12]="чтобы" → gr[17]="ὁ" downgraded to u
[matthew 5:25] B: ru[23]="тебя" → gr[24]="τῷ" downgraded to u
[matthew 5:26] B: ru[6]="оттуда," → gr[6]="ἐκεῖθεν" downgraded to u
[matthew 5:26] B: ru[7]="пока" → gr[7]="ἕως" downgraded to u
[matthew 5:28] B: ru[6]="кто" → gr[6]="ὁ" downgraded to u
[matthew 5:28] B: ru[12]="уже" → gr[13]="ἤδη" downgraded to u
[matthew 5:30] A2: +added ru[8]="ее" ↔ gr[9]="αὐτὴν"
[matthew 5:31] B: ru[1]="также," → gr[1]="δέ" downgraded to u
[matthew 5:31] B: ru[6]="с" → gr[5]="τὴν" downgraded to u
[matthew 5:32] A: ru[8]="своею," → ru[14]="ей" (gr[10]="αὐτοῦ")
[matthew 5:32] B: ru[6]="с" → gr[6]="ὁ" downgraded to u
[matthew 5:32] B: ru[12]="тот" → gr[8]="τὴν" downgraded to u
[matthew 5:32] B: ru[9]="кроме" → gr[11]="παρεκτὸς" downgraded to u
[matthew 5:32] B: ru[18]="кто" → gr[19]="ἐὰν" downgraded to u
[matthew 5:33] B: ru[0]="Еще" → gr[0]="Πάλιν" downgraded to u
[matthew 5:33] B: ru[11]="пред" → gr[10]="τῷ" downgraded to u
[matthew 5:34] B: ru[6]="вовсе:" → gr[6]="ὅλως" downgraded to u
[matthew 5:37] B: ru[5]="да," → gr[5]="ναὶ" downgraded to u
[matthew 5:37] B: ru[6]="да;" → gr[6]="ναί" downgraded to u
[matthew 5:37] B: ru[7]="нет," → gr[7]="οὒ" downgraded to u
[matthew 5:37] B: ru[8]="нет;" → gr[8]="οὔ" downgraded to u
[matthew 5:37] B: ru[10]="что" → gr[9]="τὸ" downgraded to u
[matthew 5:37] B: ru[13]="то" → gr[16]="ἐστιν" downgraded to u
[matthew 5:39] B: ru[11]="в" → gr[13]="τὴν" downgraded to u
[matthew 5:40] B: ru[1]="кто" → gr[1]="τῷ" downgraded to u
[matthew 5:42] B: ru[5]="от" → gr[0]="τῷ" downgraded to u
[matthew 5:43] B: ru[5]="ближнего" → gr[5]="πλησίον" downgraded to u
[matthew 5:44] B: ru[7]="благословляйте" → gr[11]="τῶν" downgraded to u
[matthew 5:46] B: ru[10]="Не" → gr[9]="οὐχὶ" downgraded to u
[matthew 5:46] B: ru[11]="то" → gr[14]="αὐτὸ" downgraded to u
[matthew 5:47] B: ru[4]="только" → gr[3]="τοὺς" downgraded to u
[matthew 5:47] B: ru[7]="что" → gr[7]="τί" downgraded to u
[matthew 5:47] B: ru[10]="Не" → gr[10]="οὐχὶ" downgraded to u
[matthew 5:48] B: ru[0]="Итак" → gr[1]="οὖν" downgraded to u
[matthew 5:48] B: ru[3]="как" → gr[5]="ὁ" downgraded to u
[matthew 6:1] B: ru[13]="иначе" → gr[16]="μή" downgraded to u
[matthew 6:1] B: ru[20]="вашего" → gr[26]="ἐν" downgraded to u
[matthew 6:2] B: ru[0]="Итак," → gr[1]="οὖν" downgraded to u
[matthew 6:2] B: ru[6]="перед" → gr[6]="ἔμπροσθέν" downgraded to u
[matthew 6:2] B: ru[18]="их" → gr[21]="ὑπὸ" downgraded to u
[matthew 6:3] B: ru[12]="что" → gr[9]="τί" downgraded to u
[matthew 6:5] B: ru[5]="как" → gr[6]="οἱ" downgraded to u
[matthew 6:5] B: ru[7]="которые" → gr[8]="ὅτι" downgraded to u
[matthew 6:6] B: ru[15]="Который" → gr[19]="ἐν" downgraded to u
[matthew 6:8] B: ru[12]="прежде" → gr[12]="πρὸ" downgraded to u
[matthew 6:11] B: ru[7]="день;" → gr[7]="σήμερον" downgraded to u
[matthew 6:15] B: ru[9]="и" → gr[11]="τὰ" downgraded to u
[matthew 6:16] B: ru[0]="Также," → gr[1]="δὲ" downgraded to u
[matthew 6:16] B: ru[6]="как" → gr[6]="οἱ" downgraded to u
[matthew 6:18] B: ru[10]="Который" → gr[10]="τῷ" downgraded to u
[matthew 6:19] B: ru[6]="где" → gr[7]="ὅπου" downgraded to u
[matthew 6:19] B: ru[12]="где" → gr[13]="ὅπου" downgraded to u
[matthew 6:20] B: ru[6]="где" → gr[6]="ὅπου" downgraded to u
[matthew 6:20] B: ru[14]="где" → gr[13]="ὅπου" downgraded to u
[matthew 6:21] B: ru[4]="там" → gr[6]="ἐκεῖ" downgraded to u
[matthew 6:22] B: ru[1]="для" → gr[0]="Ὁ" downgraded to u
[matthew 6:22] B: ru[5]="Итак," → gr[8]="οὖν" downgraded to u
[matthew 6:23] B: ru[12]="Итак," → gr[14]="οὖν" downgraded to u
[matthew 6:24] B: ru[19]="о" → gr[18]="τοῦ" downgraded to u
[matthew 6:25] B: ru[5]="для" → gr[6]="τῇ" downgraded to u
[matthew 6:25] B: ru[8]="что" → gr[9]="τί" downgraded to u
[matthew 6:25] B: ru[15]="для" → gr[12]="τῷ" downgraded to u
[matthew 6:25] B: ru[12]="что" → gr[15]="τί" downgraded to u
[matthew 6:25] B: ru[22]="не" → gr[17]="οὐχὶ" downgraded to u
[matthew 6:25] B: ru[24]="ли" → gr[21]="ἐστι" downgraded to u
[matthew 6:25] B: ru[26]="и" → gr[22]="τῆς" downgraded to u
[matthew 6:26] B: ru[21]="гораздо" → gr[25]="μᾶλλον" downgraded to u
[matthew 6:28] B: ru[3]="что" → gr[3]="τί" downgraded to u
[matthew 6:28] B: ru[6]="на" → gr[6]="τὰ" downgraded to u
[matthew 6:30] B: ru[5]="сегодня" → gr[6]="σήμερον" downgraded to u
[matthew 6:30] B: ru[8]="завтра" → gr[9]="αὔριον" downgraded to u
[matthew 6:30] B: ru[17]="паче" → gr[19]="μᾶλλον" downgraded to u
[matthew 6:31] B: ru[0]="Итак" → gr[1]="οὖν" downgraded to u
[matthew 6:31] B: ru[6]="что" → gr[4]="Τί" downgraded to u
[matthew 6:31] B: ru[10]="что" → gr[7]="Τί" downgraded to u
[matthew 6:31] B: ru[14]="что" → gr[10]="Τί" downgraded to u
[matthew 6:34] B: ru[0]="Итак" → gr[1]="οὖν" downgraded to u
[matthew 6:34] B: ru[4]="завтрашнем" → gr[5]="αὔριον" downgraded to u
[matthew 6:34] B: ru[11]="о" → gr[6]="ἡ" downgraded to u
[matthew 6:34] B: ru[7]="завтрашний" → gr[8]="αὔριον" downgraded to u
[matthew 6:34] B: ru[14]="для" → gr[12]="τῇ" downgraded to u
[matthew 6:34] B: ru[16]="дня" → gr[14]="ἡ" downgraded to u
[matthew 7:2] B: ru[0]="ибо" → gr[1]="ᾧ" downgraded to u
[matthew 7:2] B: ru[1]="каким" → gr[2]="γὰρ" downgraded to u
[matthew 7:3] B: ru[1]="что" → gr[0]="τί" downgraded to u
[matthew 7:3] B: ru[4]="на" → gr[3]="τὸ" downgraded to u
[matthew 7:4] B: ru[9]="из" → gr[11]="τοῦ" downgraded to u
[matthew 7:5] B: ru[8]="тогда" → gr[10]="τότε" downgraded to u
[matthew 7:6] B: ru[9]="перед" → gr[11]="ἔμπροσθεν" downgraded to u
[matthew 7:9] B: ru[7]="когда" → gr[8]="ὁ" downgraded to u
[matthew 7:9] B: ru[14]="подал" → gr[12]="μὴ" downgraded to u
[matthew 7:10] B: ru[4]="подал" → gr[4]="μὴ" downgraded to u
[matthew 7:11] B: ru[0]="Итак" → gr[1]="οὖν" downgraded to u
[matthew 7:11] B: ru[12]="более" → gr[13]="μᾶλλον" downgraded to u
[matthew 7:12] B: ru[0]="Итак" → gr[1]="οὖν" downgraded to u
[matthew 7:12] B: ru[3]="как" → gr[2]="ὅσα" downgraded to u
[matthew 7:15] B: ru[10]="внутри" → gr[11]="ἔσωθεν" downgraded to u
[matthew 7:20] A2: +added ru[5]="их." ↔ gr[7]="αὐτούς"
[matthew 7:20] B: ru[0]="Итак" → gr[0]="ἄρα" downgraded to u
[matthew 7:23] B: ru[1]="тогда" → gr[1]="τότε" downgraded to u
[matthew 7:23] B: ru[5]="никогда" → gr[5]="Οὐδέποτε" downgraded to u
[matthew 7:24] B: ru[0]="Итак" → gr[1]="οὖν" downgraded to u
[matthew 7:25] B: ru[22]="на" → gr[23]="τὴν" downgraded to u
[matthew 7:28] B: ru[0]="И" → gr[1]="ἐγένετο" downgraded to u
[matthew 7:28] B: ru[3]="окончил" → gr[6]="τοὺς" downgraded to u
[matthew 8:3] B: ru[11]="тотчас" → gr[10]="εὐθέως" downgraded to u
[matthew 8:3] B: ru[13]="от" → gr[13]="ἡ" downgraded to u
[matthew 8:6] B: ru[8]="жестоко" → gr[11]="δεινῶς" downgraded to u
[matthew 8:8] B: ru[6]="недостоин," → gr[6]="οὐ" downgraded to u
[matthew 8:9] B: ru[10]="подчинении" → gr[8]="ὑπ" downgraded to u
[matthew 8:9] B: ru[26]="то," → gr[27]="τοῦτο" downgraded to u
[matthew 8:10] B: ru[1]="сие," → gr[2]="ὁ" downgraded to u
[matthew 8:12] B: ru[9]="будет" → gr[9]="τὸ" downgraded to u
[matthew 8:12] B: ru[8]="там" → gr[11]="ἐκεῖ" downgraded to u
[matthew 8:14] B: ru[5]="увидел" → gr[9]="τὴν" downgraded to u
[matthew 8:16] B: ru[17]="больных," → gr[15]="κακῶς" downgraded to u
[matthew 8:18] B: ru[3]="вокруг" → gr[6]="περὶ" downgraded to u
[matthew 8:18] B: ru[12]="сторону." → gr[12]="πέραν" downgraded to u
[matthew 8:19] B: ru[0]="Тогда" → gr[0]="καὶ" downgraded to u
[matthew 8:19] B: ru[11]="куда" → gr[10]="ἐὰν" downgraded to u
[matthew 8:20] B: ru[17]="где" → gr[22]="ποῦ" downgraded to u
[matthew 8:21] B: ru[2]="из" → gr[2]="τῶν" downgraded to u
[matthew 8:25] B: ru[0]="Тогда" → gr[0]="καὶ" downgraded to u
[matthew 8:26] B: ru[3]="что" → gr[3]="Τί" downgraded to u
[matthew 8:26] B: ru[8]="Потом," → gr[7]="τότε" downgraded to u
[matthew 8:28] B: ru[6]="берег" → gr[5]="πέραν" downgraded to u
[matthew 8:28] B: ru[17]="весьма" → gr[20]="λίαν" downgraded to u
[matthew 8:29] B: ru[4]="что" → gr[4]="Τί" downgraded to u
[matthew 8:29] B: ru[13]="сюда" → gr[12]="ὧδε" downgraded to u
[matthew 8:29] B: ru[14]="прежде" → gr[13]="πρὸ" downgraded to u
[matthew 8:32] B: ru[15]="стадо" → gr[21]="τὴν" downgraded to u
[matthew 8:33] B: ru[11]="о" → gr[0]="οἱ" downgraded to u
[matthew 8:33] B: ru[12]="том," → gr[7]="τὴν" downgraded to u
[matthew 8:34] B: ru[5]="навстречу" → gr[8]="τῷ" downgraded to u
[matthew 9:1] B: ru[0]="Тогда" → gr[0]="Καὶ" downgraded to u
[matthew 9:2] B: ru[10]="видя" → gr[10]="ὁ" downgraded to u
[matthew 9:2] B: ru[19]="тебе" → gr[22]="αἱ" downgraded to u
[matthew 9:3] B: ru[1]="сем" → gr[1]="ἰδού" downgraded to u
[matthew 9:3] B: ru[3]="из" → gr[3]="τῶν" downgraded to u
[matthew 9:4] B: ru[7]="чего" → gr[8]="Ἱνατί" downgraded to u
[matthew 9:5] B: ru[1]="что" → gr[2]="ἐστιν" downgraded to u
[matthew 9:5] B: ru[5]="тебе" → gr[7]="αἱ" downgraded to u
[matthew 9:6] B: ru[14]="тогда" → gr[15]="τότε" downgraded to u
[matthew 9:9] B: ru[1]="оттуда," → gr[4]="ἐκεῖθεν" downgraded to u
[matthew 9:10] B: ru[1]="когда" → gr[1]="ἐγένετο" downgraded to u
[matthew 9:11] B: ru[3]="сказали" → gr[5]="τοῖς" downgraded to u
[matthew 9:11] B: ru[7]="чего" → gr[11]="τῶν" downgraded to u
[matthew 9:12] B: ru[13]="больные," → gr[12]="κακῶς" downgraded to u
[matthew 9:13] B: ru[2]="что" → gr[3]="τί" downgraded to u
[matthew 9:14] B: ru[0]="Тогда" → gr[0]="Τότε" downgraded to u
[matthew 9:14] B: ru[10]="и" → gr[11]="οἱ" downgraded to u
[matthew 9:15] B: ru[23]="тогда" → gr[29]="τότε" downgraded to u
[matthew 9:17] B: ru[9]="иначе" → gr[9]="μή" downgraded to u
[matthew 9:18] B: ru[22]="нее" → gr[12]="Ἡ" downgraded to u
[matthew 9:18] B: ru[16]="теперь" → gr[15]="ἄρτι" downgraded to u
[matthew 9:20] B: ru[8]="сзади," → gr[7]="ὄπισθεν" downgraded to u
[matthew 9:21] B: ru[9]="к" → gr[7]="τοῦ" downgraded to u
[matthew 9:22] A2: +added ru[5]="ее," ↔ gr[6]="αὐτὴν"
[matthew 9:23] B: ru[8]="увидел" → gr[11]="τοὺς" downgraded to u
[matthew 9:25] B: ru[9]="за" → gr[7]="τῆς" downgraded to u
[matthew 9:27] B: ru[3]="оттуда," → gr[2]="ἐκεῖθεν" downgraded to u
[matthew 9:29] B: ru[0]="Тогда" → gr[0]="τότε" downgraded to u
[matthew 9:32] B: ru[4]="то" → gr[3]="ἰδοὺ" downgraded to u
[matthew 9:33] B: ru[1]="когда" → gr[2]="τοῦ" downgraded to u
[matthew 9:33] B: ru[12]="никогда" → gr[12]="Οὐδέποτε" downgraded to u
[matthew 9:33] B: ru[15]="такого" → gr[14]="οὕτως" downgraded to u
[matthew 9:34] B: ru[6]="силою" → gr[4]="Ἐν" downgraded to u
[matthew 9:36] B: ru[0]="Видя" → gr[1]="δὲ" downgraded to u
[matthew 9:37] B: ru[0]="Тогда" → gr[0]="τότε" downgraded to u
[matthew 9:38] B: ru[0]="итак" → gr[1]="οὖν" downgraded to u
[matthew 9:38] B: ru[1]="молите" → gr[2]="τοῦ" downgraded to u
[matthew 10:4] B: ru[5]="который" → gr[5]="ὁ" downgraded to u
[matthew 10:6] B: ru[2]="наипаче" → gr[2]="μᾶλλον" downgraded to u
[matthew 10:8] B: ru[8]="даром" → gr[8]="δωρεὰν" downgraded to u
[matthew 10:8] B: ru[10]="даром" → gr[10]="δωρεὰν" downgraded to u
[matthew 10:9] B: ru[12]="свои," → gr[10]="ὑμῶν" downgraded to u
[matthew 10:11] B: ru[15]="там" → gr[14]="κἀκεῖ" downgraded to u
[matthew 10:11] B: ru[17]="пока" → gr[17]="ἂν" downgraded to u
[matthew 10:14] B: ru[13]="из" → gr[13]="τῆς" downgraded to u
[matthew 10:14] B: ru[16]="из" → gr[16]="τῆς" downgraded to u
[matthew 10:14] B: ru[21]="от" → gr[22]="τῶν" downgraded to u
[matthew 10:15] B: ru[12]="нежели" → gr[12]="ἢ" downgraded to u
[matthew 10:16] B: ru[8]="итак" → gr[10]="οὖν" downgraded to u
[matthew 10:18] B: ru[8]="Меня," → gr[7]="ἕνεκεν" downgraded to u
[matthew 10:19] B: ru[9]="что" → gr[8]="τί" downgraded to u
[matthew 10:19] B: ru[18]="что" → gr[17]="τί" downgraded to u
[matthew 10:21] A2: +added ru[17]="их;" ↔ gr[16]="αὐτούς"
[matthew 10:24] B: ru[2]="выше" → gr[3]="ὑπὲρ" downgraded to u
[matthew 10:24] B: ru[7]="выше" → gr[8]="ὑπὲρ" downgraded to u
[matthew 10:25] B: ru[1]="для" → gr[1]="τῷ" downgraded to u
[matthew 10:25] B: ru[10]="для" → gr[10]="ὁ" downgraded to u
[matthew 10:25] B: ru[26]="более" → gr[22]="μᾶλλον" downgraded to u
[matthew 10:26] A2: +added ru[3]="их," ↔ gr[3]="αὐτούς"
[matthew 10:26] B: ru[0]="Итак" → gr[1]="οὖν" downgraded to u
[matthew 10:26] B: ru[8]="что" → gr[8]="ὃ" downgraded to u
[matthew 10:26] B: ru[14]="что" → gr[13]="ὃ" downgraded to u
[matthew 10:27] B: ru[0]="Что" → gr[0]="ὃ" downgraded to u
[matthew 10:27] B: ru[9]="что" → gr[11]="ὃ" downgraded to u
[matthew 10:28] B: ru[14]="кто" → gr[8]="τὴν" downgraded to u
[matthew 10:28] B: ru[12]="более" → gr[16]="μᾶλλον" downgraded to u
[matthew 10:29] B: ru[0]="Не" → gr[0]="οὐχὶ" downgraded to u
[matthew 10:32] B: ru[0]="Итак" → gr[1]="οὖν" downgraded to u
[matthew 10:37] B: ru[0]="Кто" → gr[0]="ὁ" downgraded to u
[matthew 10:37] B: ru[6]="нежели" → gr[5]="ὑπὲρ" downgraded to u
[matthew 10:37] B: ru[12]="кто" → gr[12]="ὁ" downgraded to u
[matthew 10:37] B: ru[18]="нежели" → gr[17]="ὑπὲρ" downgraded to u
[matthew 10:38] B: ru[10]="тот" → gr[4]="τὸν" downgraded to u
[matthew 10:39] A: ru[2]="свою" → ru[12]="ее." (gr[4]="αὐτοῦ")
[matthew 10:40] B: ru[0]="Кто" → gr[0]="Ὁ" downgraded to u
[matthew 10:40] B: ru[6]="кто" → gr[6]="ὁ" downgraded to u
[matthew 10:41] B: ru[0]="кто" → gr[0]="ὁ" downgraded to u
[matthew 10:41] B: ru[10]="кто" → gr[10]="ὁ" downgraded to u
[matthew 10:42] B: ru[0]="И" → gr[1]="ὃς" downgraded to u
[matthew 11:1] B: ru[0]="И" → gr[1]="ἐγένετο" downgraded to u
[matthew 11:1] B: ru[9]="оттуда" → gr[12]="ἐκεῖθεν" downgraded to u
[matthew 11:2] B: ru[9]="двоих" → gr[9]="τοῦ" downgraded to u
[matthew 11:3] B: ru[3]="ли" → gr[3]="εἶ" downgraded to u
[matthew 11:3] B: ru[4]="Тот," → gr[4]="ὁ" downgraded to u
[matthew 11:4] B: ru[9]="что" → gr[9]="ἃ" downgraded to u
[matthew 11:7] B: ru[0]="Когда" → gr[0]="Τούτων" downgraded to u
[matthew 11:7] B: ru[10]="что" → gr[11]="Τί" downgraded to u
[matthew 11:8] B: ru[0]="Что" → gr[1]="τί" downgraded to u
[matthew 11:9] B: ru[0]="Что" → gr[1]="τί" downgraded to u
[matthew 11:9] B: ru[6]="Да," → gr[5]="ναί" downgraded to u
[matthew 11:12] B: ru[5]="доныне" → gr[8]="ἄρτι" downgraded to u
[matthew 11:14] B: ru[7]="которому" → gr[7]="ὁ" downgraded to u
[matthew 11:15] B: ru[0]="Кто" → gr[0]="ὁ" downgraded to u
[matthew 11:20] B: ru[0]="Тогда" → gr[0]="Τότε" downgraded to u
[matthew 11:21] B: ru[3]="горе" → gr[3]="οὐαί" downgraded to u
[matthew 11:21] B: ru[20]="давно" → gr[19]="πάλαι" downgraded to u
[matthew 11:22] B: ru[11]="нежели" → gr[11]="ἢ" downgraded to u
[matthew 11:23] B: ru[26]="дня;" → gr[25]="σήμερον" downgraded to u
[matthew 11:24] B: ru[11]="нежели" → gr[11]="ἢ" downgraded to u
[matthew 11:25] B: ru[1]="то" → gr[1]="ἐκείνῳ" downgraded to u
[matthew 11:25] B: ru[24]="то" → gr[26]="αὐτὰ" downgraded to u
[matthew 11:26] B: ru[3]="таково" → gr[4]="οὕτως" downgraded to u
[matthew 11:27] B: ru[10]="кроме" → gr[13]="μὴ" downgraded to u
[matthew 11:27] B: ru[12]="и" → gr[17]="τὸν" downgraded to u
[matthew 11:27] B: ru[17]="кроме" → gr[22]="μὴ" downgraded to u
[matthew 11:27] B: ru[19]="и" → gr[26]="ᾧ" downgraded to u
[matthew 11:27] B: ru[20]="кому" → gr[27]="ἐὰν" downgraded to u
[matthew 11:28] B: ru[0]="Придите" → gr[0]="Δεῦτε" downgraded to u
[matthew 12:1] B: ru[1]="то" → gr[1]="ἐκείνῳ" downgraded to u
[matthew 12:1] B: ru[5]="в" → gr[7]="τοῖς" downgraded to u
[matthew 12:3] B: ru[8]="что" → gr[6]="τί" downgraded to u
[matthew 12:3] B: ru[15]="бывшие" → gr[12]="οἱ" downgraded to u
[matthew 12:4] B: ru[18]="бывшим" → gr[20]="τοῖς" downgraded to u
[matthew 12:4] B: ru[22]="только" → gr[27]="μόνοις" downgraded to u
[matthew 12:5] B: ru[11]="в" → gr[12]="τῷ" downgraded to u
[matthew 12:5] B: ru[12]="храме" → gr[14]="τὸ" downgraded to u
[matthew 12:5] B: ru[15]="однако" → gr[17]="καὶ" downgraded to u
[matthew 12:6] B: ru[4]="здесь" → gr[8]="ὧδε" downgraded to u
[matthew 12:6] B: ru[5]="Тот," → gr[4]="τοῦ" downgraded to u
[matthew 12:7] B: ru[4]="что" → gr[3]="τί" downgraded to u
[matthew 12:7] B: ru[14]="бы" → gr[13]="τοὺς" downgraded to u
[matthew 12:8] B: ru[5]="и" → gr[7]="τοῦ" downgraded to u
[matthew 12:9] B: ru[2]="оттуда," → gr[2]="ἐκεῖθεν" downgraded to u
[matthew 12:11] B: ru[17]="не" → gr[21]="οὐχὶ" downgraded to u
[matthew 12:12] B: ru[5]="Итак" → gr[5]="ὥστε" downgraded to u
[matthew 12:12] B: ru[10]="добро." → gr[9]="καλῶς" downgraded to u
[matthew 12:13] B: ru[0]="Тогда" → gr[0]="τότε" downgraded to u
[matthew 12:13] B: ru[3]="тому:" → gr[2]="τῷ" downgraded to u
[matthew 12:14] B: ru[5]="против" → gr[6]="κατ" downgraded to u
[matthew 12:15] A2: +added ru[9]="их" ↔ gr[12]="αὐτοὺς"
[matthew 12:16] B: ru[2]="им" → gr[4]="μὴ" downgraded to u
[matthew 12:19] B: ru[9]="улицах" → gr[10]="τὴν" downgraded to u
[matthew 12:20] B: ru[9]="доколе" → gr[9]="ἕως" downgraded to u
[matthew 12:21] B: ru[1]="на" → gr[1]="τῷ" downgraded to u
[matthew 12:22] B: ru[0]="Тогда" → gr[0]="Τότε" downgraded to u
[matthew 12:23] B: ru[6]="не" → gr[7]="Μήτι" downgraded to u
[matthew 12:23] B: ru[8]="ли" → gr[9]="ἐστιν" downgraded to u
[matthew 12:29] B: ru[18]="тогда" → gr[22]="τότε" downgraded to u
[matthew 12:30] B: ru[0]="Кто" → gr[0]="ὁ" downgraded to u
[matthew 12:30] B: ru[5]="против" → gr[5]="κατ" downgraded to u
[matthew 12:30] B: ru[8]="кто" → gr[9]="ὁ" downgraded to u
[matthew 12:32] B: ru[9]="если" → gr[12]="ὃς" downgraded to u
[matthew 12:37] B: ru[3]="своих" → gr[4]="σου" downgraded to u
[matthew 12:37] B: ru[8]="своих" → gr[10]="σου" downgraded to u
[matthew 12:38] B: ru[0]="Тогда" → gr[0]="Τότε" downgraded to u
[matthew 12:38] B: ru[2]="из" → gr[4]="τῶν" downgraded to u
[matthew 12:39] B: ru[17]="кроме" → gr[17]="μὴ" downgraded to u
[matthew 12:40] B: ru[13]="и" → gr[16]="ὁ" downgraded to u
[matthew 12:41] B: ru[18]="здесь" → gr[23]="ὧδε" downgraded to u
[matthew 12:42] B: ru[22]="здесь" → gr[28]="ὧδε" downgraded to u
[matthew 12:44] B: ru[0]="тогда" → gr[0]="τότε" downgraded to u
[matthew 12:44] B: ru[6]="откуда" → gr[7]="ὅθεν" downgraded to u
[matthew 12:45] B: ru[0]="тогда" → gr[0]="τότε" downgraded to u
[matthew 12:45] B: ru[14]="там;" → gr[14]="ἐκεῖ" downgraded to u
[matthew 12:45] B: ru[27]="этим" → gr[31]="τῇ" downgraded to u
[matthew 12:46] B: ru[12]="вне" → gr[14]="ἔξω" downgraded to u
[matthew 12:47] B: ru[11]="вне," → gr[12]="ἔξω" downgraded to u
[matthew 13:1] B: ru[5]="из" → gr[5]="ὁ" downgraded to u
[matthew 13:4] B: ru[13]="то;" → gr[16]="αὐτά" downgraded to u
[matthew 13:5] B: ru[0]="иное" → gr[1]="δὲ" downgraded to u
[matthew 13:5] B: ru[5]="где" → gr[6]="ὅπου" downgraded to u
[matthew 13:5] B: ru[6]="немного" → gr[7]="οὐ" downgraded to u
[matthew 13:5] B: ru[10]="скоро" → gr[12]="εὐθέως" downgraded to u
[matthew 13:5] B: ru[16]="неглубока." → gr[16]="μὴ" downgraded to u
[matthew 13:8] B: ru[8]="одно" → gr[12]="μὲν" downgraded to u
[matthew 13:9] B: ru[0]="Кто" → gr[0]="ὁ" downgraded to u
[matthew 13:10] B: ru[6]="чего" → gr[8]="ἐν" downgraded to u
[matthew 13:11] B: ru[0]="Он" → gr[1]="δὲ" downgraded to u
[matthew 13:12] B: ru[17]="что" → gr[12]="ὃ" downgraded to u
[matthew 13:13] B: ru[0]="потому" → gr[1]="τοῦτο" downgraded to u
[matthew 13:14] B: ru[6]="которое" → gr[6]="ἡ" downgraded to u
[matthew 13:15] A: ru[12]="свои" → ru[33]="их." (gr[15]="αὐτῶν")
[matthew 13:15] B: ru[8]="трудом" → gr[10]="βαρέως" downgraded to u
[matthew 13:15] B: ru[16]="увидят" → gr[19]="τοῖς" downgraded to u
[matthew 13:17] B: ru[11]="что" → gr[11]="ἃ" downgraded to u
[matthew 13:17] B: ru[19]="что" → gr[18]="ἃ" downgraded to u
[matthew 13:18] B: ru[5]="о" → gr[5]="τοῦ" downgraded to u
[matthew 13:19] B: ru[4]="о" → gr[4]="τῆς" downgraded to u
[matthew 13:19] B: ru[18]="вот" → gr[20]="οὗτός" downgraded to u
[matthew 13:20] B: ru[6]="того," → gr[3]="τὰ" downgraded to u
[matthew 13:20] B: ru[7]="кто" → gr[8]="ὁ" downgraded to u
[matthew 13:22] B: ru[5]="того," → gr[3]="τὰς" downgraded to u
[matthew 13:22] B: ru[6]="кто" → gr[8]="ὁ" downgraded to u
[matthew 13:23] B: ru[11]="и" → gr[16]="δὴ" downgraded to u
[matthew 13:25] B: ru[9]="между" → gr[14]="μέσον" downgraded to u
[matthew 13:26] B: ru[6]="тогда" → gr[8]="τότε" downgraded to u
[matthew 13:27] B: ru[7]="не" → gr[9]="οὐχὶ" downgraded to u
[matthew 13:27] B: ru[16]="откуда" → gr[17]="πόθεν" downgraded to u
[matthew 13:29] B: ru[3]="нет," → gr[3]="Οὔ" downgraded to u
[matthew 13:32] B: ru[1]="хотя" → gr[2]="μέν" downgraded to u
[matthew 13:32] B: ru[10]="всех" → gr[11]="τῶν" downgraded to u
[matthew 13:33] B: ru[17]="доколе" → gr[19]="ἕως" downgraded to u
[matthew 13:36] B: ru[0]="Тогда" → gr[0]="Τότε" downgraded to u
[matthew 13:36] B: ru[17]="о" → gr[19]="τῶν" downgraded to u
[matthew 13:36] B: ru[19]="на" → gr[21]="τοῦ" downgraded to u
[matthew 13:40] B: ru[0]="Посему" → gr[1]="οὖν" downgraded to u
[matthew 13:42] A2: +added ru[2]="их" ↔ gr[2]="αὐτοὺς"
[matthew 13:42] B: ru[6]="там" → gr[8]="ἐκεῖ" downgraded to u
[matthew 13:43] B: ru[0]="тогда" → gr[0]="Τότε" downgraded to u
[matthew 13:43] B: ru[9]="Кто" → gr[13]="ὁ" downgraded to u
[matthew 13:44] B: ru[21]="что" → gr[24]="ὅσα" downgraded to u
[matthew 13:44] B: ru[26]="то." → gr[30]="ἐκεῖνον" downgraded to u
[matthew 13:45] B: ru[0]="Еще" → gr[0]="Πάλιν" downgraded to u
[matthew 13:46] B: ru[9]="что" → gr[8]="ὅσα" downgraded to u
[matthew 13:47] B: ru[0]="Еще" → gr[0]="Πάλιν" downgraded to u
[matthew 13:48] B: ru[15]="вон." → gr[17]="ἔξω" downgraded to u
[matthew 13:50] A2: +added ru[2]="их" ↔ gr[2]="αὐτοὺς"
[matthew 13:50] B: ru[6]="там" → gr[8]="ἐκεῖ" downgraded to u
[matthew 13:51] B: ru[12]="так," → gr[5]="Ναί" downgraded to u
[matthew 13:53] B: ru[7]="оттуда." → gr[10]="ἐκεῖθεν" downgraded to u
[matthew 13:54] A: ru[4]="Свое," → ru[9]="их," (gr[5]="αὐτοῦ")
[matthew 13:54] B: ru[16]="откуда" → gr[17]="Πόθεν" downgraded to u
[matthew 13:55] B: ru[2]="ли" → gr[2]="ἐστιν" downgraded to u
[matthew 13:55] B: ru[5]="не" → gr[8]="ἡ" downgraded to u
[matthew 13:56] B: ru[3]="не" → gr[4]="οὐχὶ" downgraded to u
[matthew 13:56] B: ru[8]="откуда" → gr[9]="πόθεν" downgraded to u
[matthew 13:57] B: ru[13]="разве" → gr[13]="εἰ" downgraded to u
[matthew 13:58] B: ru[3]="там" → gr[3]="ἐκεῖ" downgraded to u
[matthew 14:1] B: ru[1]="то" → gr[1]="ἐκείνῳ" downgraded to u
[matthew 14:2] B: ru[13]="потому" → gr[17]="τοῦτο" downgraded to u
[matthew 14:4] A2: +added ru[9]="ее." ↔ gr[9]="αὐτήν"
[matthew 14:6] B: ru[10]="перед" → gr[10]="ἐν" downgraded to u
[matthew 14:7] B: ru[7]="чего" → gr[7]="ἐὰν" downgraded to u
[matthew 14:8] B: ru[9]="здесь" → gr[10]="ὧδε" downgraded to u
[matthew 14:13] B: ru[11]="а" → gr[2]="ὁ" downgraded to u
[matthew 14:13] B: ru[4]="оттуда" → gr[5]="ἐκεῖθεν" downgraded to u
[matthew 14:13] B: ru[21]="пешком." → gr[19]="πεζῇ" downgraded to u
[matthew 14:15] B: ru[14]="и" → gr[13]="ἡ" downgraded to u
[matthew 14:15] B: ru[16]="уже" → gr[15]="ἤδη" downgraded to u
[matthew 14:17] B: ru[6]="здесь" → gr[6]="ὧδε" downgraded to u
[matthew 14:18] A2: +added ru[3]="их" ↔ gr[6]="αὐτούς"
[matthew 14:18] B: ru[5]="сюда." → gr[5]="ὧδε" downgraded to u
[matthew 14:21] B: ru[3]="около" → gr[5]="ὡσεὶ" downgraded to u
[matthew 14:21] B: ru[7]="кроме" → gr[7]="χωρὶς" downgraded to u
[matthew 14:22] A: ru[5]="Своих" → ru[12]="Его" (gr[10]="αὐτὸν")
[matthew 14:22] B: ru[1]="тотчас" → gr[1]="εὐθέως" downgraded to u
[matthew 14:22] B: ru[3]="Иисус" → gr[12]="τὸ" downgraded to u
[matthew 14:22] B: ru[15]="сторону," → gr[13]="πέραν" downgraded to u
[matthew 14:23] B: ru[12]="там" → gr[16]="ἐκεῖ" downgraded to u
[matthew 14:24] B: ru[5]="средине" → gr[0]="τὸ" downgraded to u
[matthew 14:24] B: ru[3]="уже" → gr[3]="ἤδη" downgraded to u
[matthew 14:25] B: ru[7]="ним" → gr[10]="τὴν" downgraded to u
[matthew 14:31] B: ru[1]="тотчас" → gr[0]="εὐθέως" downgraded to u
[matthew 14:33] B: ru[0]="Бывшие" → gr[0]="οἱ" downgraded to u
[matthew 14:33] B: ru[9]="истинно" → gr[8]="Ἀληθῶς" downgraded to u
[matthew 14:35] B: ru[15]="больных," → gr[19]="κακῶς" downgraded to u
[matthew 14:36] B: ru[6]="к" → gr[6]="τοῦ" downgraded to u
[matthew 15:1] B: ru[0]="Тогда" → gr[0]="Τότε" downgraded to u
[matthew 15:1] B: ru[2]="к" → gr[2]="τῷ" downgraded to u
[matthew 15:2] B: ru[0]="зачем" → gr[2]="οἱ" downgraded to u
[matthew 15:5] B: ru[11]="то," → gr[12]="ὃ" downgraded to u
[matthew 15:5] B: ru[12]="чем" → gr[14]="ἐξ" downgraded to u
[matthew 15:6] B: ru[0]="тот" → gr[3]="τὸν" downgraded to u
[matthew 15:6] B: ru[7]="или" → gr[10]="τοῦ" downgraded to u
[matthew 15:7] B: ru[1]="хорошо" → gr[1]="καλῶς" downgraded to u
[matthew 15:8] A: ru[6]="своими," → ru[13]="их" (gr[10]="αὐτῶν")
[matthew 15:8] B: ru[2]="Мне" → gr[0]="Ὁ" downgraded to u
[matthew 15:8] B: ru[7]="и" → gr[7]="ἡ" downgraded to u
[matthew 15:8] B: ru[14]="далеко" → gr[11]="πόρρω" downgraded to u
[matthew 15:9] B: ru[1]="тщетно" → gr[0]="μάτην" downgraded to u
[matthew 15:12] B: ru[0]="Тогда" → gr[0]="Τότε" downgraded to u
[matthew 15:12] B: ru[12]="сие," → gr[11]="τὸν" downgraded to u
[matthew 15:14] A2: +added ru[1]="их:" ↔ gr[1]="αὐτούς"
[matthew 15:16] B: ru[5]="еще" → gr[3]="Ἀκμὴν" downgraded to u
[matthew 15:17] B: ru[14]="вон?" → gr[14]="εἰς" downgraded to u
[matthew 15:17] B: ru[12]="и" → gr[15]="ἀφεδρῶνα" downgraded to u
[matthew 15:21] B: ru[2]="оттуда," → gr[2]="ἐκεῖθεν" downgraded to u
[matthew 15:22] B: ru[17]="жестоко" → gr[19]="κακῶς" downgraded to u
[matthew 15:23] A2: +added ru[14]="ее," ↔ gr[15]="αὐτήν"
[matthew 15:26] B: ru[5]="нехорошо" → gr[4]="Οὐκ" downgraded to u
[matthew 15:26] B: ru[8]="у" → gr[10]="τῶν" downgraded to u
[matthew 15:27] B: ru[0]="Она" → gr[1]="δὲ" downgraded to u
[matthew 15:27] B: ru[2]="так," → gr[3]="Ναί" downgraded to u
[matthew 15:27] B: ru[9]="которые" → gr[13]="τῶν" downgraded to u
[matthew 15:28] B: ru[0]="Тогда" → gr[0]="τότε" downgraded to u
[matthew 15:28] B: ru[6]="о," → gr[6]="Ὦ" downgraded to u
[matthew 15:29] B: ru[1]="оттуда," → gr[2]="ἐκεῖθεν" downgraded to u
[matthew 15:29] B: ru[12]="там." → gr[17]="ἐκεῖ" downgraded to u
[matthew 15:32] A: ru[4]="Своих," → ru[23]="их" (gr[6]="αὐτοῦ")
[matthew 15:32] B: ru[8]="Мне" → gr[9]="ἐπὶ" downgraded to u
[matthew 15:32] B: ru[11]="уже" → gr[13]="ἤδη" downgraded to u
[matthew 15:32] B: ru[15]="при" → gr[16]="προσμένουσίν" downgraded to u
[matthew 15:32] B: ru[18]="нечего" → gr[19]="οὐ" downgraded to u
[matthew 15:33] B: ru[5]="откуда" → gr[5]="Πόθεν" downgraded to u
[matthew 15:35] B: ru[0]="Тогда" → gr[0]="καὶ" downgraded to u
[matthew 15:35] B: ru[1]="велел" → gr[2]="τῷ" downgraded to u
[matthew 15:38] B: ru[6]="кроме" → gr[6]="χωρὶς" downgraded to u
[matthew 16:3] B: ru[1]="поутру:" → gr[1]="πρωΐ" downgraded to u
[matthew 16:3] B: ru[2]="сегодня" → gr[2]="Σήμερον" downgraded to u
[matthew 16:3] B: ru[5]="что" → gr[6]="στυγνάζων" downgraded to u
[matthew 16:4] A2: +added ru[17]="их," ↔ gr[18]="αὐτοὺς"
[matthew 16:4] B: ru[11]="кроме" → gr[12]="μὴ" downgraded to u
[matthew 16:5] B: ru[3]="сторону," → gr[6]="πέραν" downgraded to u
[matthew 16:8] B: ru[5]="что" → gr[5]="Τί" downgraded to u
[matthew 16:10] B: ru[1]="о" → gr[1]="τοὺς" downgraded to u
[matthew 16:12] B: ru[0]="Тогда" → gr[0]="τότε" downgraded to u
[matthew 16:13] B: ru[9]="Своих:" → gr[14]="λέγων" downgraded to u
[matthew 16:14] B: ru[0]="Они" → gr[1]="δὲ" downgraded to u
[matthew 16:14] B: ru[2]="одни" → gr[4]="μὲν" downgraded to u
[matthew 16:17] B: ru[0]="Тогда" → gr[12]="καὶ" downgraded to u
[matthew 16:17] B: ru[23]="Сущий" → gr[21]="ὁ" downgraded to u
[matthew 16:17] B: ru[24]="на" → gr[23]="τοῖς" downgraded to u
[matthew 16:19] B: ru[17]="что" → gr[9]="ὃ" downgraded to u
[matthew 16:20] A: ru[4]="Своим," → ru[10]="Он" (gr[8]="αὐτός")
[matthew 16:20] B: ru[0]="Тогда" → gr[0]="τότε" downgraded to u
[matthew 16:20] B: ru[12]="Иисус" → gr[10]="ὁ" downgraded to u
[matthew 16:21] B: ru[2]="времени" → gr[1]="τότε" downgraded to u
[matthew 16:21] B: ru[27]="в" → gr[28]="τῇ" downgraded to u
[matthew 16:23] B: ru[17]="том," → gr[16]="τὰ" downgraded to u
[matthew 16:23] B: ru[18]="что" → gr[17]="τοῦ" downgraded to u
[matthew 16:23] B: ru[21]="что" → gr[20]="τὰ" downgraded to u
[matthew 16:24] B: ru[0]="Тогда" → gr[0]="Τότε" downgraded to u
[matthew 16:25] A: ru[4]="свою" → ru[18]="ее;" (gr[6]="αὐτοῦ")
[matthew 16:25] B: ru[6]="тот" → gr[14]="τὴν" downgraded to u
[matthew 16:26] B: ru[17]="за" → gr[9]="τὴν" downgraded to u
[matthew 16:27] B: ru[12]="тогда" → gr[18]="τότε" downgraded to u
[matthew 16:28] B: ru[5]="из" → gr[6]="τῶν" downgraded to u
[matthew 16:28] B: ru[7]="здесь," → gr[7]="ὧδε" downgraded to u
[matthew 16:28] B: ru[13]="уже" → gr[14]="ἕως" downgraded to u
[matthew 16:28] B: ru[14]="увидят" → gr[17]="τὸν" downgraded to u
[matthew 17:1] A2: +added ru[14]="их" ↔ gr[18]="αὐτοὺς"
[matthew 17:1] B: ru[1]="прошествии" → gr[1]="μεθ" downgraded to u
[matthew 17:4] B: ru[1]="сем" → gr[1]="δὲ" downgraded to u
[matthew 17:4] B: ru[8]="здесь" → gr[11]="ὧδε" downgraded to u
[matthew 17:4] B: ru[13]="здесь" → gr[16]="ὧδε" downgraded to u
[matthew 17:6] B: ru[8]="очень" → gr[10]="σφόδρα" downgraded to u
[matthew 17:8] B: ru[8]="кроме" → gr[8]="μὴ" downgraded to u
[matthew 17:9] B: ru[4]="с" → gr[4]="τοῦ" downgraded to u
[matthew 17:9] B: ru[14]="сем" → gr[8]="ὁ" downgraded to u
[matthew 17:10] B: ru[5]="как" → gr[6]="Τί" downgraded to u
[matthew 17:11] B: ru[5]="правда," → gr[5]="μὲν" downgraded to u
[matthew 17:12] B: ru[5]="уже" → gr[5]="ἤδη" downgraded to u
[matthew 17:12] B: ru[15]="как" → gr[15]="ὅσα" downgraded to u
[matthew 17:13] B: ru[0]="Тогда" → gr[0]="τότε" downgraded to u
[matthew 17:15] B: ru[10]="тяжко" → gr[10]="κακῶς" downgraded to u
[matthew 17:15] B: ru[13]="часто" → gr[12]="πολλάκις" downgraded to u
[matthew 17:15] B: ru[18]="часто" → gr[19]="πολλάκις" downgraded to u
[matthew 17:16] B: ru[3]="к" → gr[3]="τοῖς" downgraded to u
[matthew 17:17] B: ru[4]="о," → gr[5]="Ὦ" downgraded to u
[matthew 17:17] B: ru[9]="доколе" → gr[11]="πότε" downgraded to u
[matthew 17:17] B: ru[13]="доколе" → gr[16]="πότε" downgraded to u
[matthew 17:17] B: ru[21]="сюда." → gr[22]="ὧδε" downgraded to u
[matthew 17:19] B: ru[0]="Тогда" → gr[0]="Τότε" downgraded to u
[matthew 17:19] B: ru[3]="к" → gr[4]="τῷ" downgraded to u
[matthew 17:20] B: ru[24]="отсюда" → gr[23]="ἔνθεν" downgraded to u
[matthew 17:20] B: ru[25]="туда," → gr[24]="ἐκεῖ" downgraded to u
[matthew 17:22] B: ru[2]="пребывания" → gr[1]="δὲ" downgraded to u
[matthew 17:23] B: ru[4]="в" → gr[4]="τῇ" downgraded to u
[matthew 17:23] B: ru[10]="весьма" → gr[10]="σφόδρα" downgraded to u
[matthew 17:24] B: ru[8]="к" → gr[10]="τῷ" downgraded to u
[matthew 17:24] B: ru[18]="ли" → gr[14]="Ὁ" downgraded to u
[matthew 17:25] B: ru[2]="да." → gr[1]="Ναί" downgraded to u
[matthew 17:25] B: ru[14]="как" → gr[12]="Τί" downgraded to u
[matthew 17:27] B: ru[14]="которая" → gr[18]="τὸ" downgraded to u
[matthew 18:1] B: ru[1]="то" → gr[1]="ἐκείνῃ" downgraded to u
[matthew 18:1] B: ru[5]="к" → gr[7]="τῷ" downgraded to u
[matthew 18:4] B: ru[0]="итак," → gr[1]="οὖν" downgraded to u
[matthew 18:5] B: ru[9]="тот" → gr[8]="τῷ" downgraded to u
[matthew 18:6] B: ru[4]="из" → gr[5]="τῶν" downgraded to u
[matthew 18:6] B: ru[20]="на" → gr[8]="τῶν" downgraded to u
[matthew 18:6] B: ru[13]="бы," → gr[12]="συμφέρει" downgraded to u
[matthew 18:7] B: ru[10]="тому" → gr[13]="τῷ" downgraded to u
[matthew 18:8] B: ru[25]="нежели" → gr[27]="ἢ" downgraded to u
[matthew 18:9] B: ru[20]="нежели" → gr[21]="ἢ" downgraded to u
[matthew 18:10] B: ru[5]="из" → gr[4]="τῶν" downgraded to u
[matthew 18:12] B: ru[0]="Как" → gr[0]="τί" downgraded to u
[matthew 18:12] B: ru[16]="не" → gr[14]="οὐχὶ" downgraded to u
[matthew 18:12] B: ru[19]="он" → gr[16]="τὰ" downgraded to u
[matthew 18:13] B: ru[13]="более," → gr[12]="μᾶλλον" downgraded to u
[matthew 18:13] B: ru[14]="нежели" → gr[13]="ἢ" downgraded to u
[matthew 18:13] B: ru[18]="незаблудившихся." → gr[19]="μὴ" downgraded to u
[matthew 18:14] B: ru[1]="нет" → gr[1]="οὐ" downgraded to u
[matthew 18:14] B: ru[9]="из" → gr[14]="τῶν" downgraded to u
[matthew 18:15] B: ru[3]="против" → gr[3]="εἰς" downgraded to u
[matthew 18:15] B: ru[21]="ты" → gr[20]="τὸν" downgraded to u
[matthew 18:16] B: ru[7]="еще" → gr[7]="ἔτι" downgraded to u
[matthew 18:18] B: ru[3]="что" → gr[3]="ὅσα" downgraded to u
[matthew 18:18] B: ru[14]="что" → gr[14]="ὅσα" downgraded to u
[matthew 18:19] B: ru[1]="также" → gr[0]="Πάλιν" downgraded to u
[matthew 18:20] B: ru[9]="там" → gr[11]="ἐκεῖ" downgraded to u
[matthew 18:21] B: ru[0]="Тогда" → gr[0]="Τότε" downgraded to u
[matthew 18:21] B: ru[9]="раз" → gr[7]="ποσάκις" downgraded to u
[matthew 18:21] B: ru[14]="против" → gr[9]="εἰς" downgraded to u
[matthew 18:21] B: ru[17]="семи" → gr[18]="ἑπτάκις" downgraded to u
[matthew 18:22] B: ru[7]="семи" → gr[8]="ἑπτάκις" downgraded to u
[matthew 18:22] B: ru[12]="семидесяти" → gr[11]="ἑβδομηκοντάκις" downgraded to u
[matthew 18:25] B: ru[20]="что" → gr[18]="ὅσα" downgraded to u
[matthew 18:26] B: ru[0]="тогда" → gr[1]="οὖν" downgraded to u
[matthew 18:26] B: ru[2]="тот" → gr[2]="ὁ" downgraded to u
[matthew 18:27] B: ru[2]="над" → gr[2]="ὁ" downgraded to u
[matthew 18:28] B: ru[22]="что" → gr[22]="τι" downgraded to u
[matthew 18:29] B: ru[0]="Тогда" → gr[1]="οὖν" downgraded to u
[matthew 18:30] B: ru[11]="пока" → gr[10]="ἕως" downgraded to u
[matthew 18:31] B: ru[2]="видев" → gr[2]="οἱ" downgraded to u
[matthew 18:31] B: ru[4]="очень" → gr[8]="σφόδρα" downgraded to u
[matthew 18:32] B: ru[0]="Тогда" → gr[0]="τότε" downgraded to u
[matthew 18:34] B: ru[7]="пока" → gr[9]="ἕως" downgraded to u
[matthew 18:35] A: ru[18]="своему" → ru[20]="его." (gr[15]="αὐτοῦ")
[matthew 19:2] A2: +added ru[8]="их" ↔ gr[7]="αὐτοὺς"
[matthew 19:2] B: ru[9]="там." → gr[8]="ἐκεῖ" downgraded to u
[matthew 19:4] A2: +added ru[16]="их?" ↔ gr[15]="αὐτοὺς"
[matthew 19:4] B: ru[0]="Он" → gr[1]="δὲ" downgraded to u
[matthew 19:5] B: ru[9]="прилепится" → gr[13]="τῇ" downgraded to u
[matthew 19:6] B: ru[10]="что" → gr[7]="ὃ" downgraded to u
[matthew 19:6] B: ru[9]="Итак," → gr[8]="οὖν" downgraded to u
[matthew 19:7] B: ru[3]="как" → gr[2]="Τί" downgraded to u
[matthew 19:8] B: ru[10]="с" → gr[11]="τὰς" downgraded to u
[matthew 19:9] B: ru[6]="с" → gr[7]="τὴν" downgraded to u
[matthew 19:9] B: ru[16]="тот" → gr[18]="ὁ" downgraded to u
[matthew 19:10] B: ru[5]="такова" → gr[5]="οὕτως" downgraded to u
[matthew 19:12] B: ru[27]="Кто" → gr[28]="ὁ" downgraded to u
[matthew 19:13] B: ru[0]="Тогда" → gr[0]="Τότε" downgraded to u
[matthew 19:15] B: ru[6]="оттуда." → gr[6]="ἐκεῖθεν" downgraded to u
[matthew 19:16] B: ru[8]="что" → gr[7]="τί" downgraded to u
[matthew 19:17] B: ru[4]="что" → gr[4]="Τί" downgraded to u
[matthew 19:19] B: ru[6]="ближнего" → gr[9]="πλησίον" downgraded to u
[matthew 19:20] B: ru[11]="еще" → gr[8]="ἔτι" downgraded to u
[matthew 19:21] B: ru[21]="приходи" → gr[22]="δεῦρο" downgraded to u
[matthew 19:22] B: ru[2]="сие," → gr[4]="τὸν" downgraded to u
[matthew 19:23] B: ru[9]="трудно" → gr[12]="δυσκόλως" downgraded to u
[matthew 19:24] B: ru[1]="еще" → gr[0]="πάλιν" downgraded to u
[matthew 19:24] B: ru[7]="сквозь" → gr[7]="διὰ" downgraded to u
[matthew 19:24] B: ru[10]="нежели" → gr[11]="ἢ" downgraded to u
[matthew 19:25] B: ru[1]="это," → gr[2]="οἱ" downgraded to u
[matthew 19:25] B: ru[4]="весьма" → gr[5]="σφόδρα" downgraded to u
[matthew 19:27] B: ru[0]="Тогда" → gr[0]="Τότε" downgraded to u
[matthew 19:27] B: ru[13]="что" → gr[13]="τί" downgraded to u
[matthew 20:1] B: ru[0]="Ибо" → gr[2]="ἐστιν" downgraded to u
[matthew 20:1] B: ru[9]="поутру" → gr[12]="πρωῒ" downgraded to u
[matthew 20:3] B: ru[1]="около" → gr[2]="περὶ" downgraded to u
[matthew 20:4] B: ru[8]="мой," → gr[7]="τὸν" downgraded to u
[matthew 20:5] B: ru[0]="Опять" → gr[3]="πάλιν" downgraded to u
[matthew 20:5] B: ru[2]="около" → gr[5]="περὶ" downgraded to u
[matthew 20:6] B: ru[2]="около" → gr[0]="περὶ" downgraded to u
[matthew 20:6] B: ru[0]="Наконец," → gr[1]="δὲ" downgraded to u
[matthew 20:6] B: ru[13]="что" → gr[11]="Τί" downgraded to u
[matthew 20:6] B: ru[16]="здесь" → gr[12]="ὧδε" downgraded to u
[matthew 20:7] B: ru[15]="мой," → gr[12]="τὸν" downgraded to u
[matthew 20:9] B: ru[2]="около" → gr[3]="περὶ" downgraded to u
[matthew 20:10] B: ru[1]="же" → gr[2]="οἱ" downgraded to u
[matthew 20:12] B: ru[16]="и" → gr[16]="τῆς" downgraded to u
[matthew 20:13] B: ru[13]="не" → gr[10]="οὐχὶ" downgraded to u
[matthew 20:14] B: ru[1]="свое" → gr[2]="σὸν" downgraded to u
[matthew 20:15] B: ru[7]="что" → gr[3]="ὃ" downgraded to u
[matthew 20:15] B: ru[5]="своем" → gr[8]="ἐμοῖς" downgraded to u
[matthew 20:15] B: ru[0]="разве" → gr[9]="ἢ" downgraded to u
[matthew 20:15] B: ru[9]="или" → gr[10]="ὁ" downgraded to u
[matthew 20:18] B: ru[9]="будет" → gr[10]="τοῖς" downgraded to u
[matthew 20:19] B: ru[11]="в" → gr[13]="τῇ" downgraded to u
[matthew 20:20] B: ru[0]="Тогда" → gr[0]="Τότε" downgraded to u
[matthew 20:21] B: ru[0]="Он" → gr[1]="δὲ" downgraded to u
[matthew 20:22] B: ru[16]="или" → gr[11]="τὸ" downgraded to u
[matthew 20:23] B: ru[7]="и" → gr[2]="Τὸ" downgraded to u
[matthew 20:24] B: ru[2]="прочие" → gr[2]="οἱ" downgraded to u
[matthew 20:26] B: ru[7]="а" → gr[6]="ὃς" downgraded to u
[matthew 20:27] B: ru[0]="и" → gr[1]="ὃς" downgraded to u
[matthew 20:32] A2: +added ru[3]="их" ↔ gr[5]="αὐτοὺς"
[matthew 20:34] B: ru[4]="к" → gr[2]="ὁ" downgraded to u
[matthew 20:34] B: ru[8]="тотчас" → gr[9]="εὐθέως" downgraded to u
[matthew 21:1] B: ru[9]="к" → gr[10]="τὸ" downgraded to u
[matthew 21:1] B: ru[12]="тогда" → gr[14]="τότε" downgraded to u
[matthew 21:2] B: ru[5]="которое" → gr[6]="τὴν" downgraded to u
[matthew 21:2] B: ru[10]="тотчас" → gr[10]="εὐθέως" downgraded to u
[matthew 21:3] B: ru[5]="что-нибудь," → gr[7]="ὅτι" downgraded to u
[matthew 21:3] B: ru[7]="что" → gr[8]="Ὁ" downgraded to u
[matthew 21:7] A: ru[10]="свои," → ru[15]="их." (gr[15]="αὐτῶν")
[matthew 21:14] A2: +added ru[12]="их." ↔ gr[11]="αὐτούς"
[matthew 21:16] B: ru[5]="что" → gr[4]="τί" downgraded to u
[matthew 21:16] B: ru[12]="да!" → gr[12]="Ναί" downgraded to u
[matthew 21:16] B: ru[15]="никогда" → gr[13]="οὐδέποτε" downgraded to u
[matthew 21:17] A2: +added ru[2]="их," ↔ gr[2]="αὐτοὺς"
[matthew 21:17] B: ru[11]="там" → gr[11]="ἐκεῖ" downgraded to u
[matthew 21:19] B: ru[15]="кроме" → gr[16]="μὴ" downgraded to u
[matthew 21:19] B: ru[24]="впредь" → gr[22]="Μηκέτι" downgraded to u
[matthew 21:19] B: ru[31]="тотчас" → gr[32]="παραχρῆμα" downgraded to u
[matthew 21:20] B: ru[1]="это," → gr[2]="οἱ" downgraded to u
[matthew 21:20] B: ru[8]="тотчас" → gr[7]="παραχρῆμα" downgraded to u
[matthew 21:21] B: ru[20]="что" → gr[2]="ὁ" downgraded to u
[matthew 21:21] B: ru[22]="со" → gr[17]="τὸ" downgraded to u
[matthew 21:21] B: ru[26]="и" → gr[18]="τῆς" downgraded to u
[matthew 21:25] B: ru[9]="Они" → gr[0]="τὸ" downgraded to u
[matthew 21:25] B: ru[2]="откуда" → gr[4]="πόθεν" downgraded to u
[matthew 21:28] B: ru[1]="как" → gr[0]="Τί" downgraded to u
[matthew 21:28] B: ru[13]="к" → gr[9]="τῷ" downgraded to u
[matthew 21:28] B: ru[18]="сегодня" → gr[14]="σήμερον" downgraded to u
[matthew 21:30] B: ru[8]="Этот" → gr[1]="δὲ" downgraded to u
[matthew 21:36] B: ru[0]="Опять" → gr[0]="πάλιν" downgraded to u
[matthew 21:37] B: ru[5]="своего" → gr[4]="αὐτοὺς" downgraded to u
[matthew 21:38] B: ru[2]="увидев" → gr[0]="οἱ" downgraded to u
[matthew 21:38] B: ru[5]="друг" → gr[7]="ἐν" downgraded to u
[matthew 21:38] B: ru[13]="завладеем" → gr[11]="ὁ" downgraded to u
[matthew 21:38] B: ru[9]="пойдем," → gr[13]="δεῦτε" downgraded to u
[matthew 21:40] B: ru[0]="Итак," → gr[1]="οὖν" downgraded to u
[matthew 21:40] B: ru[5]="что" → gr[7]="τί" downgraded to u
[matthew 21:41] B: ru[5]="злой" → gr[3]="κακῶς" downgraded to u
[matthew 21:41] B: ru[19]="свои." → gr[5]="αὐτούς" downgraded to u
[matthew 21:42] B: ru[5]="никогда" → gr[4]="Οὐδέποτε" downgraded to u
[matthew 21:42] B: ru[14]="тот" → gr[12]="οἱ" downgraded to u
[matthew 21:43] B: ru[0]="Потому" → gr[1]="τοῦτο" downgraded to u
[matthew 21:44] B: ru[1]="тот," → gr[1]="ὁ" downgraded to u
[matthew 21:44] B: ru[2]="кто" → gr[4]="τὸν" downgraded to u
[matthew 21:45] B: ru[3]="Его," → gr[5]="οἱ" downgraded to u
[matthew 22:4] B: ru[0]="Опять" → gr[0]="πάλιν" downgraded to u
[matthew 22:4] B: ru[15]="что" → gr[13]="οἱ" downgraded to u
[matthew 22:4] B: ru[21]="приходите" → gr[23]="δεῦτε" downgraded to u
[matthew 22:5] B: ru[10]="кто" → gr[5]="μὲν" downgraded to u
[matthew 22:7] B: ru[0]="Услышав" → gr[1]="δὲ" downgraded to u
[matthew 22:8] B: ru[0]="Тогда" → gr[0]="τότε" downgraded to u
[matthew 22:8] B: ru[2]="он" → gr[2]="τοῖς" downgraded to u
[matthew 22:9] B: ru[0]="итак" → gr[1]="οὖν" downgraded to u
[matthew 22:11] B: ru[5]="там" → gr[8]="ἐκεῖ" downgraded to u
[matthew 22:12] B: ru[7]="сюда" → gr[6]="ὧδε" downgraded to u
[matthew 22:12] B: ru[9]="в" → gr[8]="ἔχων" downgraded to u
[matthew 22:13] B: ru[0]="Тогда" → gr[0]="τότε" downgraded to u
[matthew 22:13] B: ru[16]="там" → gr[18]="ἐκεῖ" downgraded to u
[matthew 22:13] B: ru[19]="и" → gr[23]="ὁ" downgraded to u
[matthew 22:15] B: ru[0]="Тогда" → gr[0]="Τότε" downgraded to u
[matthew 22:16] B: ru[23]="об" → gr[26]="σοι" downgraded to u
[matthew 22:16] B: ru[24]="угождении" → gr[27]="περὶ" downgraded to u
[matthew 22:17] B: ru[0]="итак" → gr[1]="οὖν" downgraded to u
[matthew 22:17] B: ru[3]="как" → gr[3]="τί" downgraded to u
[matthew 22:17] B: ru[12]="нет?" → gr[11]="οὔ" downgraded to u
[matthew 22:18] B: ru[6]="что" → gr[8]="Τί" downgraded to u
[matthew 22:19] B: ru[3]="которою" → gr[4]="τοῦ" downgraded to u
[matthew 22:19] B: ru[6]="Они" → gr[7]="δὲ" downgraded to u
[matthew 22:21] B: ru[3]="Тогда" → gr[3]="τότε" downgraded to u
[matthew 22:21] B: ru[6]="итак" → gr[7]="οὖν" downgraded to u
[matthew 22:23] B: ru[10]="нет" → gr[8]="μὴ" downgraded to u
[matthew 22:26] B: ru[0]="подобно" → gr[0]="ὁμοίως" downgraded to u
[matthew 22:27] B: ru[4]="и" → gr[4]="ἡ" downgraded to u
[matthew 22:28] A2: +added ru[12]="ее." ↔ gr[12]="αὐτήν"
[matthew 22:28] B: ru[0]="итак," → gr[3]="οὖν" downgraded to u
[matthew 22:31] B: ru[7]="вы" → gr[8]="τὸ" downgraded to u
[matthew 22:39] B: ru[5]="ближнего" → gr[6]="πλησίον" downgraded to u
[matthew 22:41] B: ru[6]="их:" → gr[6]="ὁ" downgraded to u
[matthew 22:42] B: ru[0]="что" → gr[1]="Τί" downgraded to u
[matthew 22:44] B: ru[7]="доколе" → gr[9]="ἕως" downgraded to u
[matthew 22:45] B: ru[0]="Итак," → gr[1]="οὖν" downgraded to u
[matthew 22:46] B: ru[13]="уже" → gr[15]="οὐκέτι" downgraded to u
[matthew 23:1] B: ru[0]="Тогда" → gr[0]="Τότε" downgraded to u
[matthew 23:2] B: ru[7]="и" → gr[9]="οἱ" downgraded to u
[matthew 23:3] B: ru[0]="итак" → gr[1]="οὖν" downgraded to u
[matthew 23:3] B: ru[2]="что" → gr[2]="ὅσα" downgraded to u
[matthew 23:5] B: ru[9]="их" → gr[9]="τοῖς" downgraded to u
[matthew 23:9] B: ru[13]="Который" → gr[14]="ὁ" downgraded to u
[matthew 23:10] B: ru[6]="у" → gr[6]="ἐστιν" downgraded to u
[matthew 23:16] B: ru[4]="которые" → gr[4]="οἱ" downgraded to u
[matthew 23:16] B: ru[10]="то" → gr[13]="ἐστιν" downgraded to u
[matthew 23:17] B: ru[3]="что" → gr[3]="τίς" downgraded to u
[matthew 23:18] B: ru[0]="Также:" → gr[0]="καί" downgraded to u
[matthew 23:18] B: ru[5]="то" → gr[8]="ἐστιν" downgraded to u
[matthew 23:18] B: ru[12]="который" → gr[16]="τῷ" downgraded to u
[matthew 23:19] B: ru[3]="что" → gr[1]="τί" downgraded to u
[matthew 23:20] B: ru[0]="Итак" → gr[1]="οὖν" downgraded to u
[matthew 23:20] B: ru[7]="что" → gr[4]="τῷ" downgraded to u
[matthew 23:23] B: ru[9]="с" → gr[8]="τὸ" downgraded to u
[matthew 23:25] B: ru[8]="внешность" → gr[9]="ἔξωθεν" downgraded to u
[matthew 23:25] B: ru[15]="внутри" → gr[15]="ἔσωθεν" downgraded to u
[matthew 23:25] B: ru[17]="полны" → gr[18]="ἐξ" downgraded to u
[matthew 23:26] B: ru[4]="внутренность" → gr[5]="ἐντὸς" downgraded to u
[matthew 23:27] B: ru[11]="снаружи" → gr[11]="ἔξωθεν" downgraded to u
[matthew 23:27] B: ru[15]="внутри" → gr[15]="ἔσωθεν" downgraded to u
[matthew 23:28] B: ru[4]="наружности" → gr[3]="ἔξωθεν" downgraded to u
[matthew 23:28] B: ru[9]="внутри" → gr[9]="ἔσωθεν" downgraded to u
[matthew 23:31] B: ru[1]="образом" → gr[0]="ὥστε" downgraded to u
[matthew 23:31] B: ru[11]="которые" → gr[6]="τῶν" downgraded to u
[matthew 23:33] B: ru[8]="в" → gr[8]="τῆς" downgraded to u
[matthew 23:37] B: ru[11]="раз" → gr[12]="ποσάκις" downgraded to u
[matthew 23:37] B: ru[17]="как" → gr[19]="τρόπον" downgraded to u
[matthew 23:37] B: ru[21]="своих" → gr[11]="αὐτήν" downgraded to u
[matthew 23:39] B: ru[6]="отныне," → gr[8]="ἄρτι" downgraded to u
[matthew 23:39] B: ru[7]="доколе" → gr[9]="ἕως" downgraded to u
[matthew 24:2] B: ru[13]="здесь" → gr[15]="ὧδε" downgraded to u
[matthew 24:3] B: ru[25]="и" → gr[29]="τοῦ" downgraded to u
[matthew 24:9] B: ru[0]="Тогда" → gr[0]="Τότε" downgraded to u
[matthew 24:10] B: ru[1]="тогда" → gr[1]="τότε" downgraded to u
[matthew 24:12] B: ru[2]="причине" → gr[1]="διὰ" downgraded to u
[matthew 24:14] B: ru[14]="тогда" → gr[17]="τότε" downgraded to u
[matthew 24:15] B: ru[0]="Итак," → gr[1]="οὖν" downgraded to u
[matthew 24:15] B: ru[2]="увидите" → gr[3]="τὸ" downgraded to u
[matthew 24:16] B: ru[0]="тогда" → gr[0]="τότε" downgraded to u
[matthew 24:16] B: ru[1]="находящиеся" → gr[1]="οἱ" downgraded to u
[matthew 24:17] B: ru[1]="кто" → gr[0]="ὁ" downgraded to u
[matthew 24:17] B: ru[4]="тот" → gr[7]="τὰ" downgraded to u
[matthew 24:18] B: ru[1]="кто" → gr[1]="ὁ" downgraded to u
[matthew 24:18] B: ru[4]="тот" → gr[9]="τὸ" downgraded to u
[matthew 24:19] B: ru[1]="же" → gr[4]="γαστρὶ" downgraded to u
[matthew 24:21] B: ru[1]="тогда" → gr[2]="τότε" downgraded to u
[matthew 24:21] B: ru[11]="доныне," → gr[13]="νῦν" downgraded to u
[matthew 24:23] B: ru[0]="Тогда," → gr[0]="τότε" downgraded to u
[matthew 24:23] B: ru[6]="здесь" → gr[6]="ὧδε" downgraded to u
[matthew 24:23] B: ru[9]="там," → gr[10]="Ὧδε" downgraded to u
[matthew 24:26] B: ru[0]="Итак," → gr[1]="οὖν" downgraded to u
[matthew 24:28] B: ru[1]="где" → gr[1]="ἐὰν" downgraded to u
[matthew 24:28] B: ru[4]="там" → gr[5]="ἐκεῖ" downgraded to u
[matthew 24:29] B: ru[1]="вдруг," → gr[0]="Εὐθέως" downgraded to u
[matthew 24:29] B: ru[2]="после" → gr[2]="μετὰ" downgraded to u
[matthew 24:30] B: ru[0]="тогда" → gr[1]="τότε" downgraded to u
[matthew 24:30] B: ru[8]="тогда" → gr[13]="τότε" downgraded to u
[matthew 24:30] B: ru[14]="увидят" → gr[22]="τὸν" downgraded to u
[matthew 24:32] B: ru[8]="уже" → gr[8]="ἤδη" downgraded to u
[matthew 24:32] B: ru[16]="близко" → gr[20]="ἐγγὺς" downgraded to u
[matthew 24:33] B: ru[8]="близко," → gr[9]="ἐγγύς" downgraded to u
[matthew 24:37] B: ru[3]="во" → gr[2]="αἱ" downgraded to u
[matthew 24:37] B: ru[8]="и" → gr[8]="ἡ" downgraded to u
[matthew 24:38] B: ru[1]="как" → gr[2]="ἦσαν" downgraded to u
[matthew 24:38] B: ru[4]="перед" → gr[7]="πρὸ" downgraded to u
[matthew 24:39] B: ru[3]="пока" → gr[3]="ἕως" downgraded to u
[matthew 24:40] B: ru[0]="тогда" → gr[0]="τότε" downgraded to u
[matthew 24:42] B: ru[0]="Итак" → gr[1]="οὖν" downgraded to u
[matthew 24:42] B: ru[8]="час" → gr[7]="ὁ" downgraded to u
[matthew 24:44] B: ru[0]="Потому" → gr[1]="τοῦτο" downgraded to u
[matthew 24:45] B: ru[1]="же" → gr[2]="ἐστὶν" downgraded to u
[matthew 24:45] B: ru[15]="им" → gr[16]="τοῦ" downgraded to u
[matthew 24:51] B: ru[10]="там" → gr[11]="ἐκεῖ" downgraded to u
[matthew 25:1] B: ru[0]="Тогда" → gr[0]="Τότε" downgraded to u
[matthew 25:1] B: ru[12]="навстречу" → gr[16]="τοῦ" downgraded to u
[matthew 25:5] B: ru[1]="как" → gr[2]="τοῦ" downgraded to u
[matthew 25:6] B: ru[1]="в" → gr[0]="μέσης" downgraded to u
[matthew 25:7] B: ru[0]="Тогда" → gr[0]="τότε" downgraded to u
[matthew 25:9] B: ru[14]="лучше" → gr[13]="μᾶλλον" downgraded to u
[matthew 25:13] B: ru[0]="Итак," → gr[1]="οὖν" downgraded to u
[matthew 25:13] B: ru[8]="ни" → gr[8]="τὴν" downgraded to u
[matthew 25:15] B: ru[0]="и" → gr[1]="ᾧ" downgraded to u
[matthew 25:15] B: ru[1]="одному" → gr[2]="μὲν" downgraded to u
[matthew 25:15] B: ru[15]="тотчас" → gr[19]="εὐθέως" downgraded to u
[matthew 25:17] B: ru[3]="и" → gr[1]="ὁ" downgraded to u
[matthew 25:17] B: ru[4]="получивший" → gr[2]="τὰ" downgraded to u
[matthew 25:18] B: ru[8]="в" → gr[2]="τὸ" downgraded to u
[matthew 25:18] B: ru[11]="скрыл" → gr[10]="τὸ" downgraded to u
[matthew 25:20] B: ru[17]="вот," → gr[17]="ἴδε" downgraded to u
[matthew 25:21] B: ru[4]="хорошо," → gr[5]="Εὖ" downgraded to u
[matthew 25:22] B: ru[1]="также" → gr[1]="δὲ" downgraded to u
[matthew 25:22] B: ru[14]="вот," → gr[13]="ἴδε" downgraded to u
[matthew 25:23] B: ru[4]="хорошо," → gr[5]="Εὖ" downgraded to u
[matthew 25:24] B: ru[16]="где" → gr[17]="ὅπου" downgraded to u
[matthew 25:24] B: ru[21]="где" → gr[22]="ὅθεν" downgraded to u
[matthew 25:25] B: ru[9]="вот" → gr[10]="ἴδε" downgraded to u
[matthew 25:26] B: ru[16]="где" → gr[14]="ὅπου" downgraded to u
[matthew 25:26] B: ru[21]="где" → gr[19]="ὅθεν" downgraded to u
[matthew 25:27] B: ru[0]="посему" → gr[2]="οὖν" downgraded to u
[matthew 25:28] B: ru[0]="итак," → gr[1]="οὖν" downgraded to u
[matthew 25:29] B: ru[8]="неимеющего" → gr[9]="μὴ" downgraded to u
[matthew 25:29] B: ru[12]="что" → gr[12]="ὃ" downgraded to u
[matthew 25:30] B: ru[7]="там" → gr[10]="ἐκεῖ" downgraded to u
[matthew 25:31] B: ru[14]="тогда" → gr[17]="τότε" downgraded to u
[matthew 25:34] B: ru[0]="Тогда" → gr[0]="τότε" downgraded to u
[matthew 25:34] B: ru[4]="которые" → gr[4]="τοῖς" downgraded to u
[matthew 25:34] B: ru[9]="приидите," → gr[8]="Δεῦτε" downgraded to u
[matthew 25:37] B: ru[0]="Тогда" → gr[0]="τότε" downgraded to u
[matthew 25:40] B: ru[10]="как" → gr[10]="ὅσον" downgraded to u
[matthew 25:41] B: ru[0]="Тогда" → gr[0]="τότε" downgraded to u
[matthew 25:41] B: ru[4]="которые" → gr[3]="τοῖς" downgraded to u
[matthew 25:44] B: ru[0]="Тогда" → gr[0]="τότε" downgraded to u
[matthew 25:45] B: ru[0]="Тогда" → gr[0]="τότε" downgraded to u
[matthew 25:45] B: ru[9]="как" → gr[8]="ὅσον" downgraded to u
[matthew 26:3] B: ru[0]="Тогда" → gr[0]="Τότε" downgraded to u
[matthew 26:3] B: ru[5]="и" → gr[7]="τοῦ" downgraded to u
[matthew 26:7] B: ru[4]="с" → gr[3]="ἔχουσα" downgraded to u
[matthew 26:8] B: ru[0]="Увидев" → gr[1]="δὲ" downgraded to u
[matthew 26:8] B: ru[1]="это," → gr[2]="οἱ" downgraded to u
[matthew 26:10] B: ru[6]="что" → gr[6]="Τί" downgraded to u
[matthew 26:11] B: ru[2]="всегда" → gr[0]="πάντοτε" downgraded to u
[matthew 26:11] B: ru[9]="всегда" → gr[10]="πάντοτε" downgraded to u
[matthew 26:13] B: ru[3]="где" → gr[3]="ὅπου" downgraded to u
[matthew 26:13] B: ru[20]="что" → gr[15]="ὃ" downgraded to u
[matthew 26:14] B: ru[0]="Тогда" → gr[0]="Τότε" downgraded to u
[matthew 26:15] B: ru[2]="что" → gr[1]="Τί" downgraded to u
[matthew 26:15] B: ru[6]="и" → gr[5]="κἀγὼ" downgraded to u
[matthew 26:15] B: ru[11]="Они" → gr[10]="δὲ" downgraded to u
[matthew 26:16] B: ru[3]="времени" → gr[2]="τότε" downgraded to u
[matthew 26:17] B: ru[0]="В" → gr[0]="Τῇ" downgraded to u
[matthew 26:17] B: ru[7]="к" → gr[8]="τῷ" downgraded to u
[matthew 26:17] B: ru[12]="где" → gr[11]="Ποῦ" downgraded to u
[matthew 26:18] B: ru[0]="Он" → gr[1]="δὲ" downgraded to u
[matthew 26:18] B: ru[14]="близко;" → gr[19]="ἐγγύς" downgraded to u
[matthew 26:22] B: ru[1]="весьма" → gr[2]="σφόδρα" downgraded to u
[matthew 26:22] B: ru[10]="не" → gr[8]="Μήτι" downgraded to u
[matthew 26:23] B: ru[7]="Мною" → gr[4]="Ὁ" downgraded to u
[matthew 26:23] B: ru[9]="в" → gr[8]="τὴν" downgraded to u
[matthew 26:24] B: ru[0]="впрочем" → gr[1]="μὲν" downgraded to u
[matthew 26:25] B: ru[7]="не" → gr[7]="Μήτι" downgraded to u
[matthew 26:25] B: ru[9]="ли," → gr[9]="εἰμι" downgraded to u
[matthew 26:29] B: ru[4]="отныне" → gr[6]="ἀπ" downgraded to u
[matthew 26:31] B: ru[0]="Тогда" → gr[0]="Τότε" downgraded to u
[matthew 26:33] B: ru[12]="никогда" → gr[12]="οὐδέποτε" downgraded to u
[matthew 26:34] B: ru[11]="нежели" → gr[12]="πρὶν" downgraded to u
[matthew 26:34] B: ru[14]="трижды" → gr[15]="τρὶς" downgraded to u
[matthew 26:35] B: ru[3]="хотя" → gr[4]="Κἂν" downgraded to u
[matthew 26:35] B: ru[15]="Подобное" → gr[14]="ὁμοίως" downgraded to u
[matthew 26:36] B: ru[0]="Потом" → gr[0]="Τότε" downgraded to u
[matthew 26:36] B: ru[13]="тут," → gr[15]="αὐτοῦ" downgraded to u
[matthew 26:36] B: ru[14]="пока" → gr[16]="ἕως" downgraded to u
[matthew 26:36] B: ru[18]="там." → gr[19]="ἐκεῖ" downgraded to u
[matthew 26:38] B: ru[0]="Тогда" → gr[0]="τότε" downgraded to u
[matthew 26:38] B: ru[9]="здесь" → gr[11]="ὧδε" downgraded to u
[matthew 26:39] B: ru[16]="Меня" → gr[18]="τὸ" downgraded to u
[matthew 26:39] B: ru[19]="впрочем" → gr[21]="πλὴν" downgraded to u
[matthew 26:40] A2: +added ru[6]="их" ↔ gr[7]="αὐτοὺς"
[matthew 26:42] B: ru[0]="Еще," → gr[0]="πάλιν" downgraded to u
[matthew 26:43] B: ru[4]="опять" → gr[2]="πάλιν" downgraded to u
[matthew 26:43] B: ru[8]="них" → gr[9]="οἱ" downgraded to u
[matthew 26:44] B: ru[4]="опять" → gr[3]="πάλιν" downgraded to u
[matthew 26:44] B: ru[9]="раз," → gr[8]="τὸν" downgraded to u
[matthew 26:45] A: ru[4]="Своим" → ru[7]="им:" (gr[7]="αὐτοῖς")
[matthew 26:45] B: ru[0]="Тогда" → gr[0]="τότε" downgraded to u
[matthew 26:47] B: ru[2]="еще" → gr[1]="ἔτι" downgraded to u
[matthew 26:47] B: ru[8]="из" → gr[7]="τῶν" downgraded to u
[matthew 26:49] B: ru[1]="тотчас" → gr[1]="εὐθέως" downgraded to u
[matthew 26:50] B: ru[9]="Тогда" → gr[9]="τότε" downgraded to u
[matthew 26:51] B: ru[4]="бывших" → gr[4]="μετὰ" downgraded to u
[matthew 26:52] B: ru[0]="Тогда" → gr[0]="τότε" downgraded to u
[matthew 26:53] B: ru[6]="теперь" → gr[12]="ἄρτι" downgraded to u
[matthew 26:55] B: ru[18]="каждый" → gr[19]="καθ" downgraded to u
[matthew 26:56] B: ru[8]="Тогда" → gr[10]="τότε" downgraded to u
[matthew 26:57] B: ru[8]="куда" → gr[10]="ὅπου" downgraded to u
[matthew 26:58] B: ru[5]="издали," → gr[6]="μακρόθεν" downgraded to u
[matthew 26:58] B: ru[11]="внутрь," → gr[14]="ἔσω" downgraded to u
[matthew 26:58] B: ru[16]="видеть" → gr[17]="τῶν" downgraded to u
[matthew 26:59] B: ru[3]="и" → gr[4]="τὸ" downgraded to u
[matthew 26:59] B: ru[8]="против" → gr[9]="κατὰ" downgraded to u
[matthew 26:62] B: ru[10]="что" → gr[8]="τί" downgraded to u
[matthew 26:63] B: ru[13]="ли" → gr[21]="εἶ" downgraded to u
[matthew 26:64] B: ru[9]="узрите" → gr[2]="ὁ" downgraded to u
[matthew 26:64] B: ru[8]="отныне" → gr[10]="ἄρτι" downgraded to u
[matthew 26:65] A: ru[4]="свои" → ru[19]="Его!" (gr[6]="αὐτοῦ")
[matthew 26:65] B: ru[0]="Тогда" → gr[0]="τότε" downgraded to u
[matthew 26:65] B: ru[10]="что" → gr[9]="τί" downgraded to u
[matthew 26:65] B: ru[11]="еще" → gr[10]="ἔτι" downgraded to u
[matthew 26:65] B: ru[14]="вот," → gr[14]="ἴδε" downgraded to u
[matthew 26:65] B: ru[15]="теперь" → gr[15]="νῦν" downgraded to u
[matthew 26:66] B: ru[0]="как" → gr[0]="τί" downgraded to u
[matthew 26:67] B: ru[0]="Тогда" → gr[0]="τότε" downgraded to u
[matthew 26:67] B: ru[8]="другие" → gr[9]="οἱ" downgraded to u
[matthew 26:69] B: ru[3]="вне" → gr[4]="ἔξω" downgraded to u
[matthew 26:70] B: ru[3]="перед" → gr[3]="ἔμπροσθεν" downgraded to u
[matthew 26:70] B: ru[8]="что" → gr[8]="τί" downgraded to u
[matthew 26:71] B: ru[11]="бывшим" → gr[10]="τοῖς" downgraded to u
[matthew 26:71] B: ru[12]="там:" → gr[11]="ἐκεῖ" downgraded to u
[matthew 26:72] B: ru[2]="опять" → gr[1]="πάλιν" downgraded to u
[matthew 26:72] B: ru[9]="Сего" → gr[8]="τὸν" downgraded to u
[matthew 26:73] B: ru[1]="спустя" → gr[0]="μετὰ" downgraded to u
[matthew 26:73] B: ru[5]="и" → gr[7]="τῷ" downgraded to u
[matthew 26:73] B: ru[8]="точно" → gr[9]="Ἀληθῶς" downgraded to u
[matthew 26:74] B: ru[0]="Тогда" → gr[0]="τότε" downgraded to u
[matthew 26:74] B: ru[9]="Сего" → gr[8]="τὸν" downgraded to u
[matthew 26:74] B: ru[12]="вдруг" → gr[11]="εὐθέως" downgraded to u
[matthew 26:75] B: ru[1]="вспомнил" → gr[2]="ὁ" downgraded to u
[matthew 26:75] B: ru[8]="нежели" → gr[9]="Πρὶν" downgraded to u
[matthew 26:75] B: ru[11]="трижды" → gr[12]="τρὶς" downgraded to u
[matthew 26:75] B: ru[17]="вон," → gr[17]="ἔξω" downgraded to u
[matthew 26:75] B: ru[19]="горько." → gr[19]="πικρῶς" downgraded to u
[matthew 27:3] B: ru[0]="Тогда" → gr[0]="Τότε" downgraded to u
[matthew 27:3] B: ru[10]="возвратил" → gr[3]="ὁ" downgraded to u
[matthew 27:3] B: ru[14]="и" → gr[13]="τοῖς" downgraded to u
[matthew 27:4] B: ru[10]="что" → gr[8]="Τί" downgraded to u
[matthew 27:4] B: ru[13]="того?" → gr[9]="πρὸς" downgraded to u
[matthew 27:5] B: ru[3]="в" → gr[5]="τὸν" downgraded to u
[matthew 27:6] B: ru[4]="непозволительно" → gr[7]="Οὐκ" downgraded to u
[matthew 27:8] B: ru[0]="посему" → gr[0]="διὸ" downgraded to u
[matthew 27:8] B: ru[8]="сего" → gr[8]="τῆς" downgraded to u
[matthew 27:8] B: ru[9]="дня." → gr[9]="σήμερον" downgraded to u
[matthew 27:9] B: ru[0]="Тогда" → gr[0]="τότε" downgraded to u
[matthew 27:13] B: ru[0]="Тогда" → gr[0]="τότε" downgraded to u
[matthew 27:14] B: ru[11]="весьма" → gr[12]="λίαν" downgraded to u
[matthew 27:15] B: ru[3]="Пасхи" → gr[4]="ὁ" downgraded to u
[matthew 27:16] B: ru[1]="тогда" → gr[2]="τότε" downgraded to u
[matthew 27:17] B: ru[0]="итак," → gr[1]="οὖν" downgraded to u
[matthew 27:19] B: ru[1]="тем," → gr[1]="δὲ" downgraded to u
[matthew 27:19] B: ru[21]="ныне" → gr[22]="σήμερον" downgraded to u
[matthew 27:21] B: ru[12]="Они" → gr[1]="δὲ" downgraded to u
[matthew 27:22] B: ru[3]="что" → gr[4]="Τί" downgraded to u
[matthew 27:23] B: ru[10]="сильнее" → gr[9]="περισσῶς" downgraded to u
[matthew 27:24] B: ru[1]="видя," → gr[1]="δὲ" downgraded to u
[matthew 27:24] B: ru[14]="перед" → gr[16]="ἀπέναντι" downgraded to u
[matthew 27:26] B: ru[0]="Тогда" → gr[0]="τότε" downgraded to u
[matthew 27:27] B: ru[0]="Тогда" → gr[0]="Τότε" downgraded to u
[matthew 27:29] B: ru[12]="в" → gr[13]="τῇ" downgraded to u
[matthew 27:31] B: ru[12]="в" → gr[11]="τὰ" downgraded to u
[matthew 27:33] B: ru[6]="что" → gr[7]="ἐστιν" downgraded to u
[matthew 27:36] B: ru[4]="там;" → gr[4]="ἐκεῖ" downgraded to u
[matthew 27:38] B: ru[0]="Тогда" → gr[0]="Τότε" downgraded to u
[matthew 27:41] B: ru[0]="Подобно" → gr[0]="ὁμοίως" downgraded to u
[matthew 27:42] B: ru[13]="теперь" → gr[10]="νῦν" downgraded to u
[matthew 27:43] B: ru[4]="теперь" → gr[5]="νῦν" downgraded to u
[matthew 27:46] B: ru[1]="около" → gr[0]="περὶ" downgraded to u
[matthew 27:46] B: ru[8]="Или," → gr[11]="Ἠλὶ" downgraded to u
[matthew 27:46] B: ru[9]="Или!" → gr[12]="ἠλὶ" downgraded to u
[matthew 27:46] B: ru[10]="лама" → gr[13]="λεμὰ" downgraded to u
[matthew 27:46] B: ru[19]="чего" → gr[21]="ἱνατί" downgraded to u
[matthew 27:47] B: ru[3]="там," → gr[3]="ἐκεῖ" downgraded to u
[matthew 27:48] B: ru[1]="тотчас" → gr[1]="εὐθέως" downgraded to u
[matthew 27:50] B: ru[2]="опять" → gr[3]="πάλιν" downgraded to u
[matthew 27:51] B: ru[3]="в" → gr[2]="τὸ" downgraded to u
[matthew 27:51] B: ru[7]="сверху" → gr[8]="ἄνωθεν" downgraded to u
[matthew 27:51] B: ru[8]="донизу;" → gr[10]="κάτω" downgraded to u
[matthew 27:54] B: ru[4]="которые" → gr[0]="Ὁ" downgraded to u
[matthew 27:54] B: ru[9]="видя" → gr[8]="τὸν" downgraded to u
[matthew 27:54] B: ru[12]="все" → gr[11]="τὸν" downgraded to u
[matthew 27:54] B: ru[15]="весьма" → gr[17]="σφόδρα" downgraded to u
[matthew 27:54] B: ru[18]="воистину" → gr[19]="Ἀληθῶς" downgraded to u
[matthew 27:55] B: ru[2]="также" → gr[1]="δὲ" downgraded to u
[matthew 27:55] B: ru[0]="Там" → gr[2]="ἐκεῖ" downgraded to u
[matthew 27:55] B: ru[5]="издали" → gr[6]="μακρόθεν" downgraded to u
[matthew 27:57] B: ru[12]="также" → gr[11]="καὶ" downgraded to u
[matthew 27:58] B: ru[2]="к" → gr[2]="τῷ" downgraded to u
[matthew 27:58] B: ru[7]="Тогда" → gr[9]="τότε" downgraded to u
[matthew 27:60] B: ru[16]="к" → gr[17]="τῇ" downgraded to u
[matthew 27:61] B: ru[2]="там" → gr[2]="ἐκεῖ" downgraded to u
[matthew 27:61] B: ru[10]="против" → gr[11]="ἀπέναντι" downgraded to u
[matthew 27:62] B: ru[2]="день," → gr[2]="ἐπαύριον" downgraded to u
[matthew 27:63] B: ru[8]="еще" → gr[8]="ἔτι" downgraded to u
[matthew 27:63] B: ru[13]="после" → gr[10]="Μετὰ" downgraded to u
[matthew 27:64] B: ru[0]="итак" → gr[1]="οὖν" downgraded to u
[matthew 27:66] B: ru[0]="Они" → gr[1]="δὲ" downgraded to u
[matthew 27:66] B: ru[9]="к" → gr[10]="τῆς" downgraded to u
[matthew 28:1] B: ru[1]="прошествии" → gr[0]="Ὀψὲ" downgraded to u
[matthew 28:5] B: ru[4]="к" → gr[2]="ὁ" downgraded to u
[matthew 28:6] B: ru[1]="нет" → gr[0]="οὐ" downgraded to u
[matthew 28:6] B: ru[2]="здесь" → gr[2]="ὧδε" downgraded to u
[matthew 28:6] B: ru[8]="Подойдите," → gr[7]="δεῦτε" downgraded to u
[matthew 28:6] B: ru[9]="посмотрите" → gr[9]="τὸν" downgraded to u
[matthew 28:6] B: ru[11]="где" → gr[11]="ὅπου" downgraded to u
[matthew 28:7] B: ru[16]="там" → gr[19]="ἐκεῖ" downgraded to u
[matthew 28:9] B: ru[4]="возвестить" → gr[7]="αἱ" downgraded to u
[matthew 28:10] B: ru[0]="Тогда" → gr[0]="τότε" downgraded to u
[matthew 28:10] B: ru[15]="там" → gr[17]="κἀκεῖ" downgraded to u
[matthew 28:11] B: ru[6]="из" → gr[5]="τῆς" downgraded to u
[matthew 28:15] B: ru[0]="Они," → gr[1]="δὲ" downgraded to u
[matthew 28:15] B: ru[14]="сего" → gr[10]="ὁ" downgraded to u
[matthew 28:15] B: ru[15]="дня." → gr[17]="σήμερον" downgraded to u
[matthew 28:16] B: ru[8]="куда" → gr[11]="οὗ" downgraded to u
[matthew 28:17] B: ru[6]="иные" → gr[4]="οἱ" downgraded to u
[matthew 28:19] A2: +added ru[6]="их" ↔ gr[7]="αὐτοὺς"
[matthew 28:19] B: ru[0]="Итак" → gr[1]="οὖν" downgraded to u
[matthew 28:20] A2: +added ru[1]="их" ↔ gr[1]="αὐτοὺς"
[matthew 28:20] B: ru[4]="что" → gr[4]="ὅσα" downgraded to u
[philemon 1:2] B: ru[2]="(сестре)" → gr[2]="τῇ" downgraded to u
[philemon 1:4] B: ru[3]="всегда" → gr[4]="πάντοτε" downgraded to u
[philemon 1:8] B: ru[0]="Посему," → gr[0]="Διό" downgraded to u
[philemon 1:8] B: ru[8]="что" → gr[8]="τὸ" downgraded to u
[philemon 1:9] B: ru[2]="лучше" → gr[3]="μᾶλλον" downgraded to u
[philemon 1:9] B: ru[12]="теперь" → gr[10]="νυνὶ" downgraded to u
[philemon 1:11] B: ru[0]="он" → gr[0]="τόν" downgraded to u
[philemon 1:11] B: ru[7]="теперь" → gr[4]="νυνὶ" downgraded to u
[philemon 1:12] B: ru[4]="как" → gr[5]="ἔστιν" downgraded to u
[philemon 1:13] B: ru[8]="вместо" → gr[7]="ὑπὲρ" downgraded to u
[philemon 1:15] B: ru[1]="может" → gr[0]="τάχα" downgraded to u
[philemon 1:16] B: ru[5]="выше" → gr[4]="ὑπὲρ" downgraded to u
[philemon 1:16] B: ru[9]="особенно" → gr[8]="μάλιστα" downgraded to u
[philemon 1:16] B: ru[13]="больше" → gr[12]="μᾶλλον" downgraded to u
[philemon 1:17] B: ru[0]="Итак," → gr[1]="οὖν" downgraded to u
[philemon 1:20] B: ru[0]="Так," → gr[0]="ναί" downgraded to u
[philemon 1:21] B: ru[1]="на" → gr[1]="τῇ" downgraded to u
[philemon 1:21] B: ru[13]="более," → gr[9]="ὑπὲρ" downgraded to u
[philemon 1:22] B: ru[1]="вместе" → gr[0]="ἅμα" downgraded to u
[philippians 1:4] B: ru[0]="всегда" → gr[0]="πάντοτε" downgraded to u
[philippians 1:5] B: ru[9]="доныне," → gr[13]="νῦν" downgraded to u
[philippians 1:7] B: ru[1]="и" → gr[1]="ἐστιν" downgraded to u
[philippians 1:7] B: ru[28]="в" → gr[32]="τῆς" downgraded to u
[philippians 1:9] B: ru[7]="еще" → gr[7]="ἔτι" downgraded to u
[philippians 1:9] B: ru[8]="более" → gr[8]="μᾶλλον" downgraded to u
[philippians 1:9] B: ru[10]="более" → gr[10]="μᾶλλον" downgraded to u
[philippians 1:12] B: ru[6]="обстоятельства" → gr[7]="κατ" downgraded to u
[philippians 1:12] B: ru[10]="большему" → gr[9]="μᾶλλον" downgraded to u
[philippians 1:14] B: ru[12]="большею" → gr[11]="περισσοτέρως" downgraded to u
[philippians 1:14] B: ru[14]="безбоязненно" → gr[13]="ἀφόβως" downgraded to u
[philippians 1:15] B: ru[1]="правда," → gr[1]="μὲν" downgraded to u
[philippians 1:16] B: ru[0]="Одни" → gr[1]="μὲν" downgraded to u
[philippians 1:16] B: ru[2]="любопрению" → gr[8]="τοῦ" downgraded to u
[philippians 1:17] B: ru[1]="другие" → gr[0]="οἱ" downgraded to u
[philippians 1:17] B: ru[9]="защищать" → gr[4]="τὸν" downgraded to u
[philippians 1:18] B: ru[1]="что" → gr[0]="τί" downgraded to u
[philippians 1:18] B: ru[3]="того?" → gr[2]="πλὴν" downgraded to u
[philippians 1:18] B: ru[4]="Как" → gr[4]="παντὶ" downgraded to u
[philippians 1:18] B: ru[6]="ни" → gr[5]="τρόπῳ" downgraded to u
[philippians 1:20] B: ru[21]="всегда," → gr[15]="πάντοτε" downgraded to u
[philippians 1:20] B: ru[18]="ныне," → gr[17]="νῦν" downgraded to u
[philippians 1:22] B: ru[12]="что" → gr[11]="τί" downgraded to u
[philippians 1:25] B: ru[0]="И" → gr[1]="τοῦτο" downgraded to u
[philippians 1:25] B: ru[16]="в" → gr[16]="τῆς" downgraded to u
[philippians 1:26] B: ru[11]="вторичном" → gr[14]="πάλιν" downgraded to u
[philippians 1:27] B: ru[2]="достойно" → gr[1]="ἀξίως" downgraded to u
[philippians 1:27] B: ru[27]="за" → gr[27]="τῇ" downgraded to u
[philippians 1:30] B: ru[9]="ныне" → gr[9]="νῦν" downgraded to u
[philippians 2:1] B: ru[0]="Итак," → gr[2]="οὖν" downgraded to u
[philippians 2:9] B: ru[0]="Посему" → gr[0]="διὸ" downgraded to u
[philippians 2:9] B: ru[9]="выше" → gr[12]="ὑπὲρ" downgraded to u
[philippians 2:12] B: ru[0]="Итак," → gr[0]="Ὥστε" downgraded to u
[philippians 2:12] B: ru[5]="всегда" → gr[4]="πάντοτε" downgraded to u
[philippians 2:12] B: ru[16]="ныне" → gr[14]="νῦν" downgraded to u
[philippians 2:12] B: ru[15]="более" → gr[16]="μᾶλλον" downgraded to u
[philippians 2:12] B: ru[18]="время" → gr[18]="τῇ" downgraded to u
[philippians 2:13] B: ru[11]="Своему" → gr[14]="τῆς" downgraded to u
[philippians 2:19] B: ru[5]="вскоре" → gr[6]="ταχέως" downgraded to u
[philippians 2:19] B: ru[16]="обстоятельствах," → gr[13]="τὰ" downgraded to u
[philippians 2:20] B: ru[10]="искренно" → gr[5]="γνησίως" downgraded to u
[philippians 2:21] B: ru[7]="того," → gr[3]="τὰ" downgraded to u
[philippians 2:21] B: ru[8]="что" → gr[7]="τὰ" downgraded to u
[philippians 2:23] B: ru[0]="Итак" → gr[2]="οὖν" downgraded to u
[philippians 2:23] B: ru[10]="что" → gr[8]="τὰ" downgraded to u
[philippians 2:23] B: ru[5]="тотчас" → gr[11]="ἐξαυτῆς" downgraded to u
[philippians 2:24] B: ru[7]="скоро" → gr[7]="ταχέως" downgraded to u
[philippians 2:25] B: ru[0]="Впрочем" → gr[1]="δὲ" downgraded to u
[philippians 2:25] B: ru[19]="в" → gr[4]="τὸν" downgraded to u
[philippians 2:27] B: ru[4]="при" → gr[3]="παραπλήσιον" downgraded to u
[philippians 2:28] B: ru[2]="скорее" → gr[0]="σπουδαιοτέρως" downgraded to u
[philippians 2:28] B: ru[0]="Посему" → gr[1]="οὖν" downgraded to u
[philippians 2:28] B: ru[9]="снова," → gr[7]="πάλιν" downgraded to u
[philippians 3:3] B: ru[1]="что" → gr[2]="ἐσμεν" downgraded to u
[philippians 3:4] B: ru[0]="хотя" → gr[0]="καίπερ" downgraded to u
[philippians 3:4] B: ru[15]="более" → gr[15]="μᾶλλον" downgraded to u
[philippians 3:7] B: ru[0]="Но" → gr[1]="ἅτινα" downgraded to u
[philippians 3:7] B: ru[6]="то" → gr[5]="ταῦτα" downgraded to u
[philippians 3:8] B: ru[15]="от" → gr[14]="τοῦ" downgraded to u
[philippians 3:9] B: ru[5]="со" → gr[5]="ἔχων" downgraded to u
[philippians 3:9] B: ru[6]="своею" → gr[6]="ἐμὴν" downgraded to u
[philippians 3:9] B: ru[8]="которая" → gr[8]="τὴν" downgraded to u
[philippians 3:9] B: ru[14]="которая" → gr[12]="τὴν" downgraded to u
[philippians 3:10] B: ru[9]="в" → gr[14]="τῷ" downgraded to u
[philippians 3:12] B: ru[6]="уже" → gr[2]="ἤδη" downgraded to u
[philippians 3:13] B: ru[7]="только," → gr[6]="ἓν" downgraded to u
[philippians 3:13] B: ru[9]="заднее" → gr[10]="ὀπίσω" downgraded to u
[philippians 3:13] B: ru[12]="вперед," → gr[14]="ἔμπροσθεν" downgraded to u
[philippians 3:14] B: ru[3]="к" → gr[4]="τὸ" downgraded to u
[philippians 3:14] B: ru[5]="вышнего" → gr[7]="ἄνω" downgraded to u
[philippians 3:15] B: ru[0]="Итак," → gr[1]="οὖν" downgraded to u
[philippians 3:15] B: ru[5]="так" → gr[3]="τοῦτο" downgraded to u
[philippians 3:15] B: ru[13]="иначе" → gr[8]="ἑτέρως" downgraded to u
[philippians 3:16] B: ru[0]="Впрочем," → gr[0]="πλὴν" downgraded to u
[philippians 3:16] B: ru[11]="тому" → gr[4]="τῷ" downgraded to u
[philippians 3:16] B: ru[5]="так" → gr[5]="αὐτῷ" downgraded to u
[philippians 3:17] B: ru[7]="которые" → gr[7]="οὕτω" downgraded to u
[philippians 3:17] B: ru[11]="какой" → gr[9]="καθὼς" downgraded to u
[philippians 3:18] B: ru[5]="часто" → gr[4]="πολλάκις" downgraded to u
[philippians 3:18] B: ru[9]="теперь" → gr[7]="νῦν" downgraded to u
[philippians 3:19] B: ru[14]="они" → gr[13]="τῇ" downgraded to u
[philippians 3:19] B: ru[16]="о" → gr[16]="οἱ" downgraded to u
[philippians 3:21] B: ru[7]="оно" → gr[8]="τῷ" downgraded to u
[philippians 3:21] B: ru[14]="которою" → gr[16]="τοῦ" downgraded to u
[philippians 4:1] B: ru[0]="Итак," → gr[0]="ὥστε" downgraded to u
[philippians 4:2] B: ru[5]="то" → gr[6]="αὐτὸ" downgraded to u
[philippians 4:3] B: ru[0]="Ей," → gr[2]="καὶ" downgraded to u
[philippians 4:3] B: ru[18]="с" → gr[18]="τῶν" downgraded to u
[philippians 4:4] B: ru[1]="всегда" → gr[3]="πάντοτε" downgraded to u
[philippians 4:4] B: ru[5]="еще" → gr[4]="πάλιν" downgraded to u
[philippians 4:5] B: ru[8]="близко." → gr[8]="ἐγγύς" downgraded to u
[philippians 4:6] B: ru[0]="Не" → gr[0]="μηδὲν" downgraded to u
[philippians 4:6] B: ru[14]="свои" → gr[14]="ὑμῶν" downgraded to u
[philippians 4:7] B: ru[3]="который" → gr[5]="ἡ" downgraded to u
[philippians 4:8] B: ru[4]="только" → gr[4]="ἐστὶν" downgraded to u
[philippians 4:8] B: ru[6]="что" → gr[6]="ὅσα" downgraded to u
[philippians 4:8] B: ru[8]="что" → gr[8]="ὅσα" downgraded to u
[philippians 4:8] B: ru[10]="что" → gr[10]="ὅσα" downgraded to u
[philippians 4:8] B: ru[12]="что" → gr[12]="ὅσα" downgraded to u
[philippians 4:8] B: ru[14]="что" → gr[14]="ὅσα" downgraded to u
[philippians 4:8] B: ru[17]="только" → gr[17]="τις" downgraded to u
[philippians 4:8] B: ru[19]="и" → gr[21]="τις" downgraded to u
[philippians 4:9] B: ru[11]="то" → gr[11]="ταῦτα" downgraded to u
[philippians 4:10] B: ru[1]="весьма" → gr[4]="μεγάλως" downgraded to u
[philippians 4:10] B: ru[7]="уже" → gr[6]="ἤδη" downgraded to u
[philippians 4:10] B: ru[8]="вновь" → gr[7]="ποτὲ" downgraded to u
[philippians 4:11] B: ru[12]="что" → gr[9]="οἷς" downgraded to u
[philippians 4:14] B: ru[0]="Впрочем" → gr[0]="πλὴν" downgraded to u
[philippians 4:14] B: ru[2]="хорошо" → gr[1]="καλῶς" downgraded to u
[philippians 4:15] B: ru[0]="Вы" → gr[2]="καὶ" downgraded to u
[philippians 4:15] B: ru[22]="кроме" → gr[24]="μὴ" downgraded to u
[philippians 4:16] B: ru[5]="раз" → gr[5]="ἅπαξ" downgraded to u
[philippians 4:16] B: ru[7]="два" → gr[7]="δὶς" downgraded to u
[philippians 4:18] B: ru[10]="посланное" → gr[10]="παρ" downgraded to u
[philippians 4:21] B: ru[8]="находящиеся" → gr[8]="οἱ" downgraded to u
[philippians 4:22] B: ru[5]="наипаче" → gr[5]="μάλιστα" downgraded to u
[revelation 1:2] B: ru[9]="что" → gr[11]="ὅσα" downgraded to u
[revelation 1:3] B: ru[6]="сего" → gr[8]="τῆς" downgraded to u
[revelation 1:3] B: ru[14]="близко." → gr[19]="ἐγγύς" downgraded to u
[revelation 1:4] B: ru[3]="находящимся" → gr[1]="ταῖς" downgraded to u
[revelation 1:4] B: ru[11]="Того," → gr[6]="τῇ" downgraded to u
[revelation 1:4] B: ru[12]="Который" → gr[13]="ὁ" downgraded to u
[revelation 1:4] B: ru[23]="перед" → gr[27]="ἐνώπιον" downgraded to u
[revelation 1:5] B: ru[4]="Который" → gr[4]="ὁ" downgraded to u
[revelation 1:5] B: ru[15]="Ему," → gr[17]="τῆς" downgraded to u
[revelation 1:5] B: ru[21]="от" → gr[19]="Τῷ" downgraded to u
[revelation 1:6] B: ru[11]="и" → gr[11]="ἡ" downgraded to u
[revelation 1:8] B: ru[10]="Который" → gr[11]="ὁ" downgraded to u
[revelation 1:8] B: ru[14]="и" → gr[17]="ὁ" downgraded to u
[revelation 1:9] B: ru[17]="на" → gr[18]="τῇ" downgraded to u
[revelation 1:9] B: ru[25]="за" → gr[26]="τοῦ" downgraded to u
[revelation 1:10] B: ru[9]="позади" → gr[9]="ὀπίσω" downgraded to u
[revelation 1:11] B: ru[1]="что" → gr[1]="Ὃ" downgraded to u
[revelation 1:14] A2: +added ru[1]="Его" ↔ gr[16]="αὐτοῦ"
[revelation 1:16] B: ru[4]="Своей" → gr[5]="χειρὶ" downgraded to u
[revelation 1:17] B: ru[14]="положил" → gr[13]="τὴν" downgraded to u
[revelation 1:17] B: ru[27]="и" → gr[26]="ὁ" downgraded to u
[revelation 1:19] B: ru[0]="Итак" → gr[1]="οὖν" downgraded to u
[revelation 1:19] B: ru[2]="что" → gr[2]="ἃ" downgraded to u
[revelation 1:19] B: ru[6]="что" → gr[5]="ἃ" downgraded to u
[revelation 1:19] B: ru[9]="что" → gr[8]="ἃ" downgraded to u
[revelation 1:19] B: ru[11]="после" → gr[11]="μετὰ" downgraded to u
[revelation 2:1] B: ru[4]="так" → gr[7]="Τάδε" downgraded to u
[revelation 2:2] B: ru[20]="которые" → gr[19]="τοὺς" downgraded to u
[revelation 2:4] B: ru[2]="против" → gr[2]="κατὰ" downgraded to u
[revelation 2:5] B: ru[0]="Итак" → gr[1]="οὖν" downgraded to u
[revelation 2:5] B: ru[2]="откуда" → gr[2]="πόθεν" downgraded to u
[revelation 2:6] B: ru[0]="Впрочем" → gr[0]="ἀλλὰ" downgraded to u
[revelation 2:6] B: ru[1]="то" → gr[1]="τοῦτο" downgraded to u
[revelation 2:6] B: ru[11]="и" → gr[10]="κἀγὼ" downgraded to u
[revelation 2:7] B: ru[4]="что" → gr[4]="τί" downgraded to u
[revelation 2:7] B: ru[15]="посреди" → gr[22]="ἐν" downgraded to u
[revelation 2:8] B: ru[5]="так" → gr[8]="Τάδε" downgraded to u
[revelation 2:9] B: ru[14]="которые" → gr[24]="τοῦ" downgraded to u
[revelation 2:10] B: ru[3]="что" → gr[2]="ἃ" downgraded to u
[revelation 2:10] B: ru[32]="тебе" → gr[8]="ὁ" downgraded to u
[revelation 2:11] B: ru[5]="что" → gr[4]="τί" downgraded to u
[revelation 2:12] B: ru[5]="так" → gr[8]="Τάδε" downgraded to u
[revelation 2:13] B: ru[7]="там," → gr[1]="ποῦ" downgraded to u
[revelation 2:13] B: ru[8]="где" → gr[3]="ὅπου" downgraded to u
[revelation 2:13] B: ru[19]="от" → gr[21]="ταῖς" downgraded to u
[revelation 2:13] B: ru[24]="те" → gr[24]="ὁ" downgraded to u
[revelation 2:13] B: ru[30]="где" → gr[34]="ὅπου" downgraded to u
[revelation 2:14] B: ru[3]="против" → gr[2]="κατὰ" downgraded to u
[revelation 2:14] B: ru[10]="там" → gr[7]="ἐκεῖ" downgraded to u
[revelation 2:16] B: ru[5]="скоро" → gr[7]="ταχύ" downgraded to u
[revelation 2:17] B: ru[5]="что" → gr[4]="τί" downgraded to u
[revelation 2:17] B: ru[11]="вкушать" → gr[8]="ταῖς" downgraded to u
[revelation 2:17] B: ru[31]="кто" → gr[16]="τοῦ" downgraded to u
[revelation 2:17] B: ru[29]="кроме" → gr[34]="μὴ" downgraded to u
[revelation 2:18] B: ru[5]="так" → gr[8]="Τάδε" downgraded to u
[revelation 2:19] B: ru[14]="что" → gr[21]="τὰ" downgraded to u
[revelation 2:20] B: ru[3]="против" → gr[2]="κατὰ" downgraded to u
[revelation 2:20] B: ru[8]="попускаешь" → gr[6]="τὴν" downgraded to u
[revelation 2:22] B: ru[18]="своих." → gr[2]="αὐτὴν" downgraded to u
[revelation 2:24] B: ru[4]="находящимся" → gr[3]="τοῖς" downgraded to u
[revelation 2:24] B: ru[18]="глубин" → gr[17]="τὰ" downgraded to u
[revelation 2:25] B: ru[2]="что" → gr[1]="ὃ" downgraded to u
[revelation 2:25] B: ru[5]="пока" → gr[4]="ἄχρι" downgraded to u
[revelation 2:26] B: ru[0]="Кто" → gr[1]="ὁ" downgraded to u
[revelation 2:27] B: ru[3]="их" → gr[3]="ἐν" downgraded to u
[revelation 2:29] B: ru[5]="что" → gr[4]="τί" downgraded to u
[revelation 3:1] B: ru[5]="так" → gr[8]="Τάδε" downgraded to u
[revelation 3:1] B: ru[20]="будто" → gr[25]="ὅτι" downgraded to u
[revelation 3:2] B: ru[18]="Моим." → gr[17]="τοῦ" downgraded to u
[revelation 3:4] B: ru[0]="Впрочем" → gr[12]="καὶ" downgraded to u
[revelation 3:5] B: ru[14]="исповедаю" → gr[21]="τὸ" downgraded to u
[revelation 3:6] B: ru[4]="что" → gr[4]="τί" downgraded to u
[revelation 3:7] B: ru[5]="так" → gr[8]="Τάδε" downgraded to u
[revelation 3:7] B: ru[12]="Который" → gr[16]="τὴν" downgraded to u
[revelation 3:8] B: ru[6]="перед" → gr[6]="ἐνώπιόν" downgraded to u
[revelation 3:8] B: ru[14]="ее;" → gr[15]="ὅτι" downgraded to u
[revelation 3:9] B: ru[9]="которые" → gr[7]="τῶν" downgraded to u
[revelation 3:10] B: ru[15]="которая" → gr[15]="τῆς" downgraded to u
[revelation 3:11] B: ru[2]="скоро;" → gr[1]="ταχύ" downgraded to u
[revelation 3:11] B: ru[4]="что" → gr[3]="ὃ" downgraded to u
[revelation 3:11] B: ru[8]="не" → gr[6]="μηδεὶς" downgraded to u
[revelation 3:12] B: ru[12]="вон;" → gr[12]="ἔξω" downgraded to u
[revelation 3:12] B: ru[9]="уже" → gr[16]="ἔτι" downgraded to u
[revelation 3:13] B: ru[4]="что" → gr[4]="τί" downgraded to u
[revelation 3:14] B: ru[5]="так" → gr[8]="Τάδε" downgraded to u
[revelation 3:16] B: ru[10]="то" → gr[9]="μέλλω" downgraded to u
[revelation 3:19] B: ru[7]="Итак" → gr[8]="οὖν" downgraded to u
[revelation 3:22] B: ru[4]="что" → gr[4]="τί" downgraded to u
[revelation 4:1] B: ru[0]="После" → gr[0]="Μετὰ" downgraded to u
[revelation 4:1] B: ru[25]="сюда," → gr[24]="ὧδε" downgraded to u
[revelation 4:1] B: ru[32]="после" → gr[31]="μετὰ" downgraded to u
[revelation 4:2] B: ru[1]="тотчас" → gr[0]="εὐθέως" downgraded to u
[revelation 4:3] B: ru[1]="Сей" → gr[1]="ὁ" downgraded to u
[revelation 4:3] B: ru[12]="вокруг" → gr[11]="κυκλόθεν" downgraded to u
[revelation 4:4] B: ru[1]="вокруг" → gr[1]="κυκλόθεν" downgraded to u
[revelation 4:4] B: ru[9]="видел" → gr[21]="τὰς" downgraded to u
[revelation 4:5] B: ru[14]="перед" → gr[15]="ἐνώπιον" downgraded to u
[revelation 4:6] B: ru[1]="перед" → gr[1]="ἐνώπιον" downgraded to u
[revelation 4:6] B: ru[11]="вокруг" → gr[15]="κύκλῳ" downgraded to u
[revelation 4:6] B: ru[17]="спереди" → gr[22]="ἔμπροσθεν" downgraded to u
[revelation 4:6] B: ru[19]="сзади." → gr[24]="ὄπισθεν" downgraded to u
[revelation 4:8] B: ru[9]="вокруг," → gr[12]="κυκλόθεν" downgraded to u
[revelation 4:8] B: ru[11]="внутри" → gr[14]="ἔσωθεν" downgraded to u
[revelation 4:8] B: ru[30]="Который" → gr[31]="ὁ" downgraded to u
[revelation 4:10] B: ru[19]="перед" → gr[25]="ἐνώπιον" downgraded to u
[revelation 5:1] B: ru[11]="внутри" → gr[12]="ἔσωθεν" downgraded to u
[revelation 5:1] B: ru[13]="отвне," → gr[14]="ὄπισθεν" downgraded to u
[revelation 5:2] B: ru[11]="сию" → gr[11]="τὸ" downgraded to u
[revelation 5:3] B: ru[14]="сию" → gr[15]="τὸ" downgraded to u
[revelation 5:4] B: ru[14]="сию" → gr[9]="τὸ" downgraded to u
[revelation 5:5] B: ru[19]="сию" → gr[15]="τῆς" downgraded to u
[revelation 5:5] B: ru[22]="снять" → gr[18]="ἡ" downgraded to u
[revelation 5:9] B: ru[20]="Своею" → gr[24]="σου" downgraded to u
[revelation 5:10] B: ru[2]="нас" → gr[3]="τῷ" downgraded to u
[revelation 5:11] B: ru[8]="вокруг" → gr[8]="τοῦ" downgraded to u
[revelation 5:13] B: ru[17]="что" → gr[20]="τὰ" downgraded to u
[revelation 6:4] B: ru[12]="с" → gr[16]="τῆς" downgraded to u
[revelation 6:8] B: ru[25]="частью" → gr[28]="τῆς" downgraded to u
[revelation 6:10] B: ru[6]="доколе," → gr[6]="πότε" downgraded to u
[revelation 6:11] A2: +added ru[12]="они" ↔ gr[29]="αὐτοί"
[revelation 6:11] B: ru[14]="еще" → gr[11]="ἔτι" downgraded to u
[revelation 6:11] B: ru[18]="пока" → gr[14]="ἕως" downgraded to u
[revelation 6:11] B: ru[25]="которые" → gr[24]="οἱ" downgraded to u
[revelation 7:1] B: ru[1]="после" → gr[0]="Μετὰ" downgraded to u
[revelation 7:2] B: ru[19]="к" → gr[16]="τοῖς" downgraded to u
[revelation 7:2] B: ru[26]="и" → gr[26]="τὴν" downgraded to u
[revelation 7:3] B: ru[9]="доколе" → gr[11]="ἄχρι" downgraded to u
[revelation 7:9] B: ru[0]="После" → gr[0]="Μετὰ" downgraded to u
[revelation 7:9] B: ru[29]="в" → gr[29]="περιβεβλημένους" downgraded to u
[revelation 7:11] B: ru[4]="вокруг" → gr[5]="κύκλῳ" downgraded to u
[revelation 7:11] B: ru[13]="перед" → gr[17]="ἐνώπιον" downgraded to u
[revelation 7:13] B: ru[10]="в" → gr[11]="τὰς" downgraded to u
[revelation 7:13] B: ru[15]="откуда" → gr[18]="πόθεν" downgraded to u
[revelation 7:14] B: ru[12]="которые" → gr[12]="οἱ" downgraded to u
[revelation 7:14] B: ru[24]="свои" → gr[27]="ἐν" downgraded to u
[revelation 7:15] A2: +added ru[24]="них." ↔ gr[26]="αὐτούς"
[revelation 7:15] B: ru[5]="перед" → gr[3]="ἐνώπιον" downgraded to u
[revelation 7:16] B: ru[3]="уже" → gr[2]="ἔτι" downgraded to u
[revelation 7:16] B: ru[12]="их" → gr[11]="ὁ" downgraded to u
[revelation 7:17] B: ru[2]="Который" → gr[3]="τὸ" downgraded to u
[revelation 7:17] B: ru[3]="среди" → gr[4]="ἀνὰ" downgraded to u
[revelation 7:17] B: ru[20]="с" → gr[24]="τῶν" downgraded to u
[revelation 8:2] B: ru[2]="видел" → gr[2]="τοὺς" downgraded to u
[revelation 8:3] B: ru[6]="перед" → gr[6]="ἐπὶ" downgraded to u
[revelation 8:3] B: ru[19]="с" → gr[19]="ταῖς" downgraded to u
[revelation 8:3] B: ru[28]="который" → gr[29]="τὸ" downgraded to u
[revelation 8:3] B: ru[29]="перед" → gr[30]="ἐνώπιον" downgraded to u
[revelation 8:4] B: ru[4]="с" → gr[6]="ταῖς" downgraded to u
[revelation 8:9] B: ru[6]="живущих" → gr[8]="τῇ" downgraded to u
[revelation 8:10] B: ru[10]="подобно" → gr[13]="ὡς" downgraded to u
[revelation 8:11] B: ru[1]="сей" → gr[1]="τὸ" downgraded to u
[revelation 8:11] B: ru[15]="от" → gr[10]="τὸ" downgraded to u
[revelation 8:13] B: ru[26]="которые" → gr[29]="τῶν" downgraded to u
[revelation 9:1] B: ru[17]="от" → gr[18]="ἡ" downgraded to u
[revelation 9:2] B: ru[15]="помрачилось" → gr[18]="ὁ" downgraded to u
[revelation 9:2] B: ru[19]="от" → gr[24]="τοῦ" downgraded to u
[revelation 9:2] B: ru[21]="из" → gr[26]="τοῦ" downgraded to u
[revelation 9:3] B: ru[12]="какую" → gr[13]="ὡς" downgraded to u
[revelation 9:4] B: ru[18]="одним" → gr[18]="τοὺς" downgraded to u
[revelation 9:5] B: ru[15]="подобно" → gr[16]="ὡς" downgraded to u
[revelation 9:7] B: ru[2]="своему" → gr[1]="τὰ" downgraded to u
[revelation 9:9] B: ru[10]="от" → gr[9]="τῶν" downgraded to u
[revelation 9:10] B: ru[4]="как" → gr[3]="ὁμοίας" downgraded to u
[revelation 9:11] B: ru[9]="по-еврейски" → gr[10]="Ἑβραϊστὶ" downgraded to u
[revelation 9:12] B: ru[7]="еще" → gr[7]="ἔτι" downgraded to u
[revelation 9:13] B: ru[13]="стоящего" → gr[14]="τοῦ" downgraded to u
[revelation 9:15] B: ru[2]="были" → gr[2]="οἱ" downgraded to u
[revelation 9:15] B: ru[19]="часть" → gr[18]="τὸ" downgraded to u
[revelation 9:17] B: ru[1]="видел" → gr[3]="τοὺς" downgraded to u
[revelation 9:17] B: ru[25]="у" → gr[21]="αἱ" downgraded to u
[revelation 9:17] B: ru[28]="изо" → gr[29]="ἐκ" downgraded to u
[revelation 9:18] B: ru[0]="От" → gr[1]="τῶν" downgraded to u
[revelation 9:18] B: ru[10]="изо" → gr[11]="τοῦ" downgraded to u
[revelation 10:4] B: ru[19]="что" → gr[16]="ἃ" downgraded to u
[revelation 10:6] B: ru[10]="все," → gr[14]="τὰ" downgraded to u
[revelation 10:6] B: ru[16]="все," → gr[18]="τὴν" downgraded to u
[revelation 10:6] B: ru[23]="все," → gr[25]="τὴν" downgraded to u
[revelation 10:7] B: ru[2]="те" → gr[2]="ταῖς" downgraded to u
[revelation 10:8] B: ru[7]="опять" → gr[8]="πάλιν" downgraded to u
[revelation 10:10] B: ru[26]="во" → gr[26]="ἡ" downgraded to u
[revelation 10:11] B: ru[6]="опять" → gr[5]="πάλιν" downgraded to u
[revelation 11:4] B: ru[9]="Богом" → gr[11]="τοῦ" downgraded to u
[revelation 11:5] B: ru[21]="тому" → gr[23]="οὕτως" downgraded to u
[revelation 11:6] B: ru[18]="над" → gr[11]="τὰς" downgraded to u
[revelation 11:7] A: ru[5]="свое," → ru[15]="их," (gr[5]="αὐτῶν")
[revelation 11:8] B: ru[9]="духовно" → gr[13]="πνευματικῶς" downgraded to u
[revelation 11:8] B: ru[14]="где" → gr[17]="ὅπου" downgraded to u
[revelation 11:9] B: ru[12]="на" → gr[11]="τὸ" downgraded to u
[revelation 11:11] A: ru[19]="свои;" → ru[29]="них." (gr[20]="αὐτῶν")
[revelation 11:11] B: ru[1]="после" → gr[1]="μετὰ" downgraded to u
[revelation 11:11] B: ru[26]="которые" → gr[26]="τοὺς" downgraded to u
[revelation 11:12] A2: +added ru[23]="их." ↔ gr[21]="αὐτοὺς"
[revelation 11:12] B: ru[10]="сюда." → gr[10]="ὧδε" downgraded to u
[revelation 11:14] B: ru[5]="скоро" → gr[11]="ταχύ" downgraded to u
[revelation 11:17] B: ru[6]="Который" → gr[8]="ὁ" downgraded to u
[revelation 11:19] B: ru[7]="явился" → gr[8]="τῷ" downgraded to u
[revelation 12:1] B: ru[8]="в" → gr[9]="τὸν" downgraded to u
[revelation 12:3] B: ru[10]="с" → gr[12]="ἔχων" downgraded to u
[revelation 12:4] B: ru[3]="с" → gr[5]="τὸ" downgraded to u
[revelation 12:4] B: ru[14]="сей" → gr[15]="τὴν" downgraded to u
[revelation 12:4] B: ru[16]="перед" → gr[21]="ἐνώπιον" downgraded to u
[revelation 12:4] B: ru[18]="которой" → gr[22]="τῆς" downgraded to u
[revelation 12:6] A2: +added ru[15]="ее" ↔ gr[18]="αὐτὴν"
[revelation 12:6] B: ru[5]="где" → gr[7]="ὅπου" downgraded to u
[revelation 12:6] B: ru[16]="там" → gr[9]="ἐκεῖ" downgraded to u
[revelation 12:7] B: ru[10]="против" → gr[9]="οἱ" downgraded to u
[revelation 12:8] B: ru[6]="уже" → gr[7]="ἔτι" downgraded to u
[revelation 12:9] B: ru[2]="был" → gr[2]="ὁ" downgraded to u
[revelation 12:10] A2: +added ru[29]="них" ↔ gr[36]="αὐτοὺς"
[revelation 12:10] B: ru[8]="ныне" → gr[8]="Ἄρτι" downgraded to u
[revelation 12:10] B: ru[23]="низвержен" → gr[29]="ὁ" downgraded to u
[revelation 12:12] B: ru[9]="на" → gr[11]="τὴν" downgraded to u
[revelation 12:12] B: ru[12]="на" → gr[14]="τὴν" downgraded to u
[revelation 12:12] B: ru[20]="в" → gr[22]="ἔχων" downgraded to u
[revelation 12:14] B: ru[2]="были" → gr[2]="τῇ" downgraded to u
[revelation 12:14] B: ru[20]="там" → gr[22]="ἐκεῖ" downgraded to u
[revelation 12:15] A: ru[5]="своей" → ru[13]="ее" (gr[7]="αὐτοῦ")
[revelation 12:15] B: ru[6]="вслед" → gr[8]="ὀπίσω" downgraded to u
[revelation 12:17] B: ru[13]="от" → gr[14]="τοῦ" downgraded to u
[revelation 13:1] B: ru[12]="с" → gr[7]="ἔχον" downgraded to u
[revelation 13:1] B: ru[4]="песке" → gr[15]="τῶν" downgraded to u
[revelation 13:3] B: ru[14]="эта" → gr[11]="ἡ" downgraded to u
[revelation 13:4] B: ru[7]="сему?" → gr[6]="τὴν" downgraded to u
[revelation 13:6] B: ru[16]="и" → gr[18]="τοὺς" downgraded to u
[revelation 13:8] B: ru[12]="книге" → gr[18]="τῆς" downgraded to u
[revelation 13:8] B: ru[14]="у" → gr[20]="τοῦ" downgraded to u
[revelation 13:10] B: ru[18]="Здесь" → gr[16]="ὧδέ" downgraded to u
[revelation 13:10] B: ru[4]="тот" → gr[18]="ἡ" downgraded to u
[revelation 13:12] B: ru[11]="всю" → gr[3]="τοῦ" downgraded to u
[revelation 13:12] B: ru[2]="перед" → gr[8]="ἐνώπιον" downgraded to u
[revelation 13:13] B: ru[13]="перед" → gr[15]="ἐνώπιον" downgraded to u
[revelation 13:14] B: ru[7]="перед" → gr[14]="ἐνώπιον" downgraded to u
[revelation 13:16] A2: +added ru[25]="их," ↔ gr[34]="αὐτῶν"
[revelation 13:17] B: ru[2]="никому" → gr[2]="μή" downgraded to u
[revelation 13:17] B: ru[9]="кроме" → gr[9]="μὴ" downgraded to u
[revelation 13:17] B: ru[11]="кто" → gr[10]="ὁ" downgraded to u
[revelation 13:17] B: ru[13]="это" → gr[12]="τὸ" downgraded to u
[revelation 13:17] B: ru[18]="или" → gr[19]="τὸν" downgraded to u
[revelation 13:18] B: ru[0]="Здесь" → gr[0]="ὧδε" downgraded to u
[revelation 13:18] B: ru[2]="Кто" → gr[4]="ὁ" downgraded to u
[revelation 13:18] B: ru[5]="тот" → gr[10]="τοῦ" downgraded to u
[revelation 14:3] B: ru[19]="сей" → gr[20]="τὴν" downgraded to u
[revelation 14:3] B: ru[21]="кроме" → gr[23]="μὴ" downgraded to u
[revelation 14:3] B: ru[22]="сих" → gr[24]="αἱ" downgraded to u
[revelation 14:4] B: ru[12]="которые" → gr[11]="οἱ" downgraded to u
[revelation 14:4] B: ru[14]="за" → gr[13]="τῷ" downgraded to u
[revelation 14:4] B: ru[16]="куда" → gr[15]="ὅπου" downgraded to u
[revelation 14:5] B: ru[4]="нет" → gr[5]="οὐ" downgraded to u
[revelation 14:8] A: ru[18]="своего" → ru[5]="ним," (gr[19]="αὐτῆς")
[revelation 14:8] B: ru[10]="город" → gr[9]="ἡ" downgraded to u
[revelation 14:8] B: ru[14]="он" → gr[15]="τοῦ" downgraded to u
[revelation 14:10] B: ru[6]="вино" → gr[10]="τοῦ" downgraded to u
[revelation 14:11] B: ru[23]="и" → gr[27]="τις" downgraded to u
[revelation 14:12] B: ru[0]="Здесь" → gr[0]="Ὧδε" downgraded to u
[revelation 14:15] B: ru[10]="к" → gr[11]="τῷ" downgraded to u
[revelation 14:17] B: ru[6]="находящегося" → gr[7]="τοῦ" downgraded to u
[revelation 14:17] B: ru[10]="с" → gr[11]="ἔχων" downgraded to u
[revelation 14:17] B: ru[9]="также" → gr[12]="καὶ" downgraded to u
[revelation 14:18] B: ru[15]="к" → gr[10]="τοῦ" downgraded to u
[revelation 14:19] B: ru[10]="на" → gr[14]="τῆς" downgraded to u
[revelation 14:20] B: ru[3]="в" → gr[2]="ἡ" downgraded to u
[revelation 14:20] B: ru[5]="за" → gr[5]="τῆς" downgraded to u
[revelation 15:2] B: ru[25]="этом" → gr[29]="τὴν" downgraded to u
[revelation 15:5] B: ru[1]="после" → gr[1]="μετὰ" downgraded to u
[revelation 15:8] B: ru[18]="доколе" → gr[22]="ἄχρι" downgraded to u
[revelation 16:1] B: ru[13]="семь" → gr[14]="τὰς" downgraded to u
[revelation 16:5] B: ru[10]="Который" → gr[9]="ὁ" downgraded to u
[revelation 16:5] B: ru[14]="и" → gr[14]="ὁ" downgraded to u
[revelation 16:5] B: ru[18]="так" → gr[17]="ταῦτα" downgraded to u
[revelation 16:7] B: ru[4]="от" → gr[2]="τοῦ" downgraded to u
[revelation 16:12] B: ru[16]="был" → gr[16]="τὸ" downgraded to u
[revelation 16:14] A2: +added ru[15]="их" ↔ gr[15]="αὐτοὺς"
[revelation 16:14] B: ru[10]="земли" → gr[17]="τὸν" downgraded to u
[revelation 16:14] B: ru[18]="в" → gr[21]="τῆς" downgraded to u
[revelation 16:14] B: ru[19]="оный" → gr[23]="τοῦ" downgraded to u
[revelation 16:15] A: ru[9]="свою," → ru[20]="его." (gr[11]="αὐτοῦ")
[revelation 16:16] A2: +added ru[3]="их" ↔ gr[2]="αὐτοὺς"
[revelation 16:16] B: ru[7]="по-еврейски" → gr[8]="Ἑβραϊστὶ" downgraded to u
[revelation 16:17] B: ru[5]="на" → gr[4]="τὴν" downgraded to u
[revelation 16:17] B: ru[11]="от" → gr[18]="τοῦ" downgraded to u
[revelation 16:18] B: ru[16]="как" → gr[15]="οὗ" downgraded to u
[revelation 16:21] B: ru[2]="величиною" → gr[3]="ὡς" downgraded to u
[revelation 16:21] B: ru[24]="весьма" → gr[29]="σφόδρα" downgraded to u
[revelation 17:1] B: ru[15]="подойди," → gr[17]="Δεῦρο" downgraded to u
[revelation 17:2] B: ru[11]="на" → gr[16]="τῆς" downgraded to u
[revelation 17:3] B: ru[18]="с" → gr[17]="ἔχων" downgraded to u
[revelation 17:4] B: ru[18]="в" → gr[20]="τῇ" downgraded to u
[revelation 17:6] A2: +added ru[14]="ее," ↔ gr[20]="αὐτὴν"
[revelation 17:6] B: ru[5]="была" → gr[5]="ἐκ" downgraded to u
[revelation 17:7] A2: +added ru[16]="ее," ↔ gr[20]="αὐτήν"
[revelation 17:7] B: ru[12]="сей" → gr[13]="τῆς" downgraded to u
[revelation 17:8] B: ru[6]="нет" → gr[6]="οὐ" downgraded to u
[revelation 17:8] B: ru[18]="те" → gr[12]="τῆς" downgraded to u
[revelation 17:8] B: ru[38]="нет" → gr[44]="οὐ" downgraded to u
[revelation 17:9] B: ru[0]="Здесь" → gr[0]="Ὧδε" downgraded to u
[revelation 17:10] B: ru[9]="а" → gr[0]="οἱ" downgraded to u
[revelation 17:11] B: ru[6]="нет," → gr[6]="οὐ" downgraded to u
[revelation 17:11] B: ru[11]="числа" → gr[14]="τῶν" downgraded to u
[revelation 17:14] B: ru[20]="которые" → gr[18]="οἱ" downgraded to u
[revelation 17:15] B: ru[7]="где" → gr[7]="οὗ" downgraded to u
[revelation 17:16] B: ru[6]="на" → gr[7]="τὸ" downgraded to u
[revelation 17:17] B: ru[19]="доколе" → gr[23]="ἄχρι" downgraded to u
[revelation 17:17] B: ru[22]="слова" → gr[25]="οἱ" downgraded to u
[revelation 18:1] B: ru[0]="После" → gr[0]="Μετὰ" downgraded to u
[revelation 18:2] B: ru[26]="ибо" → gr[9]="ἡ" downgraded to u
[revelation 18:4] B: ru[17]="в" → gr[9]="ὁ" downgraded to u
[revelation 18:8] A2: +added ru[24]="ее." ↔ gr[25]="αὐτήν"
[revelation 18:8] B: ru[1]="то" → gr[1]="τοῦτο" downgraded to u
[revelation 18:9] B: ru[16]="от" → gr[18]="τὸν" downgraded to u
[revelation 18:10] B: ru[1]="издали" → gr[1]="μακρόθεν" downgraded to u
[revelation 18:10] B: ru[9]="горе" → gr[11]="οὐαί" downgraded to u
[revelation 18:11] B: ru[13]="уже" → gr[16]="οὐκέτι" downgraded to u
[revelation 18:14] B: ru[3]="для" → gr[4]="τῆς" downgraded to u
[revelation 18:14] B: ru[19]="уже" → gr[22]="οὐκέτι" downgraded to u
[revelation 18:15] B: ru[7]="вдали" → gr[8]="μακρόθεν" downgraded to u
[revelation 18:16] B: ru[3]="горе" → gr[2]="οὐαί" downgraded to u
[revelation 18:17] B: ru[24]="вдали" → gr[24]="μακρόθεν" downgraded to u
[revelation 18:18] B: ru[1]="видя" → gr[3]="τὸν" downgraded to u
[revelation 18:18] B: ru[3]="от" → gr[5]="τῆς" downgraded to u
[revelation 18:18] B: ru[11]="городу" → gr[13]="τῇ" downgraded to u
[revelation 18:19] B: ru[11]="горе" → gr[14]="οὐαί" downgraded to u
[revelation 18:21] B: ru[6]="подобный" → gr[6]="ὡς" downgraded to u
[revelation 18:21] B: ru[15]="таким" → gr[15]="Οὕτως" downgraded to u
[revelation 18:21] B: ru[23]="уже" → gr[26]="ἔτι" downgraded to u
[revelation 18:22] B: ru[16]="уже" → gr[14]="ἔτι" downgraded to u
[revelation 18:22] B: ru[35]="уже" → gr[25]="ἔτι" downgraded to u
[revelation 18:23] B: ru[3]="уже" → gr[8]="ἔτι" downgraded to u
[revelation 18:23] B: ru[15]="уже" → gr[19]="ἔτι" downgraded to u
[revelation 19:1] B: ru[0]="После" → gr[0]="Μετὰ" downgraded to u
[revelation 19:1] B: ru[20]="и" → gr[19]="ἡ" downgraded to u
[revelation 19:2] B: ru[10]="ту" → gr[9]="τὴν" downgraded to u
[revelation 19:4] B: ru[0]="Тогда" → gr[0]="καὶ" downgraded to u
[revelation 19:5] B: ru[2]="от" → gr[3]="τοῦ" downgraded to u
[revelation 19:11] B: ru[1]="увидел" → gr[2]="τὸν" downgraded to u
[revelation 19:12] B: ru[20]="кроме" → gr[20]="μὴ" downgraded to u
[revelation 19:15] A2: +added ru[13]="их" ↔ gr[17]="αὐτοὺς"
[revelation 19:15] A2: +added ru[11]="Он" ↔ gr[22]="αὐτὸς"
[revelation 19:17] B: ru[20]="летите," → gr[20]="Δεῦτε" downgraded to u
[revelation 19:18] A2: +added ru[13]="них," ↔ gr[17]="αὐτῶν"
[revelation 19:19] B: ru[1]="увидел" → gr[2]="τὸ" downgraded to u
[revelation 19:20] B: ru[6]="ним" → gr[7]="ὁ" downgraded to u
[revelation 20:1] B: ru[10]="от" → gr[10]="τῆς" downgraded to u
[revelation 20:3] B: ru[16]="уже" → gr[15]="ἔτι" downgraded to u
[revelation 20:3] B: ru[18]="доколе" → gr[18]="ἄχρι" downgraded to u
[revelation 20:3] B: ru[23]="после" → gr[23]="μετὰ" downgraded to u
[revelation 20:4] B: ru[26]="ни" → gr[33]="τὴν" downgraded to u
[revelation 20:5] B: ru[2]="из" → gr[0]="οἱ" downgraded to u
[revelation 20:7] A: ru[10]="своей" → ru[25]="их" (gr[12]="αὐτοῦ")
[revelation 20:7] B: ru[13]="обольщать" → gr[10]="τῆς" downgraded to u
[revelation 20:8] B: ru[2]="на" → gr[3]="τὰ" downgraded to u
[revelation 20:8] B: ru[3]="широту" → gr[5]="τὰ" downgraded to u
[revelation 20:8] B: ru[6]="окружили" → gr[7]="ταῖς" downgraded to u
[revelation 20:8] B: ru[7]="стан" → gr[10]="τῆς" downgraded to u
[revelation 20:8] B: ru[9]="и" → gr[12]="τὸν" downgraded to u
[revelation 20:8] B: ru[10]="город" → gr[19]="τὸν" downgraded to u
[revelation 20:9] A2: +added ru[9]="их;" ↔ gr[26]="αὐτούς"
[revelation 20:9] B: ru[5]="от" → gr[5]="τῆς" downgraded to u
[revelation 20:10] A2: +added ru[3]="их," ↔ gr[5]="αὐτοὺς"
[revelation 20:10] B: ru[10]="где" → gr[14]="ὅπου" downgraded to u
[revelation 20:12] B: ru[1]="увидел" → gr[2]="τοὺς" downgraded to u
[revelation 20:12] B: ru[24]="были" → gr[11]="τοῦ" downgraded to u
[revelation 20:12] B: ru[31]="с" → gr[29]="τῶν" downgraded to u
[revelation 20:12] B: ru[30]="сообразно" → gr[34]="κατὰ" downgraded to u
[revelation 20:13] B: ru[0]="Тогда" → gr[0]="καὶ" downgraded to u
[revelation 20:13] B: ru[4]="бывших" → gr[4]="τοὺς" downgraded to u
[revelation 20:13] B: ru[13]="которые" → gr[13]="ὁ" downgraded to u
[revelation 20:15] B: ru[8]="тот" → gr[13]="τὴν" downgraded to u
[revelation 21:1] B: ru[18]="нет." → gr[19]="οὐ" downgraded to u
[revelation 21:1] B: ru[17]="уже" → gr[21]="ἔτι" downgraded to u
[revelation 21:2] B: ru[3]="увидел" → gr[1]="τὴν" downgraded to u
[revelation 21:4] B: ru[5]="с" → gr[9]="ὁ" downgraded to u
[revelation 21:4] B: ru[12]="уже;" → gr[13]="ἔτι" downgraded to u
[revelation 21:4] B: ru[19]="уже" → gr[22]="ἔτι" downgraded to u
[revelation 21:6] B: ru[5]="есмь" → gr[5]="τὸ" downgraded to u
[revelation 21:6] B: ru[14]="даром" → gr[26]="δωρεάν" downgraded to u
[revelation 21:9] B: ru[5]="из" → gr[4]="τῶν" downgraded to u
[revelation 21:9] B: ru[9]="которых" → gr[7]="τῶν" downgraded to u
[revelation 21:9] B: ru[20]="пойди," → gr[24]="Δεῦρο" downgraded to u
[revelation 21:16] B: ru[8]="как" → gr[9]="ὅσον" downgraded to u
[revelation 21:16] B: ru[7]="же," → gr[32]="ἐστίν" downgraded to u
[revelation 21:23] B: ru[6]="в" → gr[6]="τοῦ" downgraded to u
[revelation 21:23] B: ru[9]="в" → gr[9]="τῆς" downgraded to u
[revelation 21:24] B: ru[4]="во" → gr[2]="τὰ" downgraded to u
[revelation 21:25] B: ru[8]="там" → gr[12]="ἐκεῖ" downgraded to u
[revelation 21:27] B: ru[16]="которые" → gr[15]="οἱ" downgraded to u
[revelation 22:2] B: ru[5]="ту" → gr[8]="ἐντεῦθεν" downgraded to u
[revelation 22:3] B: ru[2]="уже" → gr[5]="ἔτι" downgraded to u
[revelation 22:4] B: ru[1]="узрят" → gr[2]="τὸ" downgraded to u
[revelation 22:5] A2: +added ru[21]="их;" ↔ gr[20]="αὐτούς"
[revelation 22:7] B: ru[2]="скоро:" → gr[3]="ταχύ" downgraded to u
[revelation 22:10] B: ru[9]="ибо" → gr[12]="ὁ" downgraded to u
[revelation 22:10] B: ru[11]="близко." → gr[15]="ἐγγύς" downgraded to u
[revelation 22:11] B: ru[2]="еще" → gr[3]="ἔτι" downgraded to u
[revelation 22:11] B: ru[7]="еще" → gr[8]="ἔτι" downgraded to u
[revelation 22:11] B: ru[13]="еще," → gr[14]="ἔτι" downgraded to u
[revelation 22:11] B: ru[18]="еще." → gr[19]="ἔτι" downgraded to u
[revelation 22:13] B: ru[1]="есмь" → gr[1]="τὸ" downgraded to u
[revelation 22:14] B: ru[2]="которые" → gr[1]="οἱ" downgraded to u
[revelation 22:14] B: ru[3]="соблюдают" → gr[3]="τὰς" downgraded to u
[revelation 22:15] B: ru[1]="вне" → gr[0]="ἔξω" downgraded to u
[revelation 22:17] B: ru[20]="даром." → gr[22]="δωρεάν" downgraded to u
[revelation 22:18] B: ru[22]="которых" → gr[22]="τὰς" downgraded to u
[revelation 22:19] B: ru[7]="книги" → gr[7]="τοῦ" downgraded to u
[revelation 22:19] B: ru[16]="книге" → gr[15]="τὸ" downgraded to u
[revelation 22:19] B: ru[25]="что" → gr[25]="τῆς" downgraded to u
[revelation 22:20] B: ru[5]="скоро!" → gr[6]="ταχύ" downgraded to u
[romans 1:3] B: ru[3]="Который" → gr[4]="τοῦ" downgraded to u
[romans 1:5] B: ru[12]="вере" → gr[9]="ἐν" downgraded to u
[romans 1:9] B: ru[12]="непрестанно" → gr[19]="ἀδιαλείπτως" downgraded to u
[romans 1:10] B: ru[0]="всегда" → gr[0]="πάντοτε" downgraded to u
[romans 1:10] B: ru[8]="когда-нибудь" → gr[8]="ἤδη" downgraded to u
[romans 1:12] B: ru[0]="то" → gr[0]="τοῦτο" downgraded to u
[romans 1:13] B: ru[9]="многократно" → gr[7]="πολλάκις" downgraded to u
[romans 1:13] B: ru[18]="доныне)," → gr[16]="δεῦρο" downgraded to u
[romans 1:13] B: ru[28]="у" → gr[27]="τοῖς" downgraded to u
[romans 1:15] B: ru[0]="Итак," → gr[0]="οὕτως" downgraded to u
[romans 1:15] B: ru[1]="что" → gr[1]="τὸ" downgraded to u
[romans 1:15] B: ru[9]="находящимся" → gr[7]="τοῖς" downgraded to u
[romans 1:19] B: ru[1]="что" → gr[1]="τὸ" downgraded to u
[romans 1:19] B: ru[4]="о" → gr[3]="τοῦ" downgraded to u
[romans 1:20] B: ru[16]="что" → gr[20]="εἶναι" downgraded to u
[romans 1:21] A: ru[17]="своих," → ru[21]="их" (gr[20]="αὐτῶν")
[romans 1:24] B: ru[12]="они" → gr[13]="τοῦ" downgraded to u
[romans 1:25] B: ru[10]="вместо" → gr[15]="παρὰ" downgraded to u
[romans 1:26] A2: +added ru[7]="их" ↔ gr[3]="αὐτοὺς"
[romans 1:26] B: ru[0]="Потому" → gr[1]="τοῦτο" downgraded to u
[romans 1:27] B: ru[0]="подобно" → gr[0]="ὁμοίως" downgraded to u
[romans 1:28] B: ru[11]="их" → gr[11]="ὁ" downgraded to u
[romans 1:28] B: ru[17]="непотребства," → gr[18]="μὴ" downgraded to u
[romans 1:32] B: ru[3]="суд" → gr[3]="τοῦ" downgraded to u
[romans 1:32] B: ru[13]="только" → gr[16]="αὐτὰ" downgraded to u
[romans 2:1] B: ru[0]="Итак," → gr[0]="Διὸ" downgraded to u
[romans 2:1] B: ru[19]="другого," → gr[12]="τὸν" downgraded to u
[romans 2:1] B: ru[21]="то" → gr[18]="αὐτὰ" downgraded to u
[romans 2:3] B: ru[0]="Неужели" → gr[1]="δὲ" downgraded to u
[romans 2:3] B: ru[2]="ты," → gr[3]="ὦ" downgraded to u
[romans 2:5] B: ru[19]="от" → gr[17]="τοῦ" downgraded to u
[romans 2:7] B: ru[1]="которые" → gr[1]="μὲν" downgraded to u
[romans 2:8] B: ru[2]="которые" → gr[2]="ἐξ" downgraded to u
[romans 2:9] B: ru[10]="потом" → gr[12]="τε" downgraded to u
[romans 2:10] B: ru[0]="Напротив," → gr[1]="δὲ" downgraded to u
[romans 2:10] B: ru[11]="потом" → gr[12]="τε" downgraded to u
[romans 2:11] B: ru[1]="нет" → gr[0]="οὐ" downgraded to u
[romans 2:12] B: ru[4]="закона," → gr[2]="ἀνόμως" downgraded to u
[romans 2:12] B: ru[7]="закона" → gr[4]="ἀνόμως" downgraded to u
[romans 2:15] B: ru[2]="что" → gr[2]="τὸ" downgraded to u
[romans 2:15] B: ru[17]="их," → gr[18]="τῶν" downgraded to u
[romans 2:19] B: ru[10]="находящихся" → gr[7]="τῶν" downgraded to u
[romans 2:21] B: ru[2]="ты," → gr[0]="ὁ" downgraded to u
[romans 2:26] B: ru[0]="Итак," → gr[1]="οὖν" downgraded to u
[romans 2:28] B: ru[4]="кто" → gr[2]="ὁ" downgraded to u
[romans 2:28] B: ru[12]="которое" → gr[10]="ἐν" downgraded to u
[romans 2:29] B: ru[1]="тот" → gr[1]="ὁ" downgraded to u
[romans 2:29] B: ru[3]="кто" → gr[2]="ἐν" downgraded to u
[romans 3:1] B: ru[0]="Итак," → gr[1]="οὖν" downgraded to u
[romans 3:1] B: ru[8]="от" → gr[10]="τῆς" downgraded to u
[romans 3:3] B: ru[1]="что" → gr[0]="τί" downgraded to u
[romans 3:3] B: ru[7]="были," → gr[6]="ἡ" downgraded to u
[romans 3:4] B: ru[0]="Никак." → gr[0]="μὴ" downgraded to u
[romans 3:5] B: ru[8]="что" → gr[8]="τί" downgraded to u
[romans 3:6] B: ru[0]="Никак." → gr[0]="μὴ" downgraded to u
[romans 3:7] B: ru[11]="что" → gr[15]="τί" downgraded to u
[romans 3:7] B: ru[12]="еще" → gr[16]="ἔτι" downgraded to u
[romans 3:7] B: ru[14]="же" → gr[17]="κἀγὼ" downgraded to u
[romans 3:9] B: ru[1]="что" → gr[0]="Τί" downgraded to u
[romans 3:9] B: ru[0]="Итак," → gr[1]="οὖν" downgraded to u
[romans 3:9] B: ru[7]="Нисколько." → gr[3]="οὐ" downgraded to u
[romans 3:10] B: ru[2]="нет" → gr[3]="Οὐκ" downgraded to u
[romans 3:11] B: ru[0]="нет" → gr[0]="οὐ" downgraded to u
[romans 3:11] B: ru[2]="никто" → gr[4]="οὐ" downgraded to u
[romans 3:12] B: ru[5]="одного" → gr[2]="ἅμα" downgraded to u
[romans 3:12] B: ru[7]="нет" → gr[4]="οὐ" downgraded to u
[romans 3:12] B: ru[10]="нет" → gr[8]="οὐ" downgraded to u
[romans 3:18] B: ru[0]="Нет" → gr[0]="οὐ" downgraded to u
[romans 3:18] B: ru[3]="перед" → gr[4]="ἀπέναντι" downgraded to u
[romans 3:19] B: ru[10]="состоящим" → gr[7]="τοῖς" downgraded to u
[romans 3:21] B: ru[2]="независимо" → gr[2]="χωρὶς" downgraded to u
[romans 3:22] B: ru[11]="всех" → gr[9]="τοὺς" downgraded to u
[romans 3:22] B: ru[14]="нет" → gr[11]="οὐ" downgraded to u
[romans 3:24] B: ru[2]="даром," → gr[1]="δωρεὰν" downgraded to u
[romans 3:25] B: ru[6]="в" → gr[8]="τῷ" downgraded to u
[romans 3:26] B: ru[1]="время" → gr[1]="τῇ" downgraded to u
[romans 3:26] B: ru[9]="настоящее" → gr[13]="νῦν" downgraded to u
[romans 3:26] B: ru[17]="верующего" → gr[16]="τὸ" downgraded to u
[romans 3:26] B: ru[18]="в" → gr[24]="πίστεως" downgraded to u
[romans 3:27] B: ru[0]="Где" → gr[0]="Ποῦ" downgraded to u
[romans 3:27] B: ru[3]="чем" → gr[2]="ἡ" downgraded to u
[romans 3:27] B: ru[9]="законом" → gr[8]="τῶν" downgraded to u
[romans 3:27] B: ru[11]="Нет," → gr[10]="οὐχί" downgraded to u
[romans 3:28] B: ru[7]="независимо" → gr[5]="χωρὶς" downgraded to u
[romans 3:29] B: ru[0]="Неужели" → gr[0]="ἢ" downgraded to u
[romans 3:29] B: ru[7]="не" → gr[5]="οὐχὶ" downgraded to u
[romans 3:31] B: ru[0]="Итак," → gr[1]="οὖν" downgraded to u
[romans 3:31] B: ru[5]="Никак;" → gr[6]="μὴ" downgraded to u
[romans 4:1] B: ru[0]="Что" → gr[0]="Τί" downgraded to u
[romans 4:3] B: ru[1]="что" → gr[0]="τί" downgraded to u
[romans 4:5] B: ru[7]="Кто" → gr[0]="τῷ" downgraded to u
[romans 4:6] B: ru[10]="независимо" → gr[13]="χωρὶς" downgraded to u
[romans 4:9] B: ru[10]="что" → gr[10]="τὴν" downgraded to u
[romans 4:11] B: ru[10]="которую" → gr[9]="τῆς" downgraded to u
[romans 4:12] B: ru[10]="по" → gr[10]="τοῖς" downgraded to u
[romans 4:13] B: ru[3]="даровано" → gr[6]="τῷ" downgraded to u
[romans 4:14] B: ru[1]="утверждающиеся" → gr[2]="οἱ" downgraded to u
[romans 4:15] B: ru[6]="где" → gr[5]="οὗ" downgraded to u
[romans 4:15] B: ru[7]="нет" → gr[7]="οὐ" downgraded to u
[romans 4:15] B: ru[9]="нет" → gr[10]="οὐδὲ" downgraded to u
[romans 4:17] B: ru[17]="несуществующее," → gr[19]="μὴ" downgraded to u
[romans 4:18] B: ru[1]="сверх" → gr[1]="παρ" downgraded to u
[romans 4:18] B: ru[7]="что" → gr[7]="τὸ" downgraded to u
[romans 4:18] B: ru[14]="`так" → gr[16]="Οὕτως" downgraded to u
[romans 4:19] B: ru[8]="что" → gr[6]="τὸ" downgraded to u
[romans 4:21] B: ru[4]="что" → gr[3]="ὃ" downgraded to u
[romans 4:23] B: ru[4]="отношении" → gr[3]="δι" downgraded to u
[romans 4:24] B: ru[3]="отношении" → gr[2]="δι" downgraded to u
[romans 4:24] B: ru[12]="Кто" → gr[7]="τοῖς" downgraded to u
[romans 4:24] B: ru[17]="Христа," → gr[10]="τὸν" downgraded to u
[romans 5:1] B: ru[0]="Итак," → gr[1]="οὖν" downgraded to u
[romans 5:3] B: ru[10]="от" → gr[11]="ἡ" downgraded to u
[romans 5:6] B: ru[3]="еще" → gr[0]="Ἔτι" downgraded to u
[romans 5:6] B: ru[8]="определенное" → gr[7]="κατὰ" downgraded to u
[romans 5:7] B: ru[1]="едва" → gr[0]="μόλις" downgraded to u
[romans 5:7] B: ru[7]="разве" → gr[7]="γὰρ" downgraded to u
[romans 5:7] B: ru[11]="быть," → gr[10]="τάχα" downgraded to u
[romans 5:8] B: ru[16]="еще" → gr[10]="ἔτι" downgraded to u
[romans 5:9] B: ru[0]="Посему" → gr[1]="οὖν" downgraded to u
[romans 5:9] B: ru[2]="более" → gr[2]="μᾶλλον" downgraded to u
[romans 5:9] B: ru[3]="ныне," → gr[4]="νῦν" downgraded to u
[romans 5:10] B: ru[13]="более," → gr[14]="μᾶλλον" downgraded to u
[romans 5:11] B: ru[8]="чрез" → gr[9]="διὰ" downgraded to u
[romans 5:11] B: ru[13]="посредством" → gr[15]="δι" downgraded to u
[romans 5:11] B: ru[17]="ныне" → gr[17]="νῦν" downgraded to u
[romans 5:13] B: ru[13]="нет" → gr[11]="μὴ" downgraded to u
[romans 5:14] B: ru[0]="Однако" → gr[0]="ἀλλὰ" downgraded to u
[romans 5:14] B: ru[10]="несогрешившими" → gr[11]="μὴ" downgraded to u
[romans 5:15] B: ru[15]="более" → gr[19]="μᾶλλον" downgraded to u
[romans 5:17] B: ru[6]="посредством" → gr[9]="διὰ" downgraded to u
[romans 5:17] B: ru[10]="более" → gr[13]="μᾶλλον" downgraded to u
[romans 5:17] B: ru[21]="посредством" → gr[28]="διὰ" downgraded to u
[romans 5:18] B: ru[0]="Посему," → gr[0]="Ἄρα" downgraded to u
[romans 5:20] B: ru[6]="образом" → gr[3]="ἵνα" downgraded to u
[romans 6:1] B: ru[0]="Что" → gr[0]="Τί" downgraded to u
[romans 6:3] B: ru[0]="Неужели" → gr[0]="ἢ" downgraded to u
[romans 6:4] B: ru[0]="Итак" → gr[1]="οὖν" downgraded to u
[romans 6:6] B: ru[1]="то," → gr[0]="τοῦτο" downgraded to u
[romans 6:6] B: ru[11]="было" → gr[10]="τὸ" downgraded to u
[romans 6:6] B: ru[14]="дабы" → gr[14]="τοῦ" downgraded to u
[romans 6:10] B: ru[1]="что" → gr[0]="ὃ" downgraded to u
[romans 6:10] B: ru[6]="однажды" → gr[6]="ἐφάπαξ" downgraded to u
[romans 6:10] B: ru[10]="что" → gr[7]="ὃ" downgraded to u
[romans 6:12] B: ru[0]="Итак" → gr[1]="οὖν" downgraded to u
[romans 6:12] B: ru[13]="в" → gr[13]="ταῖς" downgraded to u
[romans 6:13] B: ru[17]="и" → gr[19]="τὰ" downgraded to u
[romans 6:14] B: ru[2]="должен" → gr[3]="οὐ" downgraded to u
[romans 6:15] B: ru[0]="Что" → gr[0]="Τί" downgraded to u
[romans 6:15] B: ru[14]="Никак." → gr[11]="μὴ" downgraded to u
[romans 6:19] B: ru[22]="ныне" → gr[24]="νῦν" downgraded to u
[romans 6:20] B: ru[9]="от" → gr[8]="τῇ" downgraded to u
[romans 6:21] B: ru[5]="тогда?" → gr[4]="τότε" downgraded to u
[romans 6:21] B: ru[9]="ныне" → gr[7]="νῦν" downgraded to u
[romans 6:22] B: ru[1]="ныне," → gr[0]="νυνὶ" downgraded to u
[romans 7:1] B: ru[0]="Разве" → gr[0]="Ἢ" downgraded to u
[romans 7:3] B: ru[0]="Посему," → gr[0]="ἄρα" downgraded to u
[romans 7:5] B: ru[9]="обнаруживаемые" → gr[11]="διὰ" downgraded to u
[romans 7:6] B: ru[1]="ныне," → gr[0]="νυνὶ" downgraded to u
[romans 7:6] B: ru[4]="закона," → gr[7]="ἐν" downgraded to u
[romans 7:7] B: ru[0]="Что" → gr[0]="Τί" downgraded to u
[romans 7:7] B: ru[7]="Никак." → gr[6]="μὴ" downgraded to u
[romans 7:7] B: ru[15]="посредством" → gr[15]="διὰ" downgraded to u
[romans 7:9] B: ru[2]="некогда" → gr[5]="ποτέ" downgraded to u
[romans 7:10] B: ru[7]="данная" → gr[6]="ἡ" downgraded to u
[romans 7:12] B: ru[0]="Посему" → gr[0]="ὥστε" downgraded to u
[romans 7:13] B: ru[0]="Итак," → gr[1]="οὖν" downgraded to u
[romans 7:13] B: ru[6]="Никак;" → gr[6]="μὴ" downgraded to u
[romans 7:13] B: ru[13]="посредством" → gr[14]="διὰ" downgraded to u
[romans 7:13] B: ru[24]="посредством" → gr[27]="διὰ" downgraded to u
[romans 7:15] B: ru[3]="что" → gr[0]="ὃ" downgraded to u
[romans 7:15] B: ru[10]="что" → gr[7]="ὃ" downgraded to u
[romans 7:15] B: ru[8]="то" → gr[9]="τοῦτο" downgraded to u
[romans 7:15] B: ru[13]="что" → gr[12]="ὃ" downgraded to u
[romans 7:15] B: ru[15]="то" → gr[14]="τοῦτο" downgraded to u
[romans 7:16] B: ru[3]="то," → gr[5]="τοῦτο" downgraded to u
[romans 7:17] B: ru[2]="уже" → gr[0]="νυνὶ" downgraded to u
[romans 7:17] B: ru[6]="то," → gr[5]="αὐτὸ" downgraded to u
[romans 7:18] B: ru[7]="то" → gr[7]="τοῦτ" downgraded to u
[romans 7:20] B: ru[3]="то," → gr[5]="τοῦτο" downgraded to u
[romans 7:20] B: ru[11]="то," → gr[10]="αὐτὸ" downgraded to u
[romans 7:21] B: ru[0]="Итак" → gr[1]="ἄρα" downgraded to u
[romans 7:21] B: ru[4]="что," → gr[4]="τῷ" downgraded to u
[romans 7:22] B: ru[2]="внутреннему" → gr[8]="ἔσω" downgraded to u
[romans 7:25] B: ru[2]="моего" → gr[3]="διὰ" downgraded to u
[romans 7:25] B: ru[8]="тот" → gr[6]="τοῦ" downgraded to u
[romans 7:25] B: ru[7]="Итак" → gr[9]="Ἄρα" downgraded to u
[romans 8:1] B: ru[0]="Итак" → gr[1]="ἄρα" downgraded to u
[romans 8:1] B: ru[2]="ныне" → gr[2]="νῦν" downgraded to u
[romans 8:1] B: ru[6]="которые" → gr[4]="τοῖς" downgraded to u
[romans 8:5] B: ru[8]="живущие" → gr[6]="τῆς" downgraded to u
[romans 8:7] B: ru[6]="против" → gr[6]="εἰς" downgraded to u
[romans 8:8] B: ru[0]="Посему" → gr[1]="δὲ" downgraded to u
[romans 8:11] B: ru[4]="Кто" → gr[4]="τοῦ" downgraded to u
[romans 8:12] B: ru[0]="Итак," → gr[0]="Ἄρα" downgraded to u
[romans 8:12] B: ru[6]="чтобы" → gr[8]="τοῦ" downgraded to u
[romans 8:15] B: ru[8]="опять" → gr[5]="πάλιν" downgraded to u
[romans 8:16] B: ru[0]="Сей" → gr[1]="τὸ" downgraded to u
[romans 8:18] B: ru[3]="нынешние" → gr[8]="νῦν" downgraded to u
[romans 8:22] B: ru[9]="доныне;" → gr[11]="νῦν" downgraded to u
[romans 8:24] B: ru[13]="если" → gr[10]="ὃ" downgraded to u
[romans 8:26] B: ru[0]="Также" → gr[0]="Ὡσαύτως" downgraded to u
[romans 8:27] B: ru[6]="у" → gr[7]="τὸ" downgraded to u
[romans 8:28] B: ru[0]="Притом" → gr[1]="δὲ" downgraded to u
[romans 8:31] B: ru[0]="Что" → gr[0]="Τί" downgraded to u
[romans 8:31] B: ru[10]="против" → gr[11]="καθ" downgraded to u
[romans 8:32] B: ru[0]="Тот," → gr[2]="τοῦ" downgraded to u
[romans 8:34] B: ru[3]="Иисус" → gr[4]="ὁ" downgraded to u
[romans 8:37] B: ru[4]="силою" → gr[5]="διὰ" downgraded to u
[romans 9:4] B: ru[0]="то" → gr[0]="οἵτινές" downgraded to u
[romans 9:6] B: ru[2]="то," → gr[1]="οἷον" downgraded to u
[romans 9:6] B: ru[13]="которые" → gr[12]="οἱ" downgraded to u
[romans 9:8] B: ru[0]="То" → gr[0]="τοῦτ" downgraded to u
[romans 9:14] B: ru[0]="Что" → gr[0]="Τί" downgraded to u
[romans 9:14] B: ru[3]="Неужели" → gr[3]="μὴ" downgraded to u
[romans 9:14] B: ru[7]="Никак." → gr[8]="μὴ" downgraded to u
[romans 9:15] B: ru[1]="Он" → gr[0]="τῷ" downgraded to u
[romans 9:16] B: ru[0]="Итак" → gr[0]="ἄρα" downgraded to u
[romans 9:16] B: ru[4]="от" → gr[3]="τοῦ" downgraded to u
[romans 9:16] B: ru[8]="от" → gr[6]="τοῦ" downgraded to u
[romans 9:16] B: ru[11]="от" → gr[9]="τοῦ" downgraded to u
[romans 9:17] B: ru[20]="было" → gr[22]="τὸ" downgraded to u
[romans 9:18] B: ru[0]="Итак," → gr[0]="ἄρα" downgraded to u
[romans 9:19] B: ru[4]="что" → gr[3]="Τί" downgraded to u
[romans 9:19] B: ru[6]="еще" → gr[5]="ἔτι" downgraded to u
[romans 9:20] B: ru[0]="А" → gr[2]="μενοῦνγε" downgraded to u
[romans 9:20] B: ru[4]="что" → gr[6]="ὁ" downgraded to u
[romans 9:20] B: ru[6]="с" → gr[8]="τῷ" downgraded to u
[romans 9:21] B: ru[0]="Не" → gr[2]="ἔχει" downgraded to u
[romans 9:21] B: ru[2]="ли" → gr[4]="ὁ" downgraded to u
[romans 9:24] B: ru[2]="которых" → gr[1]="καὶ" downgraded to u
[romans 9:26] B: ru[0]="И" → gr[1]="ἔσται" downgraded to u
[romans 9:26] B: ru[2]="том" → gr[3]="τῷ" downgraded to u
[romans 9:26] B: ru[4]="где" → gr[5]="οὗ" downgraded to u
[romans 9:26] B: ru[11]="там" → gr[12]="ἐκεῖ" downgraded to u
[romans 9:27] B: ru[5]="хотя" → gr[6]="Ἐὰν" downgraded to u
[romans 9:27] B: ru[14]="только" → gr[18]="τὸ" downgraded to u
[romans 9:29] B: ru[21]="подобны" → gr[16]="ὡς" downgraded to u
[romans 9:30] B: ru[0]="Что" → gr[0]="Τί" downgraded to u
[romans 10:3] B: ru[13]="праведности" → gr[11]="τῇ" downgraded to u
[romans 10:5] B: ru[2]="о" → gr[4]="τὴν" downgraded to u
[romans 10:5] B: ru[10]="будет" → gr[14]="ἐν" downgraded to u
[romans 10:8] B: ru[1]="что" → gr[1]="τί" downgraded to u
[romans 10:8] B: ru[4]="Близко" → gr[3]="Ἐγγύς" downgraded to u
[romans 10:12] B: ru[1]="нет" → gr[0]="οὐ" downgraded to u
[romans 10:15] B: ru[14]="благовествующих" → gr[14]="τὰ" downgraded to u
[romans 10:17] B: ru[0]="Итак" → gr[0]="ἄρα" downgraded to u
[romans 10:18] B: ru[2]="разве" → gr[2]="μὴ" downgraded to u
[romans 10:19] B: ru[0]="Еще" → gr[0]="ἀλλὰ" downgraded to u
[romans 10:19] B: ru[2]="разве" → gr[2]="μὴ" downgraded to u
[romans 11:1] B: ru[0]="Итак," → gr[1]="οὖν" downgraded to u
[romans 11:1] B: ru[2]="неужели" → gr[2]="μὴ" downgraded to u
[romans 11:1] B: ru[7]="Никак." → gr[9]="μὴ" downgraded to u
[romans 11:2] B: ru[12]="что" → gr[14]="τί" downgraded to u
[romans 11:4] B: ru[0]="Что" → gr[1]="τί" downgraded to u
[romans 11:5] B: ru[3]="нынешнее" → gr[5]="νῦν" downgraded to u
[romans 11:6] B: ru[8]="иначе" → gr[6]="ἐπεὶ" downgraded to u
[romans 11:7] B: ru[0]="Что" → gr[0]="τί" downgraded to u
[romans 11:8] B: ru[8]="которыми" → gr[9]="τοῦ" downgraded to u
[romans 11:8] B: ru[13]="которыми" → gr[14]="τοῦ" downgraded to u
[romans 11:8] B: ru[18]="сего" → gr[19]="σήμερον" downgraded to u
[romans 11:10] B: ru[4]="чтобы" → gr[4]="τοῦ" downgraded to u
[romans 11:11] A2: +added ru[18]="них" ↔ gr[19]="αὐτούς"
[romans 11:11] B: ru[0]="Итак" → gr[1]="οὖν" downgraded to u
[romans 11:11] B: ru[2]="неужели" → gr[2]="μὴ" downgraded to u
[romans 11:11] B: ru[8]="Никак." → gr[6]="μὴ" downgraded to u
[romans 11:11] B: ru[10]="от" → gr[9]="τῷ" downgraded to u
[romans 11:12] B: ru[15]="более" → gr[14]="μᾶλλον" downgraded to u
[romans 11:13] B: ru[3]="Как" → gr[9]="εἰμι" downgraded to u
[romans 11:15] B: ru[8]="что" → gr[7]="τίς" downgraded to u
[romans 11:17] B: ru[3]="из" → gr[3]="τῶν" downgraded to u
[romans 11:17] B: ru[18]="и" → gr[17]="τῆς" downgraded to u
[romans 11:20] B: ru[0]="Хорошо." → gr[0]="καλῶς" downgraded to u
[romans 11:22] B: ru[0]="Итак" → gr[1]="οὖν" downgraded to u
[romans 11:22] B: ru[18]="иначе" → gr[20]="ἐπεὶ" downgraded to u
[romans 11:23] A2: +added ru[15]="их." ↔ gr[15]="αὐτούς"
[romans 11:23] B: ru[10]="что" → gr[10]="ἐστιν" downgraded to u
[romans 11:23] B: ru[13]="опять" → gr[13]="πάλιν" downgraded to u
[romans 11:24] B: ru[19]="более" → gr[16]="μᾶλλον" downgraded to u
[romans 11:25] B: ru[27]="пока" → gr[21]="ἄχρι" downgraded to u
[romans 11:27] B: ru[9]="них" → gr[9]="τὰς" downgraded to u
[romans 11:28] B: ru[1]="отношении" → gr[0]="κατὰ" downgraded to u
[romans 11:28] B: ru[10]="отношении" → gr[7]="κατὰ" downgraded to u
[romans 11:30] B: ru[3]="некогда" → gr[3]="ποτε" downgraded to u
[romans 11:30] B: ru[8]="ныне" → gr[7]="νῦν" downgraded to u
[romans 11:31] B: ru[3]="теперь" → gr[3]="νῦν" downgraded to u
[romans 11:33] B: ru[0]="О," → gr[0]="Ὦ" downgraded to u
[romans 12:1] B: ru[0]="Итак" → gr[1]="οὖν" downgraded to u
[romans 12:2] B: ru[14]="что" → gr[16]="τί" downgraded to u
[romans 12:3] B: ru[12]="более," → gr[15]="παρ" downgraded to u
[romans 12:4] B: ru[11]="у" → gr[15]="ἔχει" downgraded to u
[romans 12:5] B: ru[1]="мы," → gr[1]="οἱ" downgraded to u
[romans 12:9] B: ru[7]="к" → gr[4]="τὸ" downgraded to u
[romans 12:10] B: ru[7]="в" → gr[0]="τῇ" downgraded to u
[romans 12:11] B: ru[0]="в" → gr[0]="τῇ" downgraded to u
[romans 12:12] B: ru[2]="в" → gr[0]="τῇ" downgraded to u
[romans 12:12] B: ru[6]="в" → gr[3]="τῇ" downgraded to u
[romans 12:13] B: ru[0]="в" → gr[0]="ταῖς" downgraded to u
[romans 12:17] B: ru[10]="перед" → gr[7]="ἐνώπιον" downgraded to u
[romans 13:1] B: ru[8]="нет" → gr[5]="οὐ" downgraded to u
[romans 13:2] B: ru[0]="Посему" → gr[0]="ὥστε" downgraded to u
[romans 13:4] B: ru[16]="напрасно" → gr[16]="εἰκῇ" downgraded to u
[romans 13:7] B: ru[4]="кому" → gr[4]="τῷ" downgraded to u
[romans 13:7] B: ru[7]="кому" → gr[7]="τὸν" downgraded to u
[romans 13:7] B: ru[10]="кому" → gr[10]="τὸ" downgraded to u
[romans 13:7] B: ru[13]="кому" → gr[14]="τῷ" downgraded to u
[romans 13:8] B: ru[5]="кроме" → gr[4]="μὴ" downgraded to u
[romans 13:9] B: ru[1]="заповеди:" → gr[0]="τὸ" downgraded to u
[romans 13:9] B: ru[21]="ближнего" → gr[24]="πλησίον" downgraded to u
[romans 13:10] B: ru[3]="ближнему" → gr[3]="πλησίον" downgraded to u
[romans 13:10] B: ru[5]="итак" → gr[8]="οὖν" downgraded to u
[romans 13:11] B: ru[0]="Так" → gr[1]="τοῦτο" downgraded to u
[romans 13:11] B: ru[6]="уже" → gr[7]="ἤδη" downgraded to u
[romans 13:11] B: ru[13]="ныне" → gr[12]="νῦν" downgraded to u
[romans 13:11] B: ru[14]="ближе" → gr[14]="ἐγγύτερον" downgraded to u
[romans 13:11] B: ru[18]="нежели" → gr[18]="ἢ" downgraded to u
[romans 13:12] B: ru[6]="отвергнем" → gr[0]="ἡ" downgraded to u
[romans 13:12] B: ru[5]="итак" → gr[8]="οὖν" downgraded to u
[romans 13:13] B: ru[5]="благочинно," → gr[3]="εὐσχημόνως" downgraded to u
[romans 13:14] B: ru[4]="нашего" → gr[2]="τὸν" downgraded to u
[romans 14:1] B: ru[1]="в" → gr[0]="Τὸν" downgraded to u
[romans 14:2] B: ru[0]="Ибо" → gr[1]="μὲν" downgraded to u
[romans 14:3] B: ru[0]="Кто" → gr[0]="ὁ" downgraded to u
[romans 14:3] B: ru[5]="кто" → gr[2]="τὸν" downgraded to u
[romans 14:3] B: ru[9]="кто" → gr[7]="ὁ" downgraded to u
[romans 14:3] B: ru[15]="кто" → gr[11]="τὸν" downgraded to u
[romans 14:4] B: ru[16]="силен" → gr[3]="ὁ" downgraded to u
[romans 14:6] B: ru[0]="Кто" → gr[0]="ὁ" downgraded to u
[romans 14:6] B: ru[7]="кто" → gr[7]="ὁ" downgraded to u
[romans 14:6] B: ru[9]="различает" → gr[13]="τῷ" downgraded to u
[romans 14:6] B: ru[15]="Кто" → gr[16]="ὁ" downgraded to u
[romans 14:10] B: ru[2]="что" → gr[2]="τί" downgraded to u
[romans 14:10] B: ru[9]="что" → gr[10]="τί" downgraded to u
[romans 14:10] B: ru[16]="на" → gr[18]="τῷ" downgraded to u
[romans 14:12] B: ru[0]="Итак" → gr[0]="ἄρα" downgraded to u
[romans 14:13] B: ru[7]="а" → gr[5]="τοῦτο" downgraded to u
[romans 14:13] B: ru[8]="лучше" → gr[7]="μᾶλλον" downgraded to u
[romans 14:13] B: ru[11]="том," → gr[8]="τὸ" downgraded to u
[romans 14:17] B: ru[0]="Ибо" → gr[2]="ἐστιν" downgraded to u
[romans 14:18] B: ru[0]="Кто" → gr[1]="γὰρ" downgraded to u
[romans 14:18] B: ru[4]="тот" → gr[8]="τῷ" downgraded to u
[romans 14:19] B: ru[0]="Итак" → gr[0]="ἄρα" downgraded to u
[romans 14:19] B: ru[4]="что" → gr[3]="τῆς" downgraded to u
[romans 14:20] B: ru[11]="который" → gr[15]="τῷ" downgraded to u
[romans 14:22] B: ru[17]="что" → gr[2]="ἣν" downgraded to u
[romans 14:22] B: ru[11]="кто" → gr[11]="ὁ" downgraded to u
[romans 14:23] B: ru[12]="что" → gr[12]="ὃ" downgraded to u
[romans 15:2] B: ru[5]="ближнему," → gr[3]="πλησίον" downgraded to u
[romans 15:4] B: ru[2]="что" → gr[0]="ὅσα" downgraded to u
[romans 15:4] B: ru[6]="написано" → gr[4]="τὴν" downgraded to u
[romans 15:4] B: ru[15]="из" → gr[16]="τῶν" downgraded to u
[romans 15:6] B: ru[2]="единодушно," → gr[1]="ὁμοθυμαδὸν" downgraded to u
[romans 15:7] B: ru[0]="Посему" → gr[0]="Διὸ" downgraded to u
[romans 15:9] B: ru[12]="то" → gr[11]="τοῦτο" downgraded to u
[romans 15:10] B: ru[1]="еще" → gr[1]="πάλιν" downgraded to u
[romans 15:11] B: ru[1]="еще:" → gr[1]="πάλιν" downgraded to u
[romans 15:12] B: ru[1]="также" → gr[0]="καὶ" downgraded to u
[romans 15:14] B: ru[7]="мои," → gr[4]="καὶ" downgraded to u
[romans 15:15] B: ru[6]="смелостью," → gr[0]="τολμηρότερον" downgraded to u
[romans 15:16] B: ru[12]="сие" → gr[13]="τοῦ" downgraded to u
[romans 15:17] B: ru[0]="Итак" → gr[1]="οὖν" downgraded to u
[romans 15:17] B: ru[9]="что" → gr[2]="τὴν" downgraded to u
[romans 15:19] B: ru[16]="окрестности" → gr[13]="κύκλῳ" downgraded to u
[romans 15:20] B: ru[0]="Притом" → gr[0]="οὕτως" downgraded to u
[romans 15:20] B: ru[6]="где" → gr[5]="ὅπου" downgraded to u
[romans 15:22] B: ru[0]="Сие-то" → gr[0]="Διὸ" downgraded to u
[romans 15:23] B: ru[0]="Ныне" → gr[0]="νυνὶ" downgraded to u
[romans 15:24] B: ru[21]="туда," → gr[15]="ἐκεῖ" downgraded to u
[romans 15:25] B: ru[1]="теперь" → gr[0]="νυνὶ" downgraded to u
[romans 15:26] B: ru[9]="между" → gr[11]="τῶν" downgraded to u
[romans 15:27] B: ru[20]="в" → gr[17]="τοῖς" downgraded to u
[romans 15:30] B: ru[1]="тем" → gr[1]="δὲ" downgraded to u
[romans 15:31] B: ru[8]="чтобы" → gr[9]="ἡ" downgraded to u
[romans 16:2] B: ru[5]="прилично" → gr[5]="ἀξίως" downgraded to u
[romans 16:4] B: ru[16]="из" → gr[19]="τῶν" downgraded to u
[romans 16:7] B: ru[14]="прежде" → gr[18]="πρὸ" downgraded to u
[romans 16:10] B: ru[6]="верных" → gr[2]="τὸν" downgraded to u
[romans 16:10] B: ru[8]="дома" → gr[7]="τοὺς" downgraded to u
[romans 16:11] B: ru[6]="домашних" → gr[6]="τοὺς" downgraded to u
[romans 16:14] B: ru[7]="других" → gr[7]="τοὺς" downgraded to u
[romans 16:16] B: ru[8]="все" → gr[7]="αἱ" downgraded to u
[romans 16:17] B: ru[8]="вопреки" → gr[11]="παρὰ" downgraded to u
[romans 16:19] B: ru[5]="посему" → gr[9]="οὖν" downgraded to u
[romans 16:22] B: ru[8]="сие" → gr[4]="ὁ" downgraded to u
[romans 16:24] B: ru[8]="Аминь." → gr[10]="Ἀμήν" downgraded to u
[titus 1:1] B: ru[14]="относящейся" → gr[14]="τῆς" downgraded to u
[titus 1:2] B: ru[10]="прежде" → gr[9]="πρὸ" downgraded to u
[titus 1:5] B: ru[0]="Для" → gr[0]="Τούτου" downgraded to u
[titus 1:5] B: ru[1]="того" → gr[1]="χάριν" downgraded to u
[titus 1:9] B: ru[3]="согласного" → gr[2]="κατὰ" downgraded to u
[titus 1:10] B: ru[8]="особенно" → gr[8]="μάλιστα" downgraded to u
[titus 1:12] B: ru[8]="всегда" → gr[8]="ἀεὶ" downgraded to u
[titus 1:13] A2: +added ru[7]="их" ↔ gr[9]="αὐτοὺς"
[titus 1:13] B: ru[8]="строго," → gr[10]="ἀποτόμως" downgraded to u
[titus 1:14] B: ru[8]="от" → gr[8]="τὴν" downgraded to u
[titus 1:15] B: ru[0]="Для" → gr[2]="τοῖς" downgraded to u
[titus 1:15] B: ru[5]="для" → gr[4]="τοῖς" downgraded to u
[titus 2:1] B: ru[4]="что" → gr[3]="ἃ" downgraded to u
[titus 2:1] B: ru[6]="с" → gr[5]="τῇ" downgraded to u
[titus 2:2] B: ru[7]="в" → gr[6]="τῇ" downgraded to u
[titus 2:2] B: ru[9]="в" → gr[8]="τῇ" downgraded to u
[titus 2:2] B: ru[11]="в" → gr[10]="τῇ" downgraded to u
[titus 2:3] B: ru[2]="также" → gr[1]="ὡσαύτως" downgraded to u
[titus 2:6] B: ru[1]="также" → gr[2]="ὡσαύτως" downgraded to u
[titus 2:7] B: ru[8]="в" → gr[8]="τῇ" downgraded to u
[titus 2:12] B: ru[9]="целомудренно," → gr[10]="σωφρόνως" downgraded to u
[titus 2:12] B: ru[10]="праведно" → gr[12]="δικαίως" downgraded to u
[titus 2:12] B: ru[12]="благочестиво" → gr[14]="εὐσεβῶς" downgraded to u
[titus 2:12] B: ru[15]="нынешнем" → gr[18]="νῦν" downgraded to u
[titus 3:3] B: ru[4]="некогда" → gr[2]="ποτε" downgraded to u
[titus 3:6] B: ru[4]="обильно" → gr[4]="πλουσίως" downgraded to u
[titus 3:8] B: ru[1]="это" → gr[1]="ὁ" downgraded to u
[titus 3:8] B: ru[11]="дабы" → gr[14]="οἱ" downgraded to u
[titus 3:8] B: ru[13]="в" → gr[22]="τοῖς" downgraded to u
[titus 3:10] B: ru[1]="после" → gr[2]="μετὰ" downgraded to u
[titus 3:12] B: ru[16]="там" → gr[13]="ἐκεῖ" downgraded to u
[titus 3:13] B: ru[4]="позаботься" → gr[5]="σπουδαίως" downgraded to u
[titus 3:13] B: ru[10]="ни" → gr[8]="μηδὲν" downgraded to u
[titus 3:15] B: ru[3]="находящиеся" → gr[2]="οἱ" downgraded to u